Datetime,Satellite,Mean (mg m-3),Min (mg m-3),Max (mg m-3),Pixel Coverage (%),URL
2016-05-04T09:31:00.000+00:00,S3A,3.52345,2.18009,11.58448,70,https://eawagrs.s3.eu-central-1.amazonaws.com/alplakes/cropped/sentinel3/geneva/OC3_chla_S3A_20160504T093142_sui_geneva.tif
2016-05-06T10:20:00.000+00:00,S3A,2.8892,1.95103,14.72065,84,https://eawagrs.s3.eu-central-1.amazonaws.com/alplakes/cropped/sentinel3/geneva/OC3_chla_S3A_20160506T102019_sui_geneva.tif
2016-04-28T10:27:00.000+00:00,S3A,5.32535,2.2302,10.51503,4,https://eawagrs.s3.eu-central-1.amazonaws.com/alplakes/cropped/sentinel3/geneva/OC3_chla_S3A_20160428T102748_sui_geneva.tif
2016-05-03T09:57:00.000+00:00,S3A,3.47746,2.21855,5.29571,2,https://eawagrs.s3.eu-central-1.amazonaws.com/alplakes/cropped/sentinel3/geneva/OC3_chla_S3A_20160503T095753_sui_geneva.tif
2016-05-02T10:24:00.000+00:00,S3A,3.4257,2.31166,11.51469,11,https://eawagrs.s3.eu-central-1.amazonaws.com/alplakes/cropped/sentinel3/geneva/OC3_chla_S3A_20160502T102404_sui_geneva.tif
2016-05-07T09:54:00.000+00:00,S3A,3.03688,2.18084,9.93208,4,https://eawagrs.s3.eu-central-1.amazonaws.com/alplakes/cropped/sentinel3/geneva/OC3_chla_S3A_20160507T095408_sui_geneva.tif
2016-05-16T09:20:00.000+00:00,S3A,7.34387,3.63413,10.47584,68,https://eawagrs.s3.eu-central-1.amazonaws.com/alplakes/cropped/sentinel3/geneva/OC3_chla_S3A_20160516T092029_sui_geneva.tif
2016-05-15T09:46:00.000+00:00,S3A,6.02115,2.48512,11.00626,60,https://eawagrs.s3.eu-central-1.amazonaws.com/alplakes/cropped/sentinel3/geneva/OC3_chla_S3A_20160515T094640_sui_geneva.tif
2016-05-19T09:42:00.000+00:00,S3A,7.18426,7.18426,7.18426,1,https://eawagrs.s3.eu-central-1.amazonaws.com/alplakes/cropped/sentinel3/geneva/OC3_chla_S3A_20160519T094255_sui_geneva.tif
2016-05-27T09:35:00.000+00:00,S3A,3.27147,3.27147,3.27147,1,https://eawagrs.s3.eu-central-1.amazonaws.com/alplakes/cropped/sentinel3/geneva/OC3_chla_S3A_20160527T093526_sui_geneva.tif
2016-06-06T10:16:00.000+00:00,S3A,3.22624,2.23991,9.48149,60,https://eawagrs.s3.eu-central-1.amazonaws.com/alplakes/cropped/sentinel3/geneva/OC3_chla_S3A_20160606T101635_sui_geneva.tif
2016-06-07T09:50:00.000+00:00,S3A,3.29617,2.25179,8.85113,69,https://eawagrs.s3.eu-central-1.amazonaws.com/alplakes/cropped/sentinel3/geneva/OC3_chla_S3A_20160607T095024_sui_geneva.tif
2016-06-10T10:12:00.000+00:00,S3A,3.15386,2.31962,9.46125,88,https://eawagrs.s3.eu-central-1.amazonaws.com/alplakes/cropped/sentinel3/geneva/OC3_chla_S3A_20160610T101251_sui_geneva.tif
2016-06-14T10:09:00.000+00:00,S3A,5.32926,3.22319,9.7851,2,https://eawagrs.s3.eu-central-1.amazonaws.com/alplakes/cropped/sentinel3/geneva/OC3_chla_S3A_20160614T100906_sui_geneva.tif
2016-06-15T09:42:00.000+00:00,S3A,3.08533,2.12164,9.43931,53,https://eawagrs.s3.eu-central-1.amazonaws.com/alplakes/cropped/sentinel3/geneva/OC3_chla_S3A_20160615T094255_sui_geneva.tif
2016-06-18T10:05:00.000+00:00,S3A,3.09226,2.05689,8.62006,15,https://eawagrs.s3.eu-central-1.amazonaws.com/alplakes/cropped/sentinel3/geneva/OC3_chla_S3A_20160618T100522_sui_geneva.tif
2016-06-19T09:39:00.000+00:00,S3A,3.19659,2.04448,8.13606,25,https://eawagrs.s3.eu-central-1.amazonaws.com/alplakes/cropped/sentinel3/geneva/OC3_chla_S3A_20160619T093911_sui_geneva.tif
2016-06-22T10:01:00.000+00:00,S3A,3.00672,2.1123,10.06774,86,https://eawagrs.s3.eu-central-1.amazonaws.com/alplakes/cropped/sentinel3/geneva/OC3_chla_S3A_20160622T100137_sui_geneva.tif
2016-06-23T09:35:00.000+00:00,S3A,3.22163,2.22651,9.15859,75,https://eawagrs.s3.eu-central-1.amazonaws.com/alplakes/cropped/sentinel3/geneva/OC3_chla_S3A_20160623T093526_sui_geneva.tif
2016-06-27T09:31:00.000+00:00,S3A,2.52544,2.00495,7.69104,61,https://eawagrs.s3.eu-central-1.amazonaws.com/alplakes/cropped/sentinel3/geneva/OC3_chla_S3A_20160627T093142_sui_geneva.tif
2016-06-29T10:20:00.000+00:00,S3A,2.18417,1.91847,6.02812,5,https://eawagrs.s3.eu-central-1.amazonaws.com/alplakes/cropped/sentinel3/geneva/OC3_chla_S3A_20160629T102019_sui_geneva.tif
2016-06-26T09:57:00.000+00:00,S3A,2.51623,1.93326,9.09567,66,https://eawagrs.s3.eu-central-1.amazonaws.com/alplakes/cropped/sentinel3/geneva/OC3_chla_S3A_20160626T095753_sui_geneva.tif
2016-07-01T09:27:00.000+00:00,S3A,2.19906,1.85574,2.41523,5,https://eawagrs.s3.eu-central-1.amazonaws.com/alplakes/cropped/sentinel3/geneva/OC3_chla_S3A_20160701T092758_sui_geneva.tif
2016-07-03T10:16:00.000+00:00,S3A,2.68926,1.01159,10.64023,44,https://eawagrs.s3.eu-central-1.amazonaws.com/alplakes/cropped/sentinel3/geneva/OC3_chla_S3A_20160703T101635_sui_geneva.tif
2016-07-04T09:50:00.000+00:00,S3A,2.48694,1.56804,12.10239,85,https://eawagrs.s3.eu-central-1.amazonaws.com/alplakes/cropped/sentinel3/geneva/OC3_chla_S3A_20160704T095024_sui_geneva.tif
2016-07-07T10:12:00.000+00:00,S3A,2.49492,1.88072,10.41881,68,https://eawagrs.s3.eu-central-1.amazonaws.com/alplakes/cropped/sentinel3/geneva/OC3_chla_S3A_20160707T101251_sui_geneva.tif
2016-07-09T09:20:00.000+00:00,S3A,2.40906,2.04168,4.33992,5,https://eawagrs.s3.eu-central-1.amazonaws.com/alplakes/cropped/sentinel3/geneva/OC3_chla_S3A_20160709T092029_sui_geneva.tif
2016-07-15T10:05:00.000+00:00,S3A,2.40966,1.44768,9.97171,58,https://eawagrs.s3.eu-central-1.amazonaws.com/alplakes/cropped/sentinel3/geneva/OC3_chla_S3A_20160715T100522_sui_geneva.tif
2016-07-16T09:39:00.000+00:00,S3A,2.67118,2.10547,8.85593,79,https://eawagrs.s3.eu-central-1.amazonaws.com/alplakes/cropped/sentinel3/geneva/OC3_chla_S3A_20160716T093911_sui_geneva.tif
2016-07-18T10:27:00.000+00:00,S3A,3.05319,2.4279,8.77425,6,https://eawagrs.s3.eu-central-1.amazonaws.com/alplakes/cropped/sentinel3/geneva/OC3_chla_S3A_20160718T102748_sui_geneva.tif
2016-07-19T10:01:00.000+00:00,S3A,2.80271,2.19339,10.21784,86,https://eawagrs.s3.eu-central-1.amazonaws.com/alplakes/cropped/sentinel3/geneva/OC3_chla_S3A_20160719T100137_sui_geneva.tif
2016-07-20T09:35:00.000+00:00,S3A,2.78885,2.20217,8.73944,76,https://eawagrs.s3.eu-central-1.amazonaws.com/alplakes/cropped/sentinel3/geneva/OC3_chla_S3A_20160720T093526_sui_geneva.tif
2016-07-23T09:57:00.000+00:00,S3A,2.82767,2.45696,3.57505,6,https://eawagrs.s3.eu-central-1.amazonaws.com/alplakes/cropped/sentinel3/geneva/OC3_chla_S3A_20160723T095753_sui_geneva.tif
2016-07-24T09:31:00.000+00:00,S3A,2.83038,2.44467,3.74482,19,https://eawagrs.s3.eu-central-1.amazonaws.com/alplakes/cropped/sentinel3/geneva/OC3_chla_S3A_20160724T093142_sui_geneva.tif
2016-07-26T10:20:00.000+00:00,S3A,2.58531,2.19208,3.25847,25,https://eawagrs.s3.eu-central-1.amazonaws.com/alplakes/cropped/sentinel3/geneva/OC3_chla_S3A_20160726T102019_sui_geneva.tif
2016-07-27T09:54:00.000+00:00,S3A,2.6496,2.2016,7.4383,47,https://eawagrs.s3.eu-central-1.amazonaws.com/alplakes/cropped/sentinel3/geneva/OC3_chla_S3A_20160727T095409_sui_geneva.tif
2016-07-30T10:16:00.000+00:00,S3A,2.49679,2.28648,2.79423,3,https://eawagrs.s3.eu-central-1.amazonaws.com/alplakes/cropped/sentinel3/geneva/OC3_chla_S3A_20160730T101635_sui_geneva.tif
2016-07-31T09:50:00.000+00:00,S3A,2.81171,2.60053,2.90246,1,https://eawagrs.s3.eu-central-1.amazonaws.com/alplakes/cropped/sentinel3/geneva/OC3_chla_S3A_20160731T095024_sui_geneva.tif
2016-07-28T09:27:00.000+00:00,S3A,2.76832,2.37312,3.6105,15,https://eawagrs.s3.eu-central-1.amazonaws.com/alplakes/cropped/sentinel3/geneva/OC3_chla_S3A_20160728T092758_sui_geneva.tif
2016-08-01T09:24:00.000+00:00,S3A,2.95948,2.42749,8.38007,37,https://eawagrs.s3.eu-central-1.amazonaws.com/alplakes/cropped/sentinel3/geneva/OC3_chla_S3A_20160801T092413_sui_geneva.tif
2016-08-04T09:46:00.000+00:00,S3A,0.88632,0.02044,1.17805,30,https://eawagrs.s3.eu-central-1.amazonaws.com/alplakes/cropped/sentinel3/geneva/OC3_chla_S3A_20160804T094640_sui_geneva.tif
2016-08-05T09:20:00.000+00:00,S3A,3.68954,2.85914,5.38377,4,https://eawagrs.s3.eu-central-1.amazonaws.com/alplakes/cropped/sentinel3/geneva/OC3_chla_S3A_20160805T092029_sui_geneva.tif
2016-08-03T10:12:00.000+00:00,S3A,3.15479,2.40736,9.56725,87,https://eawagrs.s3.eu-central-1.amazonaws.com/alplakes/cropped/sentinel3/geneva/OC3_chla_S3A_20160803T101251_sui_geneva.tif
2016-08-07T10:09:00.000+00:00,S3A,3.55691,2.544,9.77104,87,https://eawagrs.s3.eu-central-1.amazonaws.com/alplakes/cropped/sentinel3/geneva/OC3_chla_S3A_20160807T100906_sui_geneva.tif
2016-08-08T09:42:00.000+00:00,S3A,3.24515,2.25502,8.44837,71,https://eawagrs.s3.eu-central-1.amazonaws.com/alplakes/cropped/sentinel3/geneva/OC3_chla_S3A_20160808T094255_sui_geneva.tif
2016-08-11T10:05:00.000+00:00,S3A,3.06077,2.26449,9.10341,78,https://eawagrs.s3.eu-central-1.amazonaws.com/alplakes/cropped/sentinel3/geneva/OC3_chla_S3A_20160811T100522_sui_geneva.tif
2016-08-12T09:39:00.000+00:00,S3A,3.26232,2.43581,10.15966,82,https://eawagrs.s3.eu-central-1.amazonaws.com/alplakes/cropped/sentinel3/geneva/OC3_chla_S3A_20160812T093911_sui_geneva.tif
2016-08-14T10:27:00.000+00:00,S3A,3.16793,2.50311,7.00234,1,https://eawagrs.s3.eu-central-1.amazonaws.com/alplakes/cropped/sentinel3/geneva/OC3_chla_S3A_20160814T102748_sui_geneva.tif
2016-08-15T10:01:00.000+00:00,S3A,3.01349,2.4901,9.17301,2,https://eawagrs.s3.eu-central-1.amazonaws.com/alplakes/cropped/sentinel3/geneva/OC3_chla_S3A_20160815T100137_sui_geneva.tif
2016-08-16T09:35:00.000+00:00,S3A,2.82215,2.41677,4.00711,56,https://eawagrs.s3.eu-central-1.amazonaws.com/alplakes/cropped/sentinel3/geneva/OC3_chla_S3A_20160816T093526_sui_geneva.tif
2016-08-22T10:20:00.000+00:00,S3A,2.93626,2.29824,9.19633,76,https://eawagrs.s3.eu-central-1.amazonaws.com/alplakes/cropped/sentinel3/geneva/OC3_chla_S3A_20160822T102019_sui_geneva.tif
2016-08-24T09:27:00.000+00:00,S3A,3.24533,2.37992,8.41357,70,https://eawagrs.s3.eu-central-1.amazonaws.com/alplakes/cropped/sentinel3/geneva/OC3_chla_S3A_20160824T092758_sui_geneva.tif
2016-08-23T09:54:00.000+00:00,S3A,2.99429,2.32281,9.51443,84,https://eawagrs.s3.eu-central-1.amazonaws.com/alplakes/cropped/sentinel3/geneva/OC3_chla_S3A_20160823T095409_sui_geneva.tif
2016-08-27T09:50:00.000+00:00,S3A,2.61615,2.17836,9.32669,64,https://eawagrs.s3.eu-central-1.amazonaws.com/alplakes/cropped/sentinel3/geneva/OC3_chla_S3A_20160827T095024_sui_geneva.tif
2016-08-26T10:16:00.000+00:00,S3A,2.76164,2.08373,10.21489,88,https://eawagrs.s3.eu-central-1.amazonaws.com/alplakes/cropped/sentinel3/geneva/OC3_chla_S3A_20160826T101635_sui_geneva.tif
2016-08-28T09:24:00.000+00:00,S3A,2.69677,2.36306,7.79392,10,https://eawagrs.s3.eu-central-1.amazonaws.com/alplakes/cropped/sentinel3/geneva/OC3_chla_S3A_20160828T092413_sui_geneva.tif
2016-08-30T10:12:00.000+00:00,S3A,2.42746,2.03282,8.95256,67,https://eawagrs.s3.eu-central-1.amazonaws.com/alplakes/cropped/sentinel3/geneva/OC3_chla_S3A_20160830T101251_sui_geneva.tif
2016-08-31T09:46:00.000+00:00,S3A,2.59584,2.22799,7.5095,17,https://eawagrs.s3.eu-central-1.amazonaws.com/alplakes/cropped/sentinel3/geneva/OC3_chla_S3A_20160831T094640_sui_geneva.tif
2016-09-01T09:20:00.000+00:00,S3A,2.61929,2.35903,2.94182,4,https://eawagrs.s3.eu-central-1.amazonaws.com/alplakes/cropped/sentinel3/geneva/OC3_chla_S3A_20160901T092029_sui_geneva.tif
2016-09-03T10:09:00.000+00:00,S3A,2.44439,2.01078,9.5088,68,https://eawagrs.s3.eu-central-1.amazonaws.com/alplakes/cropped/sentinel3/geneva/OC3_chla_S3A_20160903T100906_sui_geneva.tif
2016-09-07T10:05:00.000+00:00,S3A,2.33283,1.9079,9.04073,83,https://eawagrs.s3.eu-central-1.amazonaws.com/alplakes/cropped/sentinel3/geneva/OC3_chla_S3A_20160907T100522_sui_geneva.tif
2016-09-08T09:39:00.000+00:00,S3A,2.41095,2.02589,5.75134,56,https://eawagrs.s3.eu-central-1.amazonaws.com/alplakes/cropped/sentinel3/geneva/OC3_chla_S3A_20160908T093911_sui_geneva.tif
2016-09-11T10:01:00.000+00:00,S3A,2.53087,2.36011,2.84101,1,https://eawagrs.s3.eu-central-1.amazonaws.com/alplakes/cropped/sentinel3/geneva/OC3_chla_S3A_20160911T100137_sui_geneva.tif
2016-09-14T10:24:00.000+00:00,S3A,2.44493,2.10252,9.60782,47,https://eawagrs.s3.eu-central-1.amazonaws.com/alplakes/cropped/sentinel3/geneva/OC3_chla_S3A_20160914T102404_sui_geneva.tif
2016-09-19T09:54:00.000+00:00,S3A,2.44929,2.0902,7.78517,2,https://eawagrs.s3.eu-central-1.amazonaws.com/alplakes/cropped/sentinel3/geneva/OC3_chla_S3A_20160919T095409_sui_geneva.tif
2016-09-20T09:27:00.000+00:00,S3A,2.57219,2.33819,3.43153,2,https://eawagrs.s3.eu-central-1.amazonaws.com/alplakes/cropped/sentinel3/geneva/OC3_chla_S3A_20160920T092758_sui_geneva.tif
2016-09-22T10:16:00.000+00:00,S3A,2.61327,2.10749,9.16465,56,https://eawagrs.s3.eu-central-1.amazonaws.com/alplakes/cropped/sentinel3/geneva/OC3_chla_S3A_20160922T101635_sui_geneva.tif
2016-09-23T09:50:00.000+00:00,S3A,3.13067,2.4308,4.13619,2,https://eawagrs.s3.eu-central-1.amazonaws.com/alplakes/cropped/sentinel3/geneva/OC3_chla_S3A_20160923T095024_sui_geneva.tif
2016-09-24T09:24:00.000+00:00,S3A,3.53268,2.45886,8.02534,20,https://eawagrs.s3.eu-central-1.amazonaws.com/alplakes/cropped/sentinel3/geneva/OC3_chla_S3A_20160924T092413_sui_geneva.tif
2016-09-26T10:12:00.000+00:00,S3A,4.19297,2.61699,9.83186,30,https://eawagrs.s3.eu-central-1.amazonaws.com/alplakes/cropped/sentinel3/geneva/OC3_chla_S3A_20160926T101251_sui_geneva.tif
2016-09-27T09:46:00.000+00:00,S3A,5.67018,3.56786,8.22921,3,https://eawagrs.s3.eu-central-1.amazonaws.com/alplakes/cropped/sentinel3/geneva/OC3_chla_S3A_20160927T094640_sui_geneva.tif
2016-09-28T09:20:00.000+00:00,S3A,6.43443,3.43138,10.0134,27,https://eawagrs.s3.eu-central-1.amazonaws.com/alplakes/cropped/sentinel3/geneva/OC3_chla_S3A_20160928T092029_sui_geneva.tif
2016-09-30T10:09:00.000+00:00,S3A,5.95171,2.02663,11.11353,86,https://eawagrs.s3.eu-central-1.amazonaws.com/alplakes/cropped/sentinel3/geneva/OC3_chla_S3A_20160930T100906_sui_geneva.tif
2016-10-05T09:39:00.000+00:00,S3A,2.6571,2.19455,4.42944,1,https://eawagrs.s3.eu-central-1.amazonaws.com/alplakes/cropped/sentinel3/geneva/OC3_chla_S3A_20161005T093911_sui_geneva.tif
2016-10-04T10:05:00.000+00:00,S3A,2.45471,1.67273,10.892,63,https://eawagrs.s3.eu-central-1.amazonaws.com/alplakes/cropped/sentinel3/geneva/OC3_chla_S3A_20161004T100522_sui_geneva.tif
2016-10-09T09:35:00.000+00:00,S3A,2.15012,1.66486,2.67266,3,https://eawagrs.s3.eu-central-1.amazonaws.com/alplakes/cropped/sentinel3/geneva/OC3_chla_S3A_20161009T093527_sui_geneva.tif
2016-10-08T10:01:00.000+00:00,S3A,2.01052,1.33366,9.40423,33,https://eawagrs.s3.eu-central-1.amazonaws.com/alplakes/cropped/sentinel3/geneva/OC3_chla_S3A_20161008T100137_sui_geneva.tif
2016-10-11T10:24:00.000+00:00,S3A,2.3567,0.56657,11.43564,10,https://eawagrs.s3.eu-central-1.amazonaws.com/alplakes/cropped/sentinel3/geneva/OC3_chla_S3A_20161011T102404_sui_geneva.tif
2016-10-12T09:57:00.000+00:00,S3A,2.13346,1.28549,9.18351,20,https://eawagrs.s3.eu-central-1.amazonaws.com/alplakes/cropped/sentinel3/geneva/OC3_chla_S3A_20161012T095753_sui_geneva.tif
2016-10-16T09:54:00.000+00:00,S3A,2.30824,1.633,9.43323,30,https://eawagrs.s3.eu-central-1.amazonaws.com/alplakes/cropped/sentinel3/geneva/OC3_chla_S3A_20161016T095409_sui_geneva.tif
2016-10-15T10:20:00.000+00:00,S3A,2.1505,1.26598,8.82623,44,https://eawagrs.s3.eu-central-1.amazonaws.com/alplakes/cropped/sentinel3/geneva/OC3_chla_S3A_20161015T102020_sui_geneva.tif
2016-10-20T09:50:00.000+00:00,S3A,2.4274,1.4418,9.49304,59,https://eawagrs.s3.eu-central-1.amazonaws.com/alplakes/cropped/sentinel3/geneva/OC3_chla_S3A_20161020T095024_sui_geneva.tif
2016-10-27T10:09:00.000+00:00,S3A,2.43785,1.15686,10.39052,36,https://eawagrs.s3.eu-central-1.amazonaws.com/alplakes/cropped/sentinel3/geneva/OC3_chla_S3A_20161027T100906_sui_geneva.tif
2016-10-28T09:42:00.000+00:00,S3A,2.55927,1.38077,9.8897,23,https://eawagrs.s3.eu-central-1.amazonaws.com/alplakes/cropped/sentinel3/geneva/OC3_chla_S3A_20161028T094255_sui_geneva.tif
2016-11-01T09:39:00.000+00:00,S3A,3.92788,2.22925,8.74832,2,https://eawagrs.s3.eu-central-1.amazonaws.com/alplakes/cropped/sentinel3/geneva/OC3_chla_S3A_20161101T093911_sui_geneva.tif
2016-10-31T10:05:00.000+00:00,S3A,3.4603,2.19511,9.2942,1,https://eawagrs.s3.eu-central-1.amazonaws.com/alplakes/cropped/sentinel3/geneva/OC3_chla_S3A_20161031T100522_sui_geneva.tif
2016-11-03T10:27:00.000+00:00,S3A,2.62437,1.77306,6.48061,3,https://eawagrs.s3.eu-central-1.amazonaws.com/alplakes/cropped/sentinel3/geneva/OC3_chla_S3A_20161103T102748_sui_geneva.tif
2016-11-04T10:01:00.000+00:00,S3A,2.60688,1.50899,9.15885,7,https://eawagrs.s3.eu-central-1.amazonaws.com/alplakes/cropped/sentinel3/geneva/OC3_chla_S3A_20161104T100137_sui_geneva.tif
2016-11-07T10:24:00.000+00:00,S3A,2.3694,0.00054,10.87201,7,https://eawagrs.s3.eu-central-1.amazonaws.com/alplakes/cropped/sentinel3/geneva/OC3_chla_S3A_20161107T102404_sui_geneva.tif
2016-11-11T10:20:00.000+00:00,S3A,2.87494,0,17.61246,15,https://eawagrs.s3.eu-central-1.amazonaws.com/alplakes/cropped/sentinel3/geneva/OC3_chla_S3A_20161111T102020_sui_geneva.tif
2016-11-12T09:54:00.000+00:00,S3A,2.95805,0.91634,11.04014,10,https://eawagrs.s3.eu-central-1.amazonaws.com/alplakes/cropped/sentinel3/geneva/OC3_chla_S3A_20161112T095409_sui_geneva.tif
2016-11-15T10:16:00.000+00:00,S3A,3.30604,1.80207,10.55879,6,https://eawagrs.s3.eu-central-1.amazonaws.com/alplakes/cropped/sentinel3/geneva/OC3_chla_S3A_20161115T101635_sui_geneva.tif
2016-11-19T10:12:00.000+00:00,S3A,1.22043,0,11.16644,2,https://eawagrs.s3.eu-central-1.amazonaws.com/alplakes/cropped/sentinel3/geneva/OC3_chla_S3A_20161119T101251_sui_geneva.tif
2016-11-20T09:46:00.000+00:00,S3A,3.99532,1.69394,11.97855,28,https://eawagrs.s3.eu-central-1.amazonaws.com/alplakes/cropped/sentinel3/geneva/OC3_chla_S3A_20161120T094640_sui_geneva.tif
2016-11-23T10:09:00.000+00:00,S3A,8.41609,8.41609,8.41609,1,https://eawagrs.s3.eu-central-1.amazonaws.com/alplakes/cropped/sentinel3/geneva/OC3_chla_S3A_20161123T100906_sui_geneva.tif
2016-11-30T10:27:00.000+00:00,S3A,4.12909,2.49765,8.50665,1,https://eawagrs.s3.eu-central-1.amazonaws.com/alplakes/cropped/sentinel3/geneva/OC3_chla_S3A_20161130T102748_sui_geneva.tif
2016-11-28T09:39:00.000+00:00,S3A,4.51371,0.06986,10.8465,8,https://eawagrs.s3.eu-central-1.amazonaws.com/alplakes/cropped/sentinel3/geneva/OC3_chla_S3A_20161128T093911_sui_geneva.tif
2016-11-27T10:05:00.000+00:00,S3A,3.47032,1.30401,9.86482,2,https://eawagrs.s3.eu-central-1.amazonaws.com/alplakes/cropped/sentinel3/geneva/OC3_chla_S3A_20161127T100522_sui_geneva.tif
2016-12-02T09:35:00.000+00:00,S3A,5.76754,2.13765,11.90896,9,https://eawagrs.s3.eu-central-1.amazonaws.com/alplakes/cropped/sentinel3/geneva/OC3_chla_S3A_20161202T093527_sui_geneva.tif
2016-12-01T10:01:00.000+00:00,S3A,2.99413,0,10.95991,10,https://eawagrs.s3.eu-central-1.amazonaws.com/alplakes/cropped/sentinel3/geneva/OC3_chla_S3A_20161201T100138_sui_geneva.tif
2016-12-04T10:24:00.000+00:00,S3A,5.40242,2.2637,10.63357,1,https://eawagrs.s3.eu-central-1.amazonaws.com/alplakes/cropped/sentinel3/geneva/OC3_chla_S3A_20161204T102404_sui_geneva.tif
2016-12-05T09:57:00.000+00:00,S3A,6.19314,2.15741,11.17881,1,https://eawagrs.s3.eu-central-1.amazonaws.com/alplakes/cropped/sentinel3/geneva/OC3_chla_S3A_20161205T095753_sui_geneva.tif
2016-12-06T09:31:00.000+00:00,S3A,8.78872,3.79474,14.26349,3,https://eawagrs.s3.eu-central-1.amazonaws.com/alplakes/cropped/sentinel3/geneva/OC3_chla_S3A_20161206T093142_sui_geneva.tif
2016-12-08T10:20:00.000+00:00,S3A,5.35189,2.18461,10.55946,2,https://eawagrs.s3.eu-central-1.amazonaws.com/alplakes/cropped/sentinel3/geneva/OC3_chla_S3A_20161208T102020_sui_geneva.tif
2016-12-09T09:54:00.000+00:00,S3A,6.17377,1.93009,9.47143,1,https://eawagrs.s3.eu-central-1.amazonaws.com/alplakes/cropped/sentinel3/geneva/OC3_chla_S3A_20161209T095409_sui_geneva.tif
2016-12-13T09:50:00.000+00:00,S3A,7.6697,2.68503,14.12203,2,https://eawagrs.s3.eu-central-1.amazonaws.com/alplakes/cropped/sentinel3/geneva/OC3_chla_S3A_20161213T095024_sui_geneva.tif
2016-12-12T10:16:00.000+00:00,S3A,3.05474,0,57.22395,6,https://eawagrs.s3.eu-central-1.amazonaws.com/alplakes/cropped/sentinel3/geneva/OC3_chla_S3A_20161212T101635_sui_geneva.tif
2016-12-16T10:12:00.000+00:00,S3A,8.77126,4.25807,11.44953,1,https://eawagrs.s3.eu-central-1.amazonaws.com/alplakes/cropped/sentinel3/geneva/OC3_chla_S3A_20161216T101251_sui_geneva.tif
2016-12-14T09:24:00.000+00:00,S3A,12.31255,8.63384,14.68656,1,https://eawagrs.s3.eu-central-1.amazonaws.com/alplakes/cropped/sentinel3/geneva/OC3_chla_S3A_20161214T092413_sui_geneva.tif
2016-12-17T09:46:00.000+00:00,S3A,9.4863,3.71154,12.92917,3,https://eawagrs.s3.eu-central-1.amazonaws.com/alplakes/cropped/sentinel3/geneva/OC3_chla_S3A_20161217T094640_sui_geneva.tif
2016-12-18T09:20:00.000+00:00,S3A,12.71226,9.18875,16.31544,1,https://eawagrs.s3.eu-central-1.amazonaws.com/alplakes/cropped/sentinel3/geneva/OC3_chla_S3A_20161218T092029_sui_geneva.tif
2016-12-24T10:05:00.000+00:00,S3A,6.0948,1.87135,19.97889,4,https://eawagrs.s3.eu-central-1.amazonaws.com/alplakes/cropped/sentinel3/geneva/OC3_chla_S3A_20161224T100522_sui_geneva.tif
2016-12-25T09:39:00.000+00:00,S3A,8.38727,7.02882,9.59619,1,https://eawagrs.s3.eu-central-1.amazonaws.com/alplakes/cropped/sentinel3/geneva/OC3_chla_S3A_20161225T093911_sui_geneva.tif
2016-12-27T10:27:00.000+00:00,S3A,4.15801,0.56245,10.51947,3,https://eawagrs.s3.eu-central-1.amazonaws.com/alplakes/cropped/sentinel3/geneva/OC3_chla_S3A_20161227T102748_sui_geneva.tif
2016-12-28T10:01:00.000+00:00,S3A,5.65211,1.73837,17.80119,20,https://eawagrs.s3.eu-central-1.amazonaws.com/alplakes/cropped/sentinel3/geneva/OC3_chla_S3A_20161228T100138_sui_geneva.tif
2016-12-29T09:35:00.000+00:00,S3A,9.25554,2.49166,18.217,19,https://eawagrs.s3.eu-central-1.amazonaws.com/alplakes/cropped/sentinel3/geneva/OC3_chla_S3A_20161229T093527_sui_geneva.tif
2016-12-31T10:24:00.000+00:00,S3A,5.28548,2.21383,12.25236,1,https://eawagrs.s3.eu-central-1.amazonaws.com/alplakes/cropped/sentinel3/geneva/OC3_chla_S3A_20161231T102404_sui_geneva.tif
2017-01-01T09:57:00.000+00:00,S3A,6.50633,2.27478,10.84054,1,https://eawagrs.s3.eu-central-1.amazonaws.com/alplakes/cropped/sentinel3/geneva/OC3_chla_S3A_20170101T095752_sui_geneva.tif
2017-01-02T09:31:00.000+00:00,S3A,7.79623,2.21231,11.67397,1,https://eawagrs.s3.eu-central-1.amazonaws.com/alplakes/cropped/sentinel3/geneva/OC3_chla_S3A_20170102T093141_sui_geneva.tif
2017-01-05T09:54:00.000+00:00,S3A,6.16615,0,55.38865,13,https://eawagrs.s3.eu-central-1.amazonaws.com/alplakes/cropped/sentinel3/geneva/OC3_chla_S3A_20170105T095410_sui_geneva.tif
2017-01-05T09:54:00.000+00:00,S3A,5.54086,0.47962,42.24304,1,https://eawagrs.s3.eu-central-1.amazonaws.com/alplakes/cropped/sentinel3/geneva/OC3_chla_S3A_20170105T095407_sui_geneva.tif
2017-01-06T09:27:00.000+00:00,S3A,9.03264,7.83563,10.22965,1,https://eawagrs.s3.eu-central-1.amazonaws.com/alplakes/cropped/sentinel3/geneva/OC3_chla_S3A_20170106T092756_sui_geneva.tif
2017-01-06T09:27:00.000+00:00,S3A,9.31137,1.93236,22.5735,10,https://eawagrs.s3.eu-central-1.amazonaws.com/alplakes/cropped/sentinel3/geneva/OC3_chla_S3A_20170106T092759_sui_geneva.tif
2017-01-08T10:16:00.000+00:00,S3A,19.83059,8.44264,31.21854,1,https://eawagrs.s3.eu-central-1.amazonaws.com/alplakes/cropped/sentinel3/geneva/OC3_chla_S3A_20170108T101634_sui_geneva.tif
2017-01-08T10:16:00.000+00:00,S3A,7.97584,0.8829,15.2613,1,https://eawagrs.s3.eu-central-1.amazonaws.com/alplakes/cropped/sentinel3/geneva/OC3_chla_S3A_20170108T101637_sui_geneva.tif
2017-01-09T09:50:00.000+00:00,S3A,7.28182,6.88886,8.06775,1,https://eawagrs.s3.eu-central-1.amazonaws.com/alplakes/cropped/sentinel3/geneva/OC3_chla_S3A_20170109T095026_sui_geneva.tif
2017-01-13T09:46:00.000+00:00,S3A,1.29452,1.29452,1.29452,1,https://eawagrs.s3.eu-central-1.amazonaws.com/alplakes/cropped/sentinel3/geneva/OC3_chla_S3A_20170113T094638_sui_geneva.tif
2017-01-13T09:46:00.000+00:00,S3A,6.25428,0,18.8116,1,https://eawagrs.s3.eu-central-1.amazonaws.com/alplakes/cropped/sentinel3/geneva/OC3_chla_S3A_20170113T094641_sui_geneva.tif
2017-01-16T10:09:00.000+00:00,S3A,5.29533,1.09215,11.99143,1,https://eawagrs.s3.eu-central-1.amazonaws.com/alplakes/cropped/sentinel3/geneva/OC3_chla_S3A_20170116T100905_sui_geneva.tif
2017-01-16T10:09:00.000+00:00,S3A,3.096,0.83138,19.27566,21,https://eawagrs.s3.eu-central-1.amazonaws.com/alplakes/cropped/sentinel3/geneva/OC3_chla_S3A_20170116T100908_sui_geneva.tif
2017-01-17T09:42:00.000+00:00,S3A,5.27489,2.00957,12.44198,2,https://eawagrs.s3.eu-central-1.amazonaws.com/alplakes/cropped/sentinel3/geneva/OC3_chla_S3A_20170117T094254_sui_geneva.tif
2017-01-17T09:42:00.000+00:00,S3A,5.21265,1.52777,20.28756,40,https://eawagrs.s3.eu-central-1.amazonaws.com/alplakes/cropped/sentinel3/geneva/OC3_chla_S3A_20170117T094257_sui_geneva.tif
2017-01-20T10:05:00.000+00:00,S3A,6.60716,4.60449,8.90101,1,https://eawagrs.s3.eu-central-1.amazonaws.com/alplakes/cropped/sentinel3/geneva/OC3_chla_S3A_20170120T100520_sui_geneva.tif
2017-01-20T10:05:00.000+00:00,S3A,4.86763,1.71414,10.1756,1,https://eawagrs.s3.eu-central-1.amazonaws.com/alplakes/cropped/sentinel3/geneva/OC3_chla_S3A_20170120T100524_sui_geneva.tif
2017-01-21T09:39:00.000+00:00,S3A,6.62246,2.96638,9.8606,1,https://eawagrs.s3.eu-central-1.amazonaws.com/alplakes/cropped/sentinel3/geneva/OC3_chla_S3A_20170121T093910_sui_geneva.tif
2017-01-21T09:39:00.000+00:00,S3A,4.10797,1.84851,11.33409,2,https://eawagrs.s3.eu-central-1.amazonaws.com/alplakes/cropped/sentinel3/geneva/OC3_chla_S3A_20170121T093913_sui_geneva.tif
2017-01-24T10:01:00.000+00:00,S3A,1.088,0,4.75657,2,https://eawagrs.s3.eu-central-1.amazonaws.com/alplakes/cropped/sentinel3/geneva/OC3_chla_S3A_20170124T100139_sui_geneva.tif
2017-01-28T09:57:00.000+00:00,S3A,7.93978,2.30348,28.19,1,https://eawagrs.s3.eu-central-1.amazonaws.com/alplakes/cropped/sentinel3/geneva/OC3_chla_S3A_20170128T095755_sui_geneva.tif
2017-01-29T09:31:00.000+00:00,S3A,4.23065,2.96372,5.65134,1,https://eawagrs.s3.eu-central-1.amazonaws.com/alplakes/cropped/sentinel3/geneva/OC3_chla_S3A_20170129T093144_sui_geneva.tif
2017-02-01T09:54:00.000+00:00,S3A,5.66719,2.25439,10.05074,1,https://eawagrs.s3.eu-central-1.amazonaws.com/alplakes/cropped/sentinel3/geneva/OC3_chla_S3A_20170201T095407_sui_geneva.tif
2017-02-01T09:54:00.000+00:00,S3A,3.5912,1.23087,10.5359,3,https://eawagrs.s3.eu-central-1.amazonaws.com/alplakes/cropped/sentinel3/geneva/OC3_chla_S3A_20170201T095410_sui_geneva.tif
2017-02-04T10:16:00.000+00:00,S3A,1.9073,0.00002,11.93699,5,https://eawagrs.s3.eu-central-1.amazonaws.com/alplakes/cropped/sentinel3/geneva/OC3_chla_S3A_20170204T101637_sui_geneva.tif
2017-02-04T10:16:00.000+00:00,S3A,4.52345,0.96452,9.61599,1,https://eawagrs.s3.eu-central-1.amazonaws.com/alplakes/cropped/sentinel3/geneva/OC3_chla_S3A_20170204T101634_sui_geneva.tif
2017-02-13T09:42:00.000+00:00,S3A,1.99361,1.56966,2.33127,1,https://eawagrs.s3.eu-central-1.amazonaws.com/alplakes/cropped/sentinel3/geneva/OC3_chla_S3A_20170213T094257_sui_geneva.tif
2017-02-16T10:05:00.000+00:00,S3A,4.56613,1.49569,11.46708,2,https://eawagrs.s3.eu-central-1.amazonaws.com/alplakes/cropped/sentinel3/geneva/OC3_chla_S3A_20170216T100521_sui_geneva.tif
2017-02-16T10:05:00.000+00:00,S3A,2.10361,0.0736,12.247,23,https://eawagrs.s3.eu-central-1.amazonaws.com/alplakes/cropped/sentinel3/geneva/OC3_chla_S3A_20170216T100524_sui_geneva.tif
2017-02-19T10:27:00.000+00:00,S3A,3.91354,2.46025,5.99915,1,https://eawagrs.s3.eu-central-1.amazonaws.com/alplakes/cropped/sentinel3/geneva/OC3_chla_S3A_20170219T102747_sui_geneva.tif
2017-02-19T10:27:00.000+00:00,S3A,2.54921,1.48751,6.82082,3,https://eawagrs.s3.eu-central-1.amazonaws.com/alplakes/cropped/sentinel3/geneva/OC3_chla_S3A_20170219T102750_sui_geneva.tif
2017-02-20T10:01:00.000+00:00,S3A,1.90677,0.08061,14.79286,38,https://eawagrs.s3.eu-central-1.amazonaws.com/alplakes/cropped/sentinel3/geneva/OC3_chla_S3A_20170220T100139_sui_geneva.tif
2017-02-20T10:01:00.000+00:00,S3A,3.52829,0.99816,14.0192,3,https://eawagrs.s3.eu-central-1.amazonaws.com/alplakes/cropped/sentinel3/geneva/OC3_chla_S3A_20170220T100136_sui_geneva.tif
2017-02-23T10:24:00.000+00:00,S3A,4.05729,1.27102,12.2046,3,https://eawagrs.s3.eu-central-1.amazonaws.com/alplakes/cropped/sentinel3/geneva/OC3_chla_S3A_20170223T102403_sui_geneva.tif
2017-02-23T10:24:00.000+00:00,S3A,2.42261,0.48519,68.1452,55,https://eawagrs.s3.eu-central-1.amazonaws.com/alplakes/cropped/sentinel3/geneva/OC3_chla_S3A_20170223T102406_sui_geneva.tif
2017-02-24T09:57:00.000+00:00,S3A,1.70294,0,6.75227,10,https://eawagrs.s3.eu-central-1.amazonaws.com/alplakes/cropped/sentinel3/geneva/OC3_chla_S3A_20170224T095755_sui_geneva.tif
2017-02-24T09:57:00.000+00:00,S3A,1.56577,0.00439,3.43901,1,https://eawagrs.s3.eu-central-1.amazonaws.com/alplakes/cropped/sentinel3/geneva/OC3_chla_S3A_20170224T095752_sui_geneva.tif
2017-02-25T09:31:00.000+00:00,S3A,2.27465,0.85165,10.31379,7,https://eawagrs.s3.eu-central-1.amazonaws.com/alplakes/cropped/sentinel3/geneva/OC3_chla_S3A_20170225T093141_sui_geneva.tif
2017-02-25T09:31:00.000+00:00,S3A,2.37296,0.49066,10.8311,43,https://eawagrs.s3.eu-central-1.amazonaws.com/alplakes/cropped/sentinel3/geneva/OC3_chla_S3A_20170225T093144_sui_geneva.tif
2017-02-27T10:20:00.000+00:00,S3A,4.66708,1.95095,15.08005,3,https://eawagrs.s3.eu-central-1.amazonaws.com/alplakes/cropped/sentinel3/geneva/OC3_chla_S3A_20170227T102018_sui_geneva.tif
2017-02-27T10:20:00.000+00:00,S3A,2.45864,0.54081,15.33357,59,https://eawagrs.s3.eu-central-1.amazonaws.com/alplakes/cropped/sentinel3/geneva/OC3_chla_S3A_20170227T102021_sui_geneva.tif
2017-03-01T09:27:00.000+00:00,S3A,1.32235,0.36317,2.32961,1,https://eawagrs.s3.eu-central-1.amazonaws.com/alplakes/cropped/sentinel3/geneva/OC3_chla_S3A_20170301T092759_sui_geneva.tif
2017-03-04T09:50:00.000+00:00,S3A,2.91698,1.70503,4.80519,1,https://eawagrs.s3.eu-central-1.amazonaws.com/alplakes/cropped/sentinel3/geneva/OC3_chla_S3A_20170304T095023_sui_geneva.tif
2017-03-03T10:16:00.000+00:00,S3A,3.00859,0.93869,10.21732,2,https://eawagrs.s3.eu-central-1.amazonaws.com/alplakes/cropped/sentinel3/geneva/OC3_chla_S3A_20170303T101634_sui_geneva.tif
2017-03-03T10:16:00.000+00:00,S3A,2.36343,0.66478,10.63127,3,https://eawagrs.s3.eu-central-1.amazonaws.com/alplakes/cropped/sentinel3/geneva/OC3_chla_S3A_20170303T101637_sui_geneva.tif
2017-03-05T09:24:00.000+00:00,S3A,2.43189,0.9725,9.01398,3,https://eawagrs.s3.eu-central-1.amazonaws.com/alplakes/cropped/sentinel3/geneva/OC3_chla_S3A_20170305T092412_sui_geneva.tif
2017-03-04T09:50:00.000+00:00,S3A,2.69596,1.73086,5.80696,2,https://eawagrs.s3.eu-central-1.amazonaws.com/alplakes/cropped/sentinel3/geneva/OC3_chla_S3A_20170304T095026_sui_geneva.tif
2017-03-05T09:24:00.000+00:00,S3A,2.5141,1.18372,9.73874,32,https://eawagrs.s3.eu-central-1.amazonaws.com/alplakes/cropped/sentinel3/geneva/OC3_chla_S3A_20170305T092415_sui_geneva.tif
2017-03-07T10:12:00.000+00:00,S3A,1.04894,0.00001,1.97544,1,https://eawagrs.s3.eu-central-1.amazonaws.com/alplakes/cropped/sentinel3/geneva/OC3_chla_S3A_20170307T101252_sui_geneva.tif
2017-03-11T10:09:00.000+00:00,S3A,3.45727,1.50082,10.6706,2,https://eawagrs.s3.eu-central-1.amazonaws.com/alplakes/cropped/sentinel3/geneva/OC3_chla_S3A_20170311T100905_sui_geneva.tif
2017-03-11T10:09:00.000+00:00,S3A,2.12379,0.75862,10.84932,28,https://eawagrs.s3.eu-central-1.amazonaws.com/alplakes/cropped/sentinel3/geneva/OC3_chla_S3A_20170311T100908_sui_geneva.tif
2017-03-15T10:05:00.000+00:00,S3A,6.06176,2.61426,11.57286,1,https://eawagrs.s3.eu-central-1.amazonaws.com/alplakes/cropped/sentinel3/geneva/OC3_chla_S3A_20170315T100524_sui_geneva.tif
2017-03-16T09:39:00.000+00:00,S3A,6.03937,2.26399,13.1846,57,https://eawagrs.s3.eu-central-1.amazonaws.com/alplakes/cropped/sentinel3/geneva/OC3_chla_S3A_20170316T093910_sui_geneva.tif
2017-03-15T10:05:00.000+00:00,S3A,6.07417,2.48731,10.82568,1,https://eawagrs.s3.eu-central-1.amazonaws.com/alplakes/cropped/sentinel3/geneva/OC3_chla_S3A_20170315T100521_sui_geneva.tif
2017-03-16T09:39:00.000+00:00,S3A,6.2891,2.28537,12.94426,59,https://eawagrs.s3.eu-central-1.amazonaws.com/alplakes/cropped/sentinel3/geneva/OC3_chla_S3A_20170316T093913_sui_geneva.tif
2017-03-19T10:01:00.000+00:00,S3A,6.90622,6.90622,6.90622,1,https://eawagrs.s3.eu-central-1.amazonaws.com/alplakes/cropped/sentinel3/geneva/OC3_chla_S3A_20170319T100139_sui_geneva.tif
2017-03-20T09:35:00.000+00:00,S3A,7.6404,1.76616,12.49901,75,https://eawagrs.s3.eu-central-1.amazonaws.com/alplakes/cropped/sentinel3/geneva/OC3_chla_S3A_20170320T093528_sui_geneva.tif
2017-03-20T09:35:00.000+00:00,S3A,7.51378,1.73858,12.32238,74,https://eawagrs.s3.eu-central-1.amazonaws.com/alplakes/cropped/sentinel3/geneva/OC3_chla_S3A_20170320T093526_sui_geneva.tif
2017-03-22T10:24:00.000+00:00,S3A,4.88249,1.70407,12.3019,37,https://eawagrs.s3.eu-central-1.amazonaws.com/alplakes/cropped/sentinel3/geneva/OC3_chla_S3A_20170322T102406_sui_geneva.tif
2017-03-23T09:57:00.000+00:00,S3A,7.3095,3.42292,11.79509,12,https://eawagrs.s3.eu-central-1.amazonaws.com/alplakes/cropped/sentinel3/geneva/OC3_chla_S3A_20170323T095755_sui_geneva.tif
2017-03-19T10:01:00.000+00:00,S3A,6.70421,6.70421,6.70421,1,https://eawagrs.s3.eu-central-1.amazonaws.com/alplakes/cropped/sentinel3/geneva/OC3_chla_S3A_20170319T100137_sui_geneva.tif
2017-03-26T10:20:00.000+00:00,S3A,4.54327,2.25254,10.5215,34,https://eawagrs.s3.eu-central-1.amazonaws.com/alplakes/cropped/sentinel3/geneva/OC3_chla_S3A_20170326T102021_sui_geneva.tif
2017-03-27T09:54:00.000+00:00,S3A,5.5709,2.1047,12.54503,80,https://eawagrs.s3.eu-central-1.amazonaws.com/alplakes/cropped/sentinel3/geneva/OC3_chla_S3A_20170327T095410_sui_geneva.tif
2017-03-28T09:28:00.000+00:00,S3A,7.37663,3.61423,11.0714,5,https://eawagrs.s3.eu-central-1.amazonaws.com/alplakes/cropped/sentinel3/geneva/OC3_chla_S3A_20170328T092800_sui_geneva.tif
2017-03-30T10:16:00.000+00:00,S3A,5.93224,2.6328,11.83522,28,https://eawagrs.s3.eu-central-1.amazonaws.com/alplakes/cropped/sentinel3/geneva/OC3_chla_S3A_20170330T101637_sui_geneva.tif
2017-04-01T09:24:00.000+00:00,S3A,8.80442,3.5782,12.95846,11,https://eawagrs.s3.eu-central-1.amazonaws.com/alplakes/cropped/sentinel3/geneva/OC3_chla_S3A_20170401T092415_sui_geneva.tif
2017-04-03T10:12:00.000+00:00,S3A,8.30369,3.34421,12.17,82,https://eawagrs.s3.eu-central-1.amazonaws.com/alplakes/cropped/sentinel3/geneva/OC3_chla_S3A_20170403T101253_sui_geneva.tif
2017-04-04T09:46:00.000+00:00,S3A,8.78313,4.39612,13.78511,37,https://eawagrs.s3.eu-central-1.amazonaws.com/alplakes/cropped/sentinel3/geneva/OC3_chla_S3A_20170404T094642_sui_geneva.tif
2017-04-08T09:42:00.000+00:00,S3A,6.80328,2.12102,12.59315,87,https://eawagrs.s3.eu-central-1.amazonaws.com/alplakes/cropped/sentinel3/geneva/OC3_chla_S3A_20170408T094257_sui_geneva.tif
2017-04-05T09:20:00.000+00:00,S3A,8.0509,5.17171,9.28484,3,https://eawagrs.s3.eu-central-1.amazonaws.com/alplakes/cropped/sentinel3/geneva/OC3_chla_S3A_20170405T092031_sui_geneva.tif
2017-04-07T10:09:00.000+00:00,S3A,6.37406,1.57189,14.73955,90,https://eawagrs.s3.eu-central-1.amazonaws.com/alplakes/cropped/sentinel3/geneva/OC3_chla_S3A_20170407T100908_sui_geneva.tif
2017-04-11T10:05:00.000+00:00,S3A,3.60568,2.01409,10.59608,20,https://eawagrs.s3.eu-central-1.amazonaws.com/alplakes/cropped/sentinel3/geneva/OC3_chla_S3A_20170411T100524_sui_geneva.tif
2017-04-14T10:27:00.000+00:00,S3A,2.65624,2.05003,8.73018,6,https://eawagrs.s3.eu-central-1.amazonaws.com/alplakes/cropped/sentinel3/geneva/OC3_chla_S3A_20170414T102750_sui_geneva.tif
2017-04-12T09:39:00.000+00:00,S3A,3.25076,2.24673,10.67306,3,https://eawagrs.s3.eu-central-1.amazonaws.com/alplakes/cropped/sentinel3/geneva/OC3_chla_S3A_20170412T093913_sui_geneva.tif
2017-04-18T10:24:00.000+00:00,S3A,2.43954,1.44656,10.32804,55,https://eawagrs.s3.eu-central-1.amazonaws.com/alplakes/cropped/sentinel3/geneva/OC3_chla_S3A_20170418T102406_sui_geneva.tif
2017-04-16T09:35:00.000+00:00,S3A,3.22344,2.6617,3.78517,1,https://eawagrs.s3.eu-central-1.amazonaws.com/alplakes/cropped/sentinel3/geneva/OC3_chla_S3A_20170416T093528_sui_geneva.tif
2017-04-20T09:31:00.000+00:00,S3A,2.5253,0.52138,11.75398,65,https://eawagrs.s3.eu-central-1.amazonaws.com/alplakes/cropped/sentinel3/geneva/OC3_chla_S3A_20170420T093144_sui_geneva.tif
2017-04-19T09:57:00.000+00:00,S3A,2.40248,0.62396,14.78254,31,https://eawagrs.s3.eu-central-1.amazonaws.com/alplakes/cropped/sentinel3/geneva/OC3_chla_S3A_20170419T095755_sui_geneva.tif
2017-04-23T09:54:00.000+00:00,S3A,2.52114,1.44736,13.07897,81,https://eawagrs.s3.eu-central-1.amazonaws.com/alplakes/cropped/sentinel3/geneva/OC3_chla_S3A_20170423T095410_sui_geneva.tif
2017-04-22T10:20:00.000+00:00,S3A,2.38522,1.01212,10.063,85,https://eawagrs.s3.eu-central-1.amazonaws.com/alplakes/cropped/sentinel3/geneva/OC3_chla_S3A_20170422T102021_sui_geneva.tif
2017-04-24T09:28:00.000+00:00,S3A,3.04532,2.03235,10.89627,67,https://eawagrs.s3.eu-central-1.amazonaws.com/alplakes/cropped/sentinel3/geneva/OC3_chla_S3A_20170424T092800_sui_geneva.tif
2017-04-30T10:12:00.000+00:00,S3A,3.36646,2.22859,15.10187,76,https://eawagrs.s3.eu-central-1.amazonaws.com/alplakes/cropped/sentinel3/geneva/OC3_chla_S3A_20170430T101253_sui_geneva.tif
2017-05-05T09:42:00.000+00:00,S3A,5.90606,3.03311,10.56983,84,https://eawagrs.s3.eu-central-1.amazonaws.com/alplakes/cropped/sentinel3/geneva/OC3_chla_S3A_20170505T094257_sui_geneva.tif
2017-05-08T10:05:00.000+00:00,S3A,6.84944,3.77737,8.62635,1,https://eawagrs.s3.eu-central-1.amazonaws.com/alplakes/cropped/sentinel3/geneva/OC3_chla_S3A_20170508T100524_sui_geneva.tif
2017-05-09T09:39:00.000+00:00,S3A,5.21708,2.16839,9.61356,23,https://eawagrs.s3.eu-central-1.amazonaws.com/alplakes/cropped/sentinel3/geneva/OC3_chla_S3A_20170509T093913_sui_geneva.tif
2017-05-13T09:35:00.000+00:00,S3A,8.40725,5.90465,10.97998,2,https://eawagrs.s3.eu-central-1.amazonaws.com/alplakes/cropped/sentinel3/geneva/OC3_chla_S3A_20170513T093528_sui_geneva.tif
2017-05-15T10:24:00.000+00:00,S3A,6.20975,2.69267,11.89202,15,https://eawagrs.s3.eu-central-1.amazonaws.com/alplakes/cropped/sentinel3/geneva/OC3_chla_S3A_20170515T102406_sui_geneva.tif
2017-05-16T09:57:00.000+00:00,S3A,7.74183,3.04383,13.95832,73,https://eawagrs.s3.eu-central-1.amazonaws.com/alplakes/cropped/sentinel3/geneva/OC3_chla_S3A_20170516T095755_sui_geneva.tif
2017-05-17T09:31:00.000+00:00,S3A,9.49087,5.30233,14.274,78,https://eawagrs.s3.eu-central-1.amazonaws.com/alplakes/cropped/sentinel3/geneva/OC3_chla_S3A_20170517T093144_sui_geneva.tif
2017-05-20T09:54:00.000+00:00,S3A,8.11138,3.33066,15.00963,66,https://eawagrs.s3.eu-central-1.amazonaws.com/alplakes/cropped/sentinel3/geneva/OC3_chla_S3A_20170520T095410_sui_geneva.tif
2017-05-21T09:28:00.000+00:00,S3A,7.56252,4.03899,11.02389,54,https://eawagrs.s3.eu-central-1.amazonaws.com/alplakes/cropped/sentinel3/geneva/OC3_chla_S3A_20170521T092800_sui_geneva.tif
2017-05-24T09:50:00.000+00:00,S3A,2.98648,2.26042,9.36646,58,https://eawagrs.s3.eu-central-1.amazonaws.com/alplakes/cropped/sentinel3/geneva/OC3_chla_S3A_20170524T095026_sui_geneva.tif
2017-05-23T10:16:00.000+00:00,S3A,3.79078,2.92596,5.22607,4,https://eawagrs.s3.eu-central-1.amazonaws.com/alplakes/cropped/sentinel3/geneva/OC3_chla_S3A_20170523T101637_sui_geneva.tif
2017-05-28T09:46:00.000+00:00,S3A,2.55498,2.06472,5.53898,15,https://eawagrs.s3.eu-central-1.amazonaws.com/alplakes/cropped/sentinel3/geneva/OC3_chla_S3A_20170528T094642_sui_geneva.tif
2017-05-27T10:12:00.000+00:00,S3A,2.49368,1.72775,8.90151,75,https://eawagrs.s3.eu-central-1.amazonaws.com/alplakes/cropped/sentinel3/geneva/OC3_chla_S3A_20170527T101253_sui_geneva.tif
2017-06-04T10:05:00.000+00:00,S3A,2.39441,1.96183,3.06614,1,https://eawagrs.s3.eu-central-1.amazonaws.com/alplakes/cropped/sentinel3/geneva/OC3_chla_S3A_20170604T100524_sui_geneva.tif
2017-06-08T10:01:00.000+00:00,S3A,2.25203,1.62299,11.05253,81,https://eawagrs.s3.eu-central-1.amazonaws.com/alplakes/cropped/sentinel3/geneva/OC3_chla_S3A_20170608T100139_sui_geneva.tif
2017-06-12T09:57:00.000+00:00,S3A,2.1514,2.04981,2.37584,1,https://eawagrs.s3.eu-central-1.amazonaws.com/alplakes/cropped/sentinel3/geneva/OC3_chla_S3A_20170612T095755_sui_geneva.tif
2017-06-11T10:24:00.000+00:00,S3A,2.22459,1.73322,11.60998,65,https://eawagrs.s3.eu-central-1.amazonaws.com/alplakes/cropped/sentinel3/geneva/OC3_chla_S3A_20170611T102406_sui_geneva.tif
2017-06-17T09:28:00.000+00:00,S3A,2.22229,1.57547,6.84573,38,https://eawagrs.s3.eu-central-1.amazonaws.com/alplakes/cropped/sentinel3/geneva/OC3_chla_S3A_20170617T092800_sui_geneva.tif
2017-06-16T09:54:00.000+00:00,S3A,2.1103,1.11398,10.23378,44,https://eawagrs.s3.eu-central-1.amazonaws.com/alplakes/cropped/sentinel3/geneva/OC3_chla_S3A_20170616T095411_sui_geneva.tif
2017-06-15T10:20:00.000+00:00,S3A,2.53567,1.98058,9.77617,10,https://eawagrs.s3.eu-central-1.amazonaws.com/alplakes/cropped/sentinel3/geneva/OC3_chla_S3A_20170615T102021_sui_geneva.tif
2017-06-20T09:50:00.000+00:00,S3A,2.16048,1.61433,7.85965,40,https://eawagrs.s3.eu-central-1.amazonaws.com/alplakes/cropped/sentinel3/geneva/OC3_chla_S3A_20170620T095026_sui_geneva.tif
2017-06-19T10:16:00.000+00:00,S3A,2.24366,1.6781,9.92503,38,https://eawagrs.s3.eu-central-1.amazonaws.com/alplakes/cropped/sentinel3/geneva/OC3_chla_S3A_20170619T101637_sui_geneva.tif
2017-06-27T10:09:00.000+00:00,S3A,2.0624,1.27279,5.89225,12,https://eawagrs.s3.eu-central-1.amazonaws.com/alplakes/cropped/sentinel3/geneva/OC3_chla_S3A_20170627T100908_sui_geneva.tif
2017-06-23T10:12:00.000+00:00,S3A,2.81117,2.01289,10.0871,1,https://eawagrs.s3.eu-central-1.amazonaws.com/alplakes/cropped/sentinel3/geneva/OC3_chla_S3A_20170623T101253_sui_geneva.tif
2017-06-28T09:42:00.000+00:00,S3A,2.41652,1.97505,6.95087,2,https://eawagrs.s3.eu-central-1.amazonaws.com/alplakes/cropped/sentinel3/geneva/OC3_chla_S3A_20170628T094257_sui_geneva.tif
2017-07-05T10:01:00.000+00:00,S3A,2.02973,1.316,10.69308,73,https://eawagrs.s3.eu-central-1.amazonaws.com/alplakes/cropped/sentinel3/geneva/OC3_chla_S3A_20170705T100139_sui_geneva.tif
2017-07-04T10:27:00.000+00:00,S3A,3.58507,2.46188,8.39046,1,https://eawagrs.s3.eu-central-1.amazonaws.com/alplakes/cropped/sentinel3/geneva/OC3_chla_S3A_20170704T102750_sui_geneva.tif
2017-07-06T09:35:00.000+00:00,S3A,1.91675,1.48487,8.15356,14,https://eawagrs.s3.eu-central-1.amazonaws.com/alplakes/cropped/sentinel3/geneva/OC3_chla_S3A_20170706T093528_sui_geneva.tif
2017-07-01T10:05:00.000+00:00,S3A,2.30889,1.93675,3.7589,4,https://eawagrs.s3.eu-central-1.amazonaws.com/alplakes/cropped/sentinel3/geneva/OC3_chla_S3A_20170701T100524_sui_geneva.tif
2017-07-12T10:20:00.000+00:00,S3A,2.07624,2.04041,2.09842,1,https://eawagrs.s3.eu-central-1.amazonaws.com/alplakes/cropped/sentinel3/geneva/OC3_chla_S3A_20170712T102021_sui_geneva.tif
2017-07-13T09:54:00.000+00:00,S3A,2.21303,1.62162,10.32586,75,https://eawagrs.s3.eu-central-1.amazonaws.com/alplakes/cropped/sentinel3/geneva/OC3_chla_S3A_20170713T095411_sui_geneva.tif
2017-07-14T09:28:00.000+00:00,S3A,2.13838,1.76369,2.46005,36,https://eawagrs.s3.eu-central-1.amazonaws.com/alplakes/cropped/sentinel3/geneva/OC3_chla_S3A_20170714T092800_sui_geneva.tif
2017-07-16T10:16:00.000+00:00,S3A,2.14565,1.85602,10.16337,47,https://eawagrs.s3.eu-central-1.amazonaws.com/alplakes/cropped/sentinel3/geneva/OC3_chla_S3A_20170716T101637_sui_geneva.tif
2017-07-17T09:50:00.000+00:00,S3A,2.13306,1.85993,8.17613,3,https://eawagrs.s3.eu-central-1.amazonaws.com/alplakes/cropped/sentinel3/geneva/OC3_chla_S3A_20170717T095026_sui_geneva.tif
2017-07-20T10:12:00.000+00:00,S3A,2.1737,1.76517,8.95514,70,https://eawagrs.s3.eu-central-1.amazonaws.com/alplakes/cropped/sentinel3/geneva/OC3_chla_S3A_20170720T101253_sui_geneva.tif
2017-07-21T09:46:00.000+00:00,S3A,2.09244,1.87869,2.25738,9,https://eawagrs.s3.eu-central-1.amazonaws.com/alplakes/cropped/sentinel3/geneva/OC3_chla_S3A_20170721T094642_sui_geneva.tif
2017-07-25T09:42:00.000+00:00,S3A,2.36727,1.90897,8.46849,30,https://eawagrs.s3.eu-central-1.amazonaws.com/alplakes/cropped/sentinel3/geneva/OC3_chla_S3A_20170725T094257_sui_geneva.tif
2017-07-24T10:09:00.000+00:00,S3A,2.55049,2.21485,4.07665,9,https://eawagrs.s3.eu-central-1.amazonaws.com/alplakes/cropped/sentinel3/geneva/OC3_chla_S3A_20170724T100908_sui_geneva.tif
2017-07-29T09:39:00.000+00:00,S3A,2.5068,2.15113,8.52831,22,https://eawagrs.s3.eu-central-1.amazonaws.com/alplakes/cropped/sentinel3/geneva/OC3_chla_S3A_20170729T093913_sui_geneva.tif
2017-07-28T10:05:00.000+00:00,S3A,2.48564,2.02579,9.36647,26,https://eawagrs.s3.eu-central-1.amazonaws.com/alplakes/cropped/sentinel3/geneva/OC3_chla_S3A_20170728T100524_sui_geneva.tif
2017-08-01T10:01:00.000+00:00,S3A,2.85654,2.33044,4.48294,13,https://eawagrs.s3.eu-central-1.amazonaws.com/alplakes/cropped/sentinel3/geneva/OC3_chla_S3A_20170801T100139_sui_geneva.tif
2017-08-02T09:35:00.000+00:00,S3A,2.73428,2.19154,4.01375,61,https://eawagrs.s3.eu-central-1.amazonaws.com/alplakes/cropped/sentinel3/geneva/OC3_chla_S3A_20170802T093528_sui_geneva.tif
2017-08-04T10:24:00.000+00:00,S3A,2.4746,2.12003,3.95665,42,https://eawagrs.s3.eu-central-1.amazonaws.com/alplakes/cropped/sentinel3/geneva/OC3_chla_S3A_20170804T102406_sui_geneva.tif
2017-08-05T09:57:00.000+00:00,S3A,2.41559,2.04626,9.31705,85,https://eawagrs.s3.eu-central-1.amazonaws.com/alplakes/cropped/sentinel3/geneva/OC3_chla_S3A_20170805T095755_sui_geneva.tif
2017-08-06T09:31:00.000+00:00,S3A,2.6251,2.24445,3.15877,19,https://eawagrs.s3.eu-central-1.amazonaws.com/alplakes/cropped/sentinel3/geneva/OC3_chla_S3A_20170806T093144_sui_geneva.tif
2017-08-09T09:54:00.000+00:00,S3A,2.40842,1.8643,8.67357,39,https://eawagrs.s3.eu-central-1.amazonaws.com/alplakes/cropped/sentinel3/geneva/OC3_chla_S3A_20170809T095411_sui_geneva.tif
2017-08-12T10:16:00.000+00:00,S3A,2.44721,1.89466,10.35179,85,https://eawagrs.s3.eu-central-1.amazonaws.com/alplakes/cropped/sentinel3/geneva/OC3_chla_S3A_20170812T101637_sui_geneva.tif
2017-08-13T09:50:00.000+00:00,S3A,2.72683,2.03915,8.92122,63,https://eawagrs.s3.eu-central-1.amazonaws.com/alplakes/cropped/sentinel3/geneva/OC3_chla_S3A_20170813T095026_sui_geneva.tif
2017-08-14T09:24:00.000+00:00,S3A,3.41673,2.71544,4.84344,6,https://eawagrs.s3.eu-central-1.amazonaws.com/alplakes/cropped/sentinel3/geneva/OC3_chla_S3A_20170814T092415_sui_geneva.tif
2017-08-17T09:46:00.000+00:00,S3A,3.74893,2.54371,10.61259,68,https://eawagrs.s3.eu-central-1.amazonaws.com/alplakes/cropped/sentinel3/geneva/OC3_chla_S3A_20170817T094642_sui_geneva.tif
2017-08-18T09:20:00.000+00:00,S3A,3.8069,2.70184,8.4265,61,https://eawagrs.s3.eu-central-1.amazonaws.com/alplakes/cropped/sentinel3/geneva/OC3_chla_S3A_20170818T092031_sui_geneva.tif
2017-08-20T10:09:00.000+00:00,S3A,2.81913,2.72006,2.89151,1,https://eawagrs.s3.eu-central-1.amazonaws.com/alplakes/cropped/sentinel3/geneva/OC3_chla_S3A_20170820T100908_sui_geneva.tif
2017-08-21T09:42:00.000+00:00,S3A,3.41627,2.40546,9.04365,80,https://eawagrs.s3.eu-central-1.amazonaws.com/alplakes/cropped/sentinel3/geneva/OC3_chla_S3A_20170821T094257_sui_geneva.tif
2017-08-24T10:05:00.000+00:00,S3A,3.1721,2.62401,4.08128,18,https://eawagrs.s3.eu-central-1.amazonaws.com/alplakes/cropped/sentinel3/geneva/OC3_chla_S3A_20170824T100524_sui_geneva.tif
2017-09-04T10:20:00.000+00:00,S3A,6.33651,2.59274,8.73632,1,https://eawagrs.s3.eu-central-1.amazonaws.com/alplakes/cropped/sentinel3/geneva/OC3_chla_S3A_20170904T102021_sui_geneva.tif
2017-09-05T09:54:00.000+00:00,S3A,2.74113,1.88335,9.2191,68,https://eawagrs.s3.eu-central-1.amazonaws.com/alplakes/cropped/sentinel3/geneva/OC3_chla_S3A_20170905T095411_sui_geneva.tif
2017-09-12T10:12:00.000+00:00,S3A,2.23464,1.70105,11.40741,11,https://eawagrs.s3.eu-central-1.amazonaws.com/alplakes/cropped/sentinel3/geneva/OC3_chla_S3A_20170912T101253_sui_geneva.tif
2017-09-16T10:09:00.000+00:00,S3A,2.10388,1.68973,2.44492,4,https://eawagrs.s3.eu-central-1.amazonaws.com/alplakes/cropped/sentinel3/geneva/OC3_chla_S3A_20170916T100908_sui_geneva.tif
2017-09-21T09:39:00.000+00:00,S3A,2.45831,1.90661,9.07232,27,https://eawagrs.s3.eu-central-1.amazonaws.com/alplakes/cropped/sentinel3/geneva/OC3_chla_S3A_20170921T093913_sui_geneva.tif
2017-09-20T10:05:00.000+00:00,S3A,2.22944,1.46929,10.7812,56,https://eawagrs.s3.eu-central-1.amazonaws.com/alplakes/cropped/sentinel3/geneva/OC3_chla_S3A_20170920T100524_sui_geneva.tif
2017-09-24T10:01:00.000+00:00,S3A,2.5885,1.96019,9.61801,58,https://eawagrs.s3.eu-central-1.amazonaws.com/alplakes/cropped/sentinel3/geneva/OC3_chla_S3A_20170924T100139_sui_geneva.tif
2017-09-27T10:24:00.000+00:00,S3A,8.39121,3.62803,12.19076,1,https://eawagrs.s3.eu-central-1.amazonaws.com/alplakes/cropped/sentinel3/geneva/OC3_chla_S3A_20170927T102406_sui_geneva.tif
2017-09-25T09:35:00.000+00:00,S3A,2.80543,2.38864,4.50219,1,https://eawagrs.s3.eu-central-1.amazonaws.com/alplakes/cropped/sentinel3/geneva/OC3_chla_S3A_20170925T093528_sui_geneva.tif
2017-09-28T09:57:00.000+00:00,S3A,2.65591,2.00604,10.92174,5,https://eawagrs.s3.eu-central-1.amazonaws.com/alplakes/cropped/sentinel3/geneva/OC3_chla_S3A_20170928T095755_sui_geneva.tif
2017-10-01T10:20:00.000+00:00,S3A,2.38938,1.88746,8.49181,26,https://eawagrs.s3.eu-central-1.amazonaws.com/alplakes/cropped/sentinel3/geneva/OC3_chla_S3A_20171001T102021_sui_geneva.tif
2017-10-05T10:16:00.000+00:00,S3A,2.46285,1.6088,10.81834,78,https://eawagrs.s3.eu-central-1.amazonaws.com/alplakes/cropped/sentinel3/geneva/OC3_chla_S3A_20171005T101637_sui_geneva.tif
2017-10-06T09:50:00.000+00:00,S3A,2.66028,1.66875,13.16562,73,https://eawagrs.s3.eu-central-1.amazonaws.com/alplakes/cropped/sentinel3/geneva/OC3_chla_S3A_20171006T095026_sui_geneva.tif
2017-10-13T10:09:00.000+00:00,S3A,2.26065,1.14288,11.14182,50,https://eawagrs.s3.eu-central-1.amazonaws.com/alplakes/cropped/sentinel3/geneva/OC3_chla_S3A_20171013T100908_sui_geneva.tif
2017-10-11T09:20:00.000+00:00,S3A,3.12083,2.12478,8.70396,22,https://eawagrs.s3.eu-central-1.amazonaws.com/alplakes/cropped/sentinel3/geneva/OC3_chla_S3A_20171011T092031_sui_geneva.tif
2017-10-07T09:24:00.000+00:00,S3A,2.93042,1.95292,9.00031,35,https://eawagrs.s3.eu-central-1.amazonaws.com/alplakes/cropped/sentinel3/geneva/OC3_chla_S3A_20171007T092415_sui_geneva.tif
2017-10-10T09:46:00.000+00:00,S3A,2.51489,1.79741,11.09443,59,https://eawagrs.s3.eu-central-1.amazonaws.com/alplakes/cropped/sentinel3/geneva/OC3_chla_S3A_20171010T094642_sui_geneva.tif
2017-10-09T10:12:00.000+00:00,S3A,2.29632,1.2525,9.61703,52,https://eawagrs.s3.eu-central-1.amazonaws.com/alplakes/cropped/sentinel3/geneva/OC3_chla_S3A_20171009T101253_sui_geneva.tif
2017-10-14T09:42:00.000+00:00,S3A,2.45786,1.45036,10.36798,31,https://eawagrs.s3.eu-central-1.amazonaws.com/alplakes/cropped/sentinel3/geneva/OC3_chla_S3A_20171014T094257_sui_geneva.tif
2017-10-17T10:05:00.000+00:00,S3A,2.23762,1.19572,10.43644,16,https://eawagrs.s3.eu-central-1.amazonaws.com/alplakes/cropped/sentinel3/geneva/OC3_chla_S3A_20171017T100524_sui_geneva.tif
2017-10-18T09:39:00.000+00:00,S3A,2.39809,1.38522,10.9555,48,https://eawagrs.s3.eu-central-1.amazonaws.com/alplakes/cropped/sentinel3/geneva/OC3_chla_S3A_20171018T093913_sui_geneva.tif
2017-10-24T10:24:00.000+00:00,S3A,3.80666,1.50212,10.39116,3,https://eawagrs.s3.eu-central-1.amazonaws.com/alplakes/cropped/sentinel3/geneva/OC3_chla_S3A_20171024T102406_sui_geneva.tif
2017-10-22T09:35:00.000+00:00,S3A,2.84541,1.06424,10.20387,18,https://eawagrs.s3.eu-central-1.amazonaws.com/alplakes/cropped/sentinel3/geneva/OC3_chla_S3A_20171022T093529_sui_geneva.tif
2017-10-25T09:57:00.000+00:00,S3A,2.25258,1.228,10.69262,19,https://eawagrs.s3.eu-central-1.amazonaws.com/alplakes/cropped/sentinel3/geneva/OC3_chla_S3A_20171025T095755_sui_geneva.tif
2017-10-26T09:31:00.000+00:00,S3A,5.58297,2.74534,8.87728,2,https://eawagrs.s3.eu-central-1.amazonaws.com/alplakes/cropped/sentinel3/geneva/OC3_chla_S3A_20171026T093144_sui_geneva.tif
2017-10-30T09:28:00.000+00:00,S3A,3.1454,1.45373,16.1946,38,https://eawagrs.s3.eu-central-1.amazonaws.com/alplakes/cropped/sentinel3/geneva/OC3_chla_S3A_20171030T092800_sui_geneva.tif
2017-10-28T10:20:00.000+00:00,S3A,2.14219,1.23099,9.09113,5,https://eawagrs.s3.eu-central-1.amazonaws.com/alplakes/cropped/sentinel3/geneva/OC3_chla_S3A_20171028T102022_sui_geneva.tif
2017-11-01T10:16:00.000+00:00,S3A,3.66403,1.73638,9.15588,1,https://eawagrs.s3.eu-central-1.amazonaws.com/alplakes/cropped/sentinel3/geneva/OC3_chla_S3A_20171101T101637_sui_geneva.tif
2017-11-02T09:50:00.000+00:00,S3A,3.08353,1.8066,9.17125,4,https://eawagrs.s3.eu-central-1.amazonaws.com/alplakes/cropped/sentinel3/geneva/OC3_chla_S3A_20171102T095026_sui_geneva.tif
2017-11-07T09:20:00.000+00:00,S3A,9.63051,9.63051,9.63051,1,https://eawagrs.s3.eu-central-1.amazonaws.com/alplakes/cropped/sentinel3/geneva/OC3_chla_S3A_20171107T092031_sui_geneva.tif
2017-11-03T09:24:00.000+00:00,S3A,5.33307,2.24346,10.77059,13,https://eawagrs.s3.eu-central-1.amazonaws.com/alplakes/cropped/sentinel3/geneva/OC3_chla_S3A_20171103T092415_sui_geneva.tif
2017-11-06T09:46:00.000+00:00,S3A,3.66777,0,150.25281,7,https://eawagrs.s3.eu-central-1.amazonaws.com/alplakes/cropped/sentinel3/geneva/OC3_chla_S3A_20171106T094642_sui_geneva.tif
2017-11-13T10:05:00.000+00:00,S3A,2.38275,0,91.28059,11,https://eawagrs.s3.eu-central-1.amazonaws.com/alplakes/cropped/sentinel3/geneva/OC3_chla_S3A_20171113T100524_sui_geneva.tif
2017-11-14T09:39:00.000+00:00,S3A,3.46641,1.70839,16.79317,42,https://eawagrs.s3.eu-central-1.amazonaws.com/alplakes/cropped/sentinel3/geneva/OC3_chla_S3A_20171114T093913_sui_geneva.tif
2017-11-17T10:01:00.000+00:00,S3A,3.29795,1.78904,11.57107,16,https://eawagrs.s3.eu-central-1.amazonaws.com/alplakes/cropped/sentinel3/geneva/OC3_chla_S3A_20171117T100139_sui_geneva.tif
2017-11-20T10:24:00.000+00:00,S3A,3.6733,2.04415,10.94352,30,https://eawagrs.s3.eu-central-1.amazonaws.com/alplakes/cropped/sentinel3/geneva/OC3_chla_S3A_20171120T102406_sui_geneva.tif
2017-11-21T09:57:00.000+00:00,S3A,5.73247,2.18615,11.93172,6,https://eawagrs.s3.eu-central-1.amazonaws.com/alplakes/cropped/sentinel3/geneva/OC3_chla_S3A_20171121T095755_sui_geneva.tif
2017-11-24T10:20:00.000+00:00,S3A,4.47909,2.12349,10.0307,5,https://eawagrs.s3.eu-central-1.amazonaws.com/alplakes/cropped/sentinel3/geneva/OC3_chla_S3A_20171124T102022_sui_geneva.tif
2017-11-22T09:31:00.000+00:00,S3A,8.56592,4.2334,11.37043,2,https://eawagrs.s3.eu-central-1.amazonaws.com/alplakes/cropped/sentinel3/geneva/OC3_chla_S3A_20171122T093144_sui_geneva.tif
2017-11-29T09:50:00.000+00:00,S3A,2.23053,0,8.54851,2,https://eawagrs.s3.eu-central-1.amazonaws.com/alplakes/cropped/sentinel3/geneva/OC3_chla_S3A_20171129T095026_sui_geneva.tif
2017-12-04T09:20:00.000+00:00,S3A,7.7746,3.39282,12.61284,1,https://eawagrs.s3.eu-central-1.amazonaws.com/alplakes/cropped/sentinel3/geneva/OC3_chla_S3A_20171204T092031_sui_geneva.tif
2017-12-07T09:42:00.000+00:00,S3A,6.05157,2.41077,12.27147,5,https://eawagrs.s3.eu-central-1.amazonaws.com/alplakes/cropped/sentinel3/geneva/OC3_chla_S3A_20171207T094257_sui_geneva.tif
2017-12-02T10:12:00.000+00:00,S3A,3.77406,0,53.00975,26,https://eawagrs.s3.eu-central-1.amazonaws.com/alplakes/cropped/sentinel3/geneva/OC3_chla_S3A_20171202T101253_sui_geneva.tif
2017-12-06T10:09:00.000+00:00,S3A,4.05041,2.17284,11.98655,3,https://eawagrs.s3.eu-central-1.amazonaws.com/alplakes/cropped/sentinel3/geneva/OC3_chla_S3A_20171206T100908_sui_geneva.tif
2017-12-03T09:46:00.000+00:00,S3A,4.61558,0,27.13914,16,https://eawagrs.s3.eu-central-1.amazonaws.com/alplakes/cropped/sentinel3/geneva/OC3_chla_S3A_20171203T094642_sui_geneva.tif
2017-12-15T09:35:00.000+00:00,S3A,6.7384,2.09408,15.70342,4,https://eawagrs.s3.eu-central-1.amazonaws.com/alplakes/cropped/sentinel3/geneva/OC3_chla_S3A_20171215T093529_sui_geneva.tif
2017-12-17T10:24:00.000+00:00,S3A,3.3609,0,12.34145,5,https://eawagrs.s3.eu-central-1.amazonaws.com/alplakes/cropped/sentinel3/geneva/OC3_chla_S3A_20171217T102406_sui_geneva.tif
2017-12-21T10:20:00.000+00:00,S3A,3.01576,2.00131,11.84242,8,https://eawagrs.s3.eu-central-1.amazonaws.com/alplakes/cropped/sentinel3/geneva/OC3_chla_S3A_20171221T102022_sui_geneva.tif
2017-12-19T09:31:00.000+00:00,S3A,6.81946,2.59955,10.53433,1,https://eawagrs.s3.eu-central-1.amazonaws.com/alplakes/cropped/sentinel3/geneva/OC3_chla_S3A_20171219T093144_sui_geneva.tif
2017-12-23T09:28:00.000+00:00,S3A,8.98794,2.72292,12.68804,2,https://eawagrs.s3.eu-central-1.amazonaws.com/alplakes/cropped/sentinel3/geneva/OC3_chla_S3A_20171223T092800_sui_geneva.tif
2017-12-22T09:54:00.000+00:00,S3A,11.81931,11.81931,11.81931,1,https://eawagrs.s3.eu-central-1.amazonaws.com/alplakes/cropped/sentinel3/geneva/OC3_chla_S3A_20171222T095411_sui_geneva.tif
2017-12-25T10:16:00.000+00:00,S3A,4.92261,1.31342,13.29714,2,https://eawagrs.s3.eu-central-1.amazonaws.com/alplakes/cropped/sentinel3/geneva/OC3_chla_S3A_20171225T101637_sui_geneva.tif
2017-12-31T09:20:00.000+00:00,S3A,10.56019,5.40533,16.66738,10,https://eawagrs.s3.eu-central-1.amazonaws.com/alplakes/cropped/sentinel3/geneva/OC3_chla_S3A_20171231T092031_sui_geneva.tif
2018-01-02T10:09:00.000+00:00,S3A,3.92757,0,13.75894,7,https://eawagrs.s3.eu-central-1.amazonaws.com/alplakes/cropped/sentinel3/geneva/OC3_chla_S3A_20180102T100908_sui_geneva.tif
2018-01-06T10:05:00.000+00:00,S3A,2.9059,1.45666,13.66944,14,https://eawagrs.s3.eu-central-1.amazonaws.com/alplakes/cropped/sentinel3/geneva/OC3_chla_S3A_20180106T100524_sui_geneva.tif
2018-01-13T10:24:00.000+00:00,S3A,2.92945,1.76502,12.52454,18,https://eawagrs.s3.eu-central-1.amazonaws.com/alplakes/cropped/sentinel3/geneva/OC3_chla_S3A_20180113T102406_sui_geneva.tif
2018-01-11T09:35:00.000+00:00,S3A,8.57819,2.46823,15.35154,14,https://eawagrs.s3.eu-central-1.amazonaws.com/alplakes/cropped/sentinel3/geneva/OC3_chla_S3A_20180111T093529_sui_geneva.tif
2018-01-14T09:57:00.000+00:00,S3A,6.49196,0,73.78698,2,https://eawagrs.s3.eu-central-1.amazonaws.com/alplakes/cropped/sentinel3/geneva/OC3_chla_S3A_20180114T095755_sui_geneva.tif
2018-01-15T09:31:00.000+00:00,S3A,5.01134,1.86705,10.47247,3,https://eawagrs.s3.eu-central-1.amazonaws.com/alplakes/cropped/sentinel3/geneva/OC3_chla_S3A_20180115T093144_sui_geneva.tif
2018-01-17T10:20:00.000+00:00,S3A,6.72678,0,166.34879,1,https://eawagrs.s3.eu-central-1.amazonaws.com/alplakes/cropped/sentinel3/geneva/OC3_chla_S3A_20180117T102022_sui_geneva.tif
2018-01-23T09:24:00.000+00:00,S3A,7.31032,2.72938,15.67426,6,https://eawagrs.s3.eu-central-1.amazonaws.com/alplakes/cropped/sentinel3/geneva/OC3_chla_S3A_20180123T092415_sui_geneva.tif
2018-01-25T10:12:00.000+00:00,S3A,2.42524,1.39435,11.39372,35,https://eawagrs.s3.eu-central-1.amazonaws.com/alplakes/cropped/sentinel3/geneva/OC3_chla_S3A_20180125T101253_sui_geneva.tif
2018-01-26T09:46:00.000+00:00,S3A,11.90044,11.90044,11.90044,1,https://eawagrs.s3.eu-central-1.amazonaws.com/alplakes/cropped/sentinel3/geneva/OC3_chla_S3A_20180126T094642_sui_geneva.tif
2018-01-29T10:09:00.000+00:00,S3A,3.3024,2.10029,10.37949,3,https://eawagrs.s3.eu-central-1.amazonaws.com/alplakes/cropped/sentinel3/geneva/OC3_chla_S3A_20180129T100908_sui_geneva.tif
2018-01-30T09:42:00.000+00:00,S3A,5.89028,2.37456,9.08177,1,https://eawagrs.s3.eu-central-1.amazonaws.com/alplakes/cropped/sentinel3/geneva/OC3_chla_S3A_20180130T094257_sui_geneva.tif
2018-02-03T09:39:00.000+00:00,S3A,4.62935,0.00214,10.77053,9,https://eawagrs.s3.eu-central-1.amazonaws.com/alplakes/cropped/sentinel3/geneva/OC3_chla_S3A_20180203T093913_sui_geneva.tif
2018-02-02T10:05:00.000+00:00,S3A,2.35268,0.00405,11.18954,55,https://eawagrs.s3.eu-central-1.amazonaws.com/alplakes/cropped/sentinel3/geneva/OC3_chla_S3A_20180202T100524_sui_geneva.tif
2018-02-06T10:01:00.000+00:00,S3A,2.37525,1.21335,9.44015,13,https://eawagrs.s3.eu-central-1.amazonaws.com/alplakes/cropped/sentinel3/geneva/OC3_chla_S3A_20180206T100140_sui_geneva.tif
2018-02-10T09:57:00.000+00:00,S3A,2.28304,0.11382,6.24655,2,https://eawagrs.s3.eu-central-1.amazonaws.com/alplakes/cropped/sentinel3/geneva/OC3_chla_S3A_20180210T095755_sui_geneva.tif
2018-02-09T10:24:00.000+00:00,S3A,2.28656,0.90326,9.61509,8,https://eawagrs.s3.eu-central-1.amazonaws.com/alplakes/cropped/sentinel3/geneva/OC3_chla_S3A_20180209T102406_sui_geneva.tif
2018-02-13T10:20:00.000+00:00,S3A,2.12711,0.31087,12.5733,53,https://eawagrs.s3.eu-central-1.amazonaws.com/alplakes/cropped/sentinel3/geneva/OC3_chla_S3A_20180213T102022_sui_geneva.tif
2018-02-14T09:54:00.000+00:00,S3A,1.83967,0,9.3276,13,https://eawagrs.s3.eu-central-1.amazonaws.com/alplakes/cropped/sentinel3/geneva/OC3_chla_S3A_20180214T095411_sui_geneva.tif
2018-02-18T09:50:00.000+00:00,S3A,2.8978,0.64243,8.42564,7,https://eawagrs.s3.eu-central-1.amazonaws.com/alplakes/cropped/sentinel3/geneva/OC3_chla_S3A_20180218T095026_sui_geneva.tif
2018-02-21T10:12:00.000+00:00,S3A,2.15243,0.00018,18.62576,48,https://eawagrs.s3.eu-central-1.amazonaws.com/alplakes/cropped/sentinel3/geneva/OC3_chla_S3A_20180221T101253_sui_geneva.tif
2018-02-26T09:42:00.000+00:00,S3A,2.11896,0.28727,18.94791,73,https://eawagrs.s3.eu-central-1.amazonaws.com/alplakes/cropped/sentinel3/geneva/OC3_chla_S3A_20180226T094257_sui_geneva.tif
2018-03-05T10:01:00.000+00:00,S3A,1.25964,0.32557,9.54323,9,https://eawagrs.s3.eu-central-1.amazonaws.com/alplakes/cropped/sentinel3/geneva/OC3_chla_S3A_20180305T100140_sui_geneva.tif
2018-03-08T10:24:00.000+00:00,S3A,1.58542,0.58407,16.1013,68,https://eawagrs.s3.eu-central-1.amazonaws.com/alplakes/cropped/sentinel3/geneva/OC3_chla_S3A_20180308T102406_sui_geneva.tif
2018-03-12T10:20:00.000+00:00,S3A,2.00545,2.00545,2.00545,1,https://eawagrs.s3.eu-central-1.amazonaws.com/alplakes/cropped/sentinel3/geneva/OC3_chla_S3A_20180312T102022_sui_geneva.tif
2018-03-16T10:16:00.000+00:00,S3A,1.84029,0.33675,12.04401,7,https://eawagrs.s3.eu-central-1.amazonaws.com/alplakes/cropped/sentinel3/geneva/OC3_chla_S3A_20180316T101637_sui_geneva.tif
2018-03-14T09:28:00.000+00:00,S3A,2.23027,0.47898,13.26488,59,https://eawagrs.s3.eu-central-1.amazonaws.com/alplakes/cropped/sentinel3/geneva/OC3_chla_S3A_20180314T092800_sui_geneva.tif
2018-03-24T10:09:00.000+00:00,S3A,1.82259,0.63309,11.7705,78,https://eawagrs.s3.eu-central-1.amazonaws.com/alplakes/cropped/sentinel3/geneva/OC3_chla_S3A_20180324T100908_sui_geneva.tif
2018-03-25T09:42:00.000+00:00,S3A,2.327,1.24414,8.38406,3,https://eawagrs.s3.eu-central-1.amazonaws.com/alplakes/cropped/sentinel3/geneva/OC3_chla_S3A_20180325T094258_sui_geneva.tif
2018-03-20T10:12:00.000+00:00,S3A,2.13248,0.00244,10.7674,25,https://eawagrs.s3.eu-central-1.amazonaws.com/alplakes/cropped/sentinel3/geneva/OC3_chla_S3A_20180320T101253_sui_geneva.tif
2018-03-21T09:46:00.000+00:00,S3A,1.82442,0,15.58399,62,https://eawagrs.s3.eu-central-1.amazonaws.com/alplakes/cropped/sentinel3/geneva/OC3_chla_S3A_20180321T094642_sui_geneva.tif
2018-03-22T09:20:00.000+00:00,S3A,2.12756,0.99304,8.76382,38,https://eawagrs.s3.eu-central-1.amazonaws.com/alplakes/cropped/sentinel3/geneva/OC3_chla_S3A_20180322T092031_sui_geneva.tif
2018-04-01T10:01:00.000+00:00,S3A,2.07889,0.27242,2.66762,1,https://eawagrs.s3.eu-central-1.amazonaws.com/alplakes/cropped/sentinel3/geneva/OC3_chla_S3A_20180401T100140_sui_geneva.tif
2018-04-04T10:24:00.000+00:00,S3A,2.89627,1.44593,12.41949,9,https://eawagrs.s3.eu-central-1.amazonaws.com/alplakes/cropped/sentinel3/geneva/OC3_chla_S3A_20180404T102406_sui_geneva.tif
2018-04-05T09:57:00.000+00:00,S3A,2.32677,0.0028,9.4545,23,https://eawagrs.s3.eu-central-1.amazonaws.com/alplakes/cropped/sentinel3/geneva/OC3_chla_S3A_20180405T095755_sui_geneva.tif
2018-04-06T09:31:00.000+00:00,S3A,3.1887,1.75673,12.97716,74,https://eawagrs.s3.eu-central-1.amazonaws.com/alplakes/cropped/sentinel3/geneva/OC3_chla_S3A_20180406T093144_sui_geneva.tif
2018-04-08T10:20:00.000+00:00,S3A,6.7546,3.58734,12.19873,1,https://eawagrs.s3.eu-central-1.amazonaws.com/alplakes/cropped/sentinel3/geneva/OC3_chla_S3A_20180408T102022_sui_geneva.tif
2018-04-09T09:54:00.000+00:00,S3A,4.40674,2.50479,10.68853,2,https://eawagrs.s3.eu-central-1.amazonaws.com/alplakes/cropped/sentinel3/geneva/OC3_chla_S3A_20180409T095411_sui_geneva.tif
2018-04-12T10:16:00.000+00:00,S3A,6.20104,2.65223,9.70897,9,https://eawagrs.s3.eu-central-1.amazonaws.com/alplakes/cropped/sentinel3/geneva/OC3_chla_S3A_20180412T101637_sui_geneva.tif
2018-04-13T09:50:00.000+00:00,S3A,7.97,2.40699,12.54787,85,https://eawagrs.s3.eu-central-1.amazonaws.com/alplakes/cropped/sentinel3/geneva/OC3_chla_S3A_20180413T095026_sui_geneva.tif
2018-04-16T10:12:00.000+00:00,S3A,8.26435,7.35189,9.20811,1,https://eawagrs.s3.eu-central-1.amazonaws.com/alplakes/cropped/sentinel3/geneva/OC3_chla_S3A_20180416T101253_sui_geneva.tif
2018-04-17T09:46:00.000+00:00,S3A,9.46993,4.07289,15.28125,88,https://eawagrs.s3.eu-central-1.amazonaws.com/alplakes/cropped/sentinel3/geneva/OC3_chla_S3A_20180417T094642_sui_geneva.tif
2018-04-14T09:24:00.000+00:00,S3A,8.92789,8.25292,12.07752,1,https://eawagrs.s3.eu-central-1.amazonaws.com/alplakes/cropped/sentinel3/geneva/OC3_chla_S3A_20180414T092415_sui_geneva.tif
2018-04-18T09:20:00.000+00:00,S3A,9.96098,6.05265,14.33266,77,https://eawagrs.s3.eu-central-1.amazonaws.com/alplakes/cropped/sentinel3/geneva/OC3_chla_S3A_20180418T092031_sui_geneva.tif
2018-04-20T10:09:00.000+00:00,S3A,8.34547,3.41026,13.75347,89,https://eawagrs.s3.eu-central-1.amazonaws.com/alplakes/cropped/sentinel3/geneva/OC3_chla_S3A_20180420T100908_sui_geneva.tif
2018-04-21T09:42:00.000+00:00,S3A,7.74179,3.95811,12.75872,63,https://eawagrs.s3.eu-central-1.amazonaws.com/alplakes/cropped/sentinel3/geneva/OC3_chla_S3A_20180421T094258_sui_geneva.tif
2018-04-24T10:05:00.000+00:00,S3A,6.03027,2.51369,14.40819,86,https://eawagrs.s3.eu-central-1.amazonaws.com/alplakes/cropped/sentinel3/geneva/OC3_chla_S3A_20180424T100524_sui_geneva.tif
2018-04-25T09:39:00.000+00:00,S3A,5.50025,3.75413,9.82167,7,https://eawagrs.s3.eu-central-1.amazonaws.com/alplakes/cropped/sentinel3/geneva/OC3_chla_S3A_20180425T093913_sui_geneva.tif
2018-04-28T10:01:00.000+00:00,S3A,2.87041,2.27774,10.22328,25,https://eawagrs.s3.eu-central-1.amazonaws.com/alplakes/cropped/sentinel3/geneva/OC3_chla_S3A_20180428T100140_sui_geneva.tif
2018-04-27T10:27:00.000+00:00,S3A,3.17139,2.16122,8.91646,4,https://eawagrs.s3.eu-central-1.amazonaws.com/alplakes/cropped/sentinel3/geneva/OC3_chla_S3A_20180427T102751_sui_geneva.tif
2018-05-07T09:28:00.000+00:00,S3A,6.29411,4.36982,8.45049,9,https://eawagrs.s3.eu-central-1.amazonaws.com/alplakes/cropped/sentinel3/geneva/OC3_chla_S3A_20180507T092800_sui_geneva.tif
2018-05-06T09:54:00.000+00:00,S3A,4.93933,2.71086,9.38595,24,https://eawagrs.s3.eu-central-1.amazonaws.com/alplakes/cropped/sentinel3/geneva/OC3_chla_S3A_20180506T095411_sui_geneva.tif
2018-05-09T10:16:00.000+00:00,S3A,5.30873,2.84297,10.52039,11,https://eawagrs.s3.eu-central-1.amazonaws.com/alplakes/cropped/sentinel3/geneva/OC3_chla_S3A_20180509T101637_sui_geneva.tif
2018-05-05T10:20:00.000+00:00,S3A,4.12006,2.62039,9.89878,27,https://eawagrs.s3.eu-central-1.amazonaws.com/alplakes/cropped/sentinel3/geneva/OC3_chla_S3A_20180505T102022_sui_geneva.tif
2018-05-11T09:24:00.000+00:00,S3A,7.1453,4.19218,9.48425,65,https://eawagrs.s3.eu-central-1.amazonaws.com/alplakes/cropped/sentinel3/geneva/OC3_chla_S3A_20180511T092415_sui_geneva.tif
2018-05-17T10:09:00.000+00:00,S3A,6.83527,3.12981,13.45237,74,https://eawagrs.s3.eu-central-1.amazonaws.com/alplakes/cropped/sentinel3/geneva/OC3_chla_S3A_20180517T100908_sui_geneva.tif
2018-05-18T09:42:00.000+00:00,S3A,7.40492,4.94075,10.08051,68,https://eawagrs.s3.eu-central-1.amazonaws.com/alplakes/cropped/sentinel3/geneva/OC3_chla_S3A_20180518T094258_sui_geneva.tif
2018-05-14T09:46:00.000+00:00,S3A,6.92724,3.78186,9.2111,3,https://eawagrs.s3.eu-central-1.amazonaws.com/alplakes/cropped/sentinel3/geneva/OC3_chla_S3A_20180514T094642_sui_geneva.tif
2018-05-21T10:05:00.000+00:00,S3A,7.302,4.19379,12.9975,31,https://eawagrs.s3.eu-central-1.amazonaws.com/alplakes/cropped/sentinel3/geneva/OC3_chla_S3A_20180521T100524_sui_geneva.tif
2018-05-24T10:27:00.000+00:00,S3A,7.99551,5.73666,9.82128,5,https://eawagrs.s3.eu-central-1.amazonaws.com/alplakes/cropped/sentinel3/geneva/OC3_chla_S3A_20180524T102751_sui_geneva.tif
2018-05-25T10:01:00.000+00:00,S3A,6.04908,3.68549,9.97833,88,https://eawagrs.s3.eu-central-1.amazonaws.com/alplakes/cropped/sentinel3/geneva/OC3_chla_S3A_20180525T100140_sui_geneva.tif
2018-05-29T09:57:00.000+00:00,S3A,5.83576,2.86216,13.39316,47,https://eawagrs.s3.eu-central-1.amazonaws.com/alplakes/cropped/sentinel3/geneva/OC3_chla_S3A_20180529T095755_sui_geneva.tif
2018-05-30T09:31:00.000+00:00,S3A,6.95416,4.73942,8.45246,5,https://eawagrs.s3.eu-central-1.amazonaws.com/alplakes/cropped/sentinel3/geneva/OC3_chla_S3A_20180530T093144_sui_geneva.tif
2018-06-01T10:20:00.000+00:00,S3A,4.88707,2.46828,9.5099,78,https://eawagrs.s3.eu-central-1.amazonaws.com/alplakes/cropped/sentinel3/geneva/OC3_chla_S3A_20180601T102022_sui_geneva.tif
2018-06-03T09:28:00.000+00:00,S3A,4.28833,3.06255,6.02453,7,https://eawagrs.s3.eu-central-1.amazonaws.com/alplakes/cropped/sentinel3/geneva/OC3_chla_S3A_20180603T092800_sui_geneva.tif
2018-06-02T09:54:00.000+00:00,S3A,4.01818,2.39813,9.94867,78,https://eawagrs.s3.eu-central-1.amazonaws.com/alplakes/cropped/sentinel3/geneva/OC3_chla_S3A_20180602T095411_sui_geneva.tif
2018-06-05T10:16:00.000+00:00,S3A,3.93612,3.69424,4.28548,1,https://eawagrs.s3.eu-central-1.amazonaws.com/alplakes/cropped/sentinel3/geneva/OC3_chla_S3A_20180605T101637_sui_geneva.tif
2018-06-09T10:12:00.000+00:00,S3A,4.76687,2.41546,11.59646,75,https://eawagrs.s3.eu-central-1.amazonaws.com/alplakes/cropped/sentinel3/geneva/OC3_chla_S3A_20180609T101253_sui_geneva.tif
2018-06-14T09:42:00.000+00:00,S3A,6.05609,3.00667,10.72175,78,https://eawagrs.s3.eu-central-1.amazonaws.com/alplakes/cropped/sentinel3/geneva/OC3_chla_S3A_20180614T094258_sui_geneva.tif
2018-06-18T09:39:00.000+00:00,S3A,4.9344,3.0072,9.38686,59,https://eawagrs.s3.eu-central-1.amazonaws.com/alplakes/cropped/sentinel3/geneva/OC3_chla_S3A_20180618T093913_sui_geneva.tif
2018-06-17T10:05:00.000+00:00,S3A,3.91971,2.86106,6.27807,6,https://eawagrs.s3.eu-central-1.amazonaws.com/alplakes/cropped/sentinel3/geneva/OC3_chla_S3A_20180617T100524_sui_geneva.tif
2018-06-22T09:35:00.000+00:00,S3A,4.70281,2.57936,9.03246,51,https://eawagrs.s3.eu-central-1.amazonaws.com/alplakes/cropped/sentinel3/geneva/OC3_chla_S3A_20180622T093529_sui_geneva.tif
2018-06-20T10:27:00.000+00:00,S3A,6.31306,5.89055,6.7911,1,https://eawagrs.s3.eu-central-1.amazonaws.com/alplakes/cropped/sentinel3/geneva/OC3_chla_S3A_20180620T102751_sui_geneva.tif
2018-06-21T10:01:00.000+00:00,S3A,4.12998,2.24503,10.01713,85,https://eawagrs.s3.eu-central-1.amazonaws.com/alplakes/cropped/sentinel3/geneva/OC3_chla_S3A_20180621T100140_sui_geneva.tif
2018-06-25T09:57:00.000+00:00,S3A,6.00122,2.69338,10.65556,83,https://eawagrs.s3.eu-central-1.amazonaws.com/alplakes/cropped/sentinel3/geneva/OC3_chla_S3A_20180625T095755_sui_geneva.tif
2018-06-24T10:24:00.000+00:00,S3A,5.14533,3.20753,10.60509,13,https://eawagrs.s3.eu-central-1.amazonaws.com/alplakes/cropped/sentinel3/geneva/OC3_chla_S3A_20180624T102406_sui_geneva.tif
2018-06-26T09:31:00.000+00:00,S3A,7.00476,3.79938,10.58529,79,https://eawagrs.s3.eu-central-1.amazonaws.com/alplakes/cropped/sentinel3/geneva/OC3_chla_S3A_20180626T093144_sui_geneva.tif
2018-06-30T09:28:00.000+00:00,S3A,6.84802,3.3309,9.13389,43,https://eawagrs.s3.eu-central-1.amazonaws.com/alplakes/cropped/sentinel3/geneva/OC3_chla_S3A_20180630T092800_sui_geneva.tif
2018-06-28T10:20:00.000+00:00,S3A,7.02159,3.50106,9.88165,38,https://eawagrs.s3.eu-central-1.amazonaws.com/alplakes/cropped/sentinel3/geneva/OC3_chla_S3A_20180628T102022_sui_geneva.tif
2018-06-29T09:54:00.000+00:00,S3A,5.52375,2.93319,10.51199,71,https://eawagrs.s3.eu-central-1.amazonaws.com/alplakes/cropped/sentinel3/geneva/OC3_chla_S3A_20180629T095411_sui_geneva.tif
2018-07-02T10:16:00.000+00:00,S3A,7.31191,4.33136,9.33638,33,https://eawagrs.s3.eu-central-1.amazonaws.com/alplakes/cropped/sentinel3/geneva/OC3_chla_S3A_20180702T101637_sui_geneva.tif
2018-07-03T09:50:00.000+00:00,S3A,7.41637,6.93511,8.33278,1,https://eawagrs.s3.eu-central-1.amazonaws.com/alplakes/cropped/sentinel3/geneva/OC3_chla_S3A_20180703T095026_sui_geneva.tif
2018-07-04T09:24:00.000+00:00,S3A,7.28321,4.64372,9.78866,69,https://eawagrs.s3.eu-central-1.amazonaws.com/alplakes/cropped/sentinel3/geneva/OC3_chla_S3A_20180704T092415_sui_geneva.tif
2018-07-07T09:46:00.000+00:00,S3A,6.69319,3.40551,11.15927,83,https://eawagrs.s3.eu-central-1.amazonaws.com/alplakes/cropped/sentinel3/geneva/OC3_chla_S3A_20180707T094642_sui_geneva.tif
2018-07-14T10:05:00.000+00:00,S3A,5.73813,3.22476,8.45138,22,https://eawagrs.s3.eu-central-1.amazonaws.com/alplakes/cropped/sentinel3/geneva/OC3_chla_S3A_20180714T100524_sui_geneva.tif
2018-07-10T10:09:00.000+00:00,S3A,5.61919,2.87904,11.33917,63,https://eawagrs.s3.eu-central-1.amazonaws.com/alplakes/cropped/sentinel3/geneva/OC3_chla_S3A_20180710T100908_sui_geneva.tif
2018-07-08T09:20:00.000+00:00,S3A,5.38494,3.91032,7.52921,12,https://eawagrs.s3.eu-central-1.amazonaws.com/alplakes/cropped/sentinel3/geneva/OC3_chla_S3A_20180708T092031_sui_geneva.tif
2018-07-15T09:39:00.000+00:00,S3A,5.61429,3.57964,7.87582,29,https://eawagrs.s3.eu-central-1.amazonaws.com/alplakes/cropped/sentinel3/geneva/OC3_chla_S3A_20180715T093913_sui_geneva.tif
2018-07-11T09:42:00.000+00:00,S3A,5.38603,2.80291,11.11332,87,https://eawagrs.s3.eu-central-1.amazonaws.com/alplakes/cropped/sentinel3/geneva/OC3_chla_S3A_20180711T094258_sui_geneva.tif
2018-07-18T10:01:00.000+00:00,S3A,5.28005,3.21764,10.7996,86,https://eawagrs.s3.eu-central-1.amazonaws.com/alplakes/cropped/sentinel3/geneva/OC3_chla_S3A_20180718T100140_sui_geneva.tif
2018-07-19T09:35:00.000+00:00,S3A,5.57859,3.31608,11.04736,69,https://eawagrs.s3.eu-central-1.amazonaws.com/alplakes/cropped/sentinel3/geneva/OC3_chla_S3A_20180719T093529_sui_geneva.tif
2018-07-22T09:57:00.000+00:00,S3A,4.64935,2.66905,10.18964,74,https://eawagrs.s3.eu-central-1.amazonaws.com/alplakes/cropped/sentinel3/geneva/OC3_chla_S3A_20180722T095755_sui_geneva.tif
2018-07-25T10:20:00.000+00:00,S3A,4.2175,4.17364,4.26136,1,https://eawagrs.s3.eu-central-1.amazonaws.com/alplakes/cropped/sentinel3/geneva/OC3_chla_S3A_20180725T102022_sui_geneva.tif
2018-07-26T09:54:00.000+00:00,S3A,3.93818,2.56561,10.58754,66,https://eawagrs.s3.eu-central-1.amazonaws.com/alplakes/cropped/sentinel3/geneva/OC3_chla_S3A_20180726T095411_sui_geneva.tif
2018-07-30T09:50:00.000+00:00,S3A,3.91601,2.54095,10.45086,56,https://eawagrs.s3.eu-central-1.amazonaws.com/alplakes/cropped/sentinel3/geneva/OC3_chla_S3A_20180730T095026_sui_geneva.tif
2018-07-27T09:28:00.000+00:00,S3A,4.56994,2.973,9.37986,32,https://eawagrs.s3.eu-central-1.amazonaws.com/alplakes/cropped/sentinel3/geneva/OC3_chla_S3A_20180727T092800_sui_geneva.tif
2018-07-29T10:16:00.000+00:00,S3A,3.76031,2.52739,10.52988,46,https://eawagrs.s3.eu-central-1.amazonaws.com/alplakes/cropped/sentinel3/geneva/OC3_chla_S3A_20180729T101637_sui_geneva.tif
2018-08-02T10:12:00.000+00:00,S3A,2.96836,2.15428,11.85205,30,https://eawagrs.s3.eu-central-1.amazonaws.com/alplakes/cropped/sentinel3/geneva/OC3_chla_S3A_20180802T101253_sui_geneva.tif
2018-08-03T09:46:00.000+00:00,S3A,3.02082,2.5013,11.01712,19,https://eawagrs.s3.eu-central-1.amazonaws.com/alplakes/cropped/sentinel3/geneva/OC3_chla_S3A_20180803T094642_sui_geneva.tif
2018-08-07T09:42:00.000+00:00,S3A,3.74184,2.94607,8.85185,9,https://eawagrs.s3.eu-central-1.amazonaws.com/alplakes/cropped/sentinel3/geneva/OC3_chla_S3A_20180807T094258_sui_geneva.tif
2018-08-10T10:05:00.000+00:00,S3A,2.94401,2.14784,12.18327,81,https://eawagrs.s3.eu-central-1.amazonaws.com/alplakes/cropped/sentinel3/geneva/OC3_chla_S3A_20180810T100524_sui_geneva.tif
2018-08-14T10:01:00.000+00:00,S3A,3.49355,2.3923,10.04763,15,https://eawagrs.s3.eu-central-1.amazonaws.com/alplakes/cropped/sentinel3/geneva/OC3_chla_S3A_20180814T100140_sui_geneva.tif
2018-08-15T09:35:00.000+00:00,S3A,4.00582,2.48235,9.47125,74,https://eawagrs.s3.eu-central-1.amazonaws.com/alplakes/cropped/sentinel3/geneva/OC3_chla_S3A_20180815T093529_sui_geneva.tif
2018-08-18T09:57:00.000+00:00,S3A,3.57814,2.52273,8.9188,21,https://eawagrs.s3.eu-central-1.amazonaws.com/alplakes/cropped/sentinel3/geneva/OC3_chla_S3A_20180818T095755_sui_geneva.tif
2018-08-19T09:31:00.000+00:00,S3A,4.56483,3.42612,6.05171,2,https://eawagrs.s3.eu-central-1.amazonaws.com/alplakes/cropped/sentinel3/geneva/OC3_chla_S3A_20180819T093144_sui_geneva.tif
2018-08-21T10:20:00.000+00:00,S3A,4.47517,3.19554,11.32039,63,https://eawagrs.s3.eu-central-1.amazonaws.com/alplakes/cropped/sentinel3/geneva/OC3_chla_S3A_20180821T102022_sui_geneva.tif
2018-08-22T09:54:00.000+00:00,S3A,4.75129,3.39762,9.00471,10,https://eawagrs.s3.eu-central-1.amazonaws.com/alplakes/cropped/sentinel3/geneva/OC3_chla_S3A_20180822T095411_sui_geneva.tif
2018-08-23T09:28:00.000+00:00,S3A,5.53964,4.67085,6.56533,2,https://eawagrs.s3.eu-central-1.amazonaws.com/alplakes/cropped/sentinel3/geneva/OC3_chla_S3A_20180823T092800_sui_geneva.tif
2018-08-27T09:24:00.000+00:00,S3A,5.64289,3.5848,8.93723,67,https://eawagrs.s3.eu-central-1.amazonaws.com/alplakes/cropped/sentinel3/geneva/OC3_chla_S3A_20180827T092416_sui_geneva.tif
2018-08-26T09:50:00.000+00:00,S3A,4.98424,2.89516,9.88507,69,https://eawagrs.s3.eu-central-1.amazonaws.com/alplakes/cropped/sentinel3/geneva/OC3_chla_S3A_20180826T095026_sui_geneva.tif
2018-08-29T10:12:00.000+00:00,S3A,7.02411,4.24369,12.88427,7,https://eawagrs.s3.eu-central-1.amazonaws.com/alplakes/cropped/sentinel3/geneva/OC3_chla_S3A_20180829T101255_sui_geneva.tif
2018-08-30T09:46:00.000+00:00,S3A,9.40007,8.90093,9.68111,1,https://eawagrs.s3.eu-central-1.amazonaws.com/alplakes/cropped/sentinel3/geneva/OC3_chla_S3A_20180830T094644_sui_geneva.tif
2018-09-02T10:09:00.000+00:00,S3A,4.33161,2.81535,8.05938,19,https://eawagrs.s3.eu-central-1.amazonaws.com/alplakes/cropped/sentinel3/geneva/OC3_chla_S3A_20180902T100911_sui_geneva.tif
2018-09-03T09:43:00.000+00:00,S3A,4.69277,2.65956,8.35017,34,https://eawagrs.s3.eu-central-1.amazonaws.com/alplakes/cropped/sentinel3/geneva/OC3_chla_S3A_20180903T094301_sui_geneva.tif
2018-09-07T09:39:00.000+00:00,S3A,6.29015,3.46294,10.3668,41,https://eawagrs.s3.eu-central-1.amazonaws.com/alplakes/cropped/sentinel3/geneva/OC3_chla_S3A_20180907T093917_sui_geneva.tif
2018-09-09T10:27:00.000+00:00,S3A,6.23698,3.44114,8.61768,3,https://eawagrs.s3.eu-central-1.amazonaws.com/alplakes/cropped/sentinel3/geneva/OC3_chla_S3A_20180909T102755_sui_geneva.tif
2018-09-10T10:01:00.000+00:00,S3A,8.08182,3.30469,10.31555,86,https://eawagrs.s3.eu-central-1.amazonaws.com/alplakes/cropped/sentinel3/geneva/OC3_chla_S3A_20180910T100144_sui_geneva.tif
2018-09-11T09:35:00.000+00:00,S3A,8.89935,5.86234,12.24214,82,https://eawagrs.s3.eu-central-1.amazonaws.com/alplakes/cropped/sentinel3/geneva/OC3_chla_S3A_20180911T093534_sui_geneva.tif
2018-09-13T10:24:00.000+00:00,S3A,9.41586,6.60791,11.34315,66,https://eawagrs.s3.eu-central-1.amazonaws.com/alplakes/cropped/sentinel3/geneva/OC3_chla_S3A_20180913T102411_sui_geneva.tif
2018-09-14T09:58:00.000+00:00,S3A,9.23315,5.32961,12.39194,44,https://eawagrs.s3.eu-central-1.amazonaws.com/alplakes/cropped/sentinel3/geneva/OC3_chla_S3A_20180914T095801_sui_geneva.tif
2018-09-15T09:31:00.000+00:00,S3A,10.003,5.92403,12.36455,83,https://eawagrs.s3.eu-central-1.amazonaws.com/alplakes/cropped/sentinel3/geneva/OC3_chla_S3A_20180915T093150_sui_geneva.tif
2018-09-17T10:20:00.000+00:00,S3A,9.23465,3.21182,12.61832,89,https://eawagrs.s3.eu-central-1.amazonaws.com/alplakes/cropped/sentinel3/geneva/OC3_chla_S3A_20180917T102028_sui_geneva.tif
2018-09-18T09:54:00.000+00:00,S3A,9.25732,5.50854,11.97892,73,https://eawagrs.s3.eu-central-1.amazonaws.com/alplakes/cropped/sentinel3/geneva/OC3_chla_S3A_20180918T095417_sui_geneva.tif
2018-09-19T09:28:00.000+00:00,S3A,9.93439,8.3142,12.29986,31,https://eawagrs.s3.eu-central-1.amazonaws.com/alplakes/cropped/sentinel3/geneva/OC3_chla_S3A_20180919T092806_sui_geneva.tif
2018-09-26T09:46:00.000+00:00,S3A,7.55323,3.16856,11.09686,87,https://eawagrs.s3.eu-central-1.amazonaws.com/alplakes/cropped/sentinel3/geneva/OC3_chla_S3A_20180926T094649_sui_geneva.tif
2018-09-25T10:13:00.000+00:00,S3A,7.16023,2.15491,11.00373,90,https://eawagrs.s3.eu-central-1.amazonaws.com/alplakes/cropped/sentinel3/geneva/OC3_chla_S3A_20180925T101300_sui_geneva.tif
2018-09-22T09:50:00.000+00:00,S3A,8.85473,6.08085,11.10989,4,https://eawagrs.s3.eu-central-1.amazonaws.com/alplakes/cropped/sentinel3/geneva/OC3_chla_S3A_20180922T095033_sui_geneva.tif
2018-09-27T09:20:00.000+00:00,S3A,8.91244,4.42183,11.66537,77,https://eawagrs.s3.eu-central-1.amazonaws.com/alplakes/cropped/sentinel3/geneva/OC3_chla_S3A_20180927T092039_sui_geneva.tif
2018-09-30T09:43:00.000+00:00,S3A,7.86468,4.36062,12.24579,54,https://eawagrs.s3.eu-central-1.amazonaws.com/alplakes/cropped/sentinel3/geneva/OC3_chla_S3A_20180930T094305_sui_geneva.tif
2018-09-29T10:09:00.000+00:00,S3A,8.48116,7.12561,9.88478,2,https://eawagrs.s3.eu-central-1.amazonaws.com/alplakes/cropped/sentinel3/geneva/OC3_chla_S3A_20180929T100916_sui_geneva.tif
2018-10-03T10:05:00.000+00:00,S3A,4.60725,2.12803,9.37531,79,https://eawagrs.s3.eu-central-1.amazonaws.com/alplakes/cropped/sentinel3/geneva/OC3_chla_S3A_20181003T100532_sui_geneva.tif
2018-10-04T09:39:00.000+00:00,S3A,5.09624,2.36166,9.85947,28,https://eawagrs.s3.eu-central-1.amazonaws.com/alplakes/cropped/sentinel3/geneva/OC3_chla_S3A_20181004T093921_sui_geneva.tif
2018-10-08T09:35:00.000+00:00,S3A,4.73638,2.71338,8.36709,2,https://eawagrs.s3.eu-central-1.amazonaws.com/alplakes/cropped/sentinel3/geneva/OC3_chla_S3A_20181008T093537_sui_geneva.tif
2018-10-11T09:58:00.000+00:00,S3A,4.02452,2.25058,9.32017,1,https://eawagrs.s3.eu-central-1.amazonaws.com/alplakes/cropped/sentinel3/geneva/OC3_chla_S3A_20181011T095804_sui_geneva.tif
2018-10-10T10:24:00.000+00:00,S3A,3.39014,2.26867,9.80174,4,https://eawagrs.s3.eu-central-1.amazonaws.com/alplakes/cropped/sentinel3/geneva/OC3_chla_S3A_20181010T102415_sui_geneva.tif
2018-10-14T10:20:00.000+00:00,S3A,2.66553,1.80298,10.12966,42,https://eawagrs.s3.eu-central-1.amazonaws.com/alplakes/cropped/sentinel3/geneva/OC3_chla_S3A_20181014T102031_sui_geneva.tif
2018-10-18T10:16:00.000+00:00,S3A,3.27971,2.02243,9.69732,3,https://eawagrs.s3.eu-central-1.amazonaws.com/alplakes/cropped/sentinel3/geneva/OC3_chla_S3A_20181018T101646_sui_geneva.tif
2018-10-15T09:54:00.000+00:00,S3A,3.04166,1.81801,10.22499,40,https://eawagrs.s3.eu-central-1.amazonaws.com/alplakes/cropped/sentinel3/geneva/OC3_chla_S3A_20181015T095420_sui_geneva.tif
2018-10-16T09:28:00.000+00:00,S3A,4.0502,2.8676,6.21268,1,https://eawagrs.s3.eu-central-1.amazonaws.com/alplakes/cropped/sentinel3/geneva/OC3_chla_S3A_20181016T092809_sui_geneva.tif
2018-10-22T10:13:00.000+00:00,S3A,2.81135,1.34759,10.21969,11,https://eawagrs.s3.eu-central-1.amazonaws.com/alplakes/cropped/sentinel3/geneva/OC3_chla_S3A_20181022T101302_sui_geneva.tif
2018-10-26T10:09:00.000+00:00,S3A,5.83931,2.26823,8.41502,1,https://eawagrs.s3.eu-central-1.amazonaws.com/alplakes/cropped/sentinel3/geneva/OC3_chla_S3A_20181026T100918_sui_geneva.tif
2018-10-23T09:46:00.000+00:00,S3A,2.60263,1.5544,9.14242,6,https://eawagrs.s3.eu-central-1.amazonaws.com/alplakes/cropped/sentinel3/geneva/OC3_chla_S3A_20181023T094651_sui_geneva.tif
2018-10-24T09:20:00.000+00:00,S3A,7.02575,3.57081,10.88403,1,https://eawagrs.s3.eu-central-1.amazonaws.com/alplakes/cropped/sentinel3/geneva/OC3_chla_S3A_20181024T092040_sui_geneva.tif
2018-11-03T10:01:00.000+00:00,S3A,2.87715,1.82693,8.70897,2,https://eawagrs.s3.eu-central-1.amazonaws.com/alplakes/cropped/sentinel3/geneva/OC3_chla_S3A_20181103T100149_sui_geneva.tif
2018-11-06T10:24:00.000+00:00,S3A,6.56752,2.70817,9.51393,1,https://eawagrs.s3.eu-central-1.amazonaws.com/alplakes/cropped/sentinel3/geneva/OC3_chla_S3A_20181106T102415_sui_geneva.tif
2018-11-08T09:31:00.000+00:00,S3A,9.16086,7.91451,9.86225,1,https://eawagrs.s3.eu-central-1.amazonaws.com/alplakes/cropped/sentinel3/geneva/OC3_chla_S3A_20181108T093153_sui_geneva.tif
2018-11-15T09:50:00.000+00:00,S3A,5.80845,1.80912,12.2789,9,https://eawagrs.s3.eu-central-1.amazonaws.com/alplakes/cropped/sentinel3/geneva/OC3_chla_S3A_20181115T095034_sui_geneva.tif
2018-11-14T10:16:00.000+00:00,S3A,3.75881,0.07341,10.46579,6,https://eawagrs.s3.eu-central-1.amazonaws.com/alplakes/cropped/sentinel3/geneva/OC3_chla_S3A_20181114T101645_sui_geneva.tif
2018-11-11T09:54:00.000+00:00,S3A,9.47272,6.82147,10.86873,1,https://eawagrs.s3.eu-central-1.amazonaws.com/alplakes/cropped/sentinel3/geneva/OC3_chla_S3A_20181111T095419_sui_geneva.tif
2018-11-16T09:24:00.000+00:00,S3A,10.76091,7.74886,13.52565,2,https://eawagrs.s3.eu-central-1.amazonaws.com/alplakes/cropped/sentinel3/geneva/OC3_chla_S3A_20181116T092423_sui_geneva.tif
2018-11-18T10:13:00.000+00:00,S3A,5.13421,1.83706,10.45052,3,https://eawagrs.s3.eu-central-1.amazonaws.com/alplakes/cropped/sentinel3/geneva/OC3_chla_S3A_20181118T101301_sui_geneva.tif
2018-11-22T10:09:00.000+00:00,S3A,6.39216,2.37448,9.7862,1,https://eawagrs.s3.eu-central-1.amazonaws.com/alplakes/cropped/sentinel3/geneva/OC3_chla_S3A_20181122T100916_sui_geneva.tif
2018-11-27T09:39:00.000+00:00,S3A,7.30067,2.5939,13.02771,2,https://eawagrs.s3.eu-central-1.amazonaws.com/alplakes/cropped/sentinel3/geneva/OC3_chla_S3A_20181127T093919_sui_geneva.tif
2018-12-01T09:35:00.000+00:00,S3A,8.64505,2.87959,12.77915,4,https://eawagrs.s3.eu-central-1.amazonaws.com/alplakes/cropped/sentinel3/geneva/OC3_chla_S3A_20181201T093534_sui_geneva.tif
2018-12-03T10:24:00.000+00:00,S3A,12.39417,9.11447,15.67387,1,https://eawagrs.s3.eu-central-1.amazonaws.com/alplakes/cropped/sentinel3/geneva/OC3_chla_S3A_20181203T102412_sui_geneva.tif
2018-12-05T09:31:00.000+00:00,S3A,10.10049,10.10049,10.10049,1,https://eawagrs.s3.eu-central-1.amazonaws.com/alplakes/cropped/sentinel3/geneva/OC3_chla_S3A_20181205T093150_sui_geneva.tif
2018-12-07T10:20:00.000+00:00,S3A,5.08361,1.66502,19.96221,16,https://eawagrs.s3.eu-central-1.amazonaws.com/alplakes/cropped/sentinel3/geneva/OC3_chla_S3A_20181207T102027_sui_geneva.tif
2018-12-08T09:54:00.000+00:00,S3A,7.81933,0,23.27784,2,https://eawagrs.s3.eu-central-1.amazonaws.com/alplakes/cropped/sentinel3/geneva/OC3_chla_S3A_20181208T095416_sui_geneva.tif
2018-12-11T10:16:00.000+00:00,S3A,3.80697,0.20428,22.71638,20,https://eawagrs.s3.eu-central-1.amazonaws.com/alplakes/cropped/sentinel3/geneva/OC3_chla_S3A_20181211T101642_sui_geneva.tif
2018-12-12T09:50:00.000+00:00,S3A,6.06763,0.24883,23.78846,23,https://eawagrs.s3.eu-central-1.amazonaws.com/alplakes/cropped/sentinel3/geneva/OC3_chla_S3A_20181212T095030_sui_geneva.tif
2018-12-13T09:24:00.000+00:00,S3A,9.17309,0,15.63972,17,https://eawagrs.s3.eu-central-1.amazonaws.com/alplakes/cropped/sentinel3/geneva/OC3_chla_S3A_20181213T092419_sui_geneva.tif
2018-12-15T10:12:00.000+00:00,S3A,4.13868,0,22.78139,9,https://eawagrs.s3.eu-central-1.amazonaws.com/alplakes/cropped/sentinel3/geneva/OC3_chla_S3A_20181215T101256_sui_geneva.tif
2018-12-20T09:43:00.000+00:00,S3A,4.02193,3.6894,4.65365,1,https://eawagrs.s3.eu-central-1.amazonaws.com/alplakes/cropped/sentinel3/geneva/OC3_chla_S3A_20181220T094300_sui_geneva.tif
2018-12-27T10:01:00.000+00:00,S3A,8.66512,8.66512,8.66512,1,https://eawagrs.s3.eu-central-1.amazonaws.com/alplakes/cropped/sentinel3/geneva/OC3_chla_S3A_20181227T100144_sui_geneva.tif
2019-01-01T09:31:00.000+00:00,S3A,10.92204,6.26274,15.81564,4,https://eawagrs.s3.eu-central-1.amazonaws.com/alplakes/cropped/sentinel3/geneva/OC3_chla_S3A_20190101T093149_sui_geneva.tif
2018-12-31T09:58:00.000+00:00,S3A,11.20208,10.9433,11.60321,1,https://eawagrs.s3.eu-central-1.amazonaws.com/alplakes/cropped/sentinel3/geneva/OC3_chla_S3A_20181231T095800_sui_geneva.tif
2019-01-03T10:20:00.000+00:00,S3A,3.75501,0.73617,20.92518,12,https://eawagrs.s3.eu-central-1.amazonaws.com/alplakes/cropped/sentinel3/geneva/OC3_chla_S3A_20190103T102027_sui_geneva.tif
2019-01-04T09:54:00.000+00:00,S3A,4.32999,1.20452,84.42679,17,https://eawagrs.s3.eu-central-1.amazonaws.com/alplakes/cropped/sentinel3/geneva/OC3_chla_S3A_20190104T095416_sui_geneva.tif
2019-01-07T10:16:00.000+00:00,S3A,6.81299,2.06865,11.91658,1,https://eawagrs.s3.eu-central-1.amazonaws.com/alplakes/cropped/sentinel3/geneva/OC3_chla_S3A_20190107T101643_sui_geneva.tif
2019-01-09T09:24:00.000+00:00,S3A,32.92386,7.0722,49.28961,3,https://eawagrs.s3.eu-central-1.amazonaws.com/alplakes/cropped/sentinel3/geneva/OC3_chla_S3A_20190109T092421_sui_geneva.tif
2019-01-11T10:12:00.000+00:00,S3A,4.09765,0.00259,23.18443,9,https://eawagrs.s3.eu-central-1.amazonaws.com/alplakes/cropped/sentinel3/geneva/OC3_chla_S3A_20190111T101259_sui_geneva.tif
2019-01-12T09:46:00.000+00:00,S3A,11.60946,11.15291,12.06602,1,https://eawagrs.s3.eu-central-1.amazonaws.com/alplakes/cropped/sentinel3/geneva/OC3_chla_S3A_20190112T094648_sui_geneva.tif
2019-01-15T10:09:00.000+00:00,S3A,4.10272,1.89606,13.55848,8,https://eawagrs.s3.eu-central-1.amazonaws.com/alplakes/cropped/sentinel3/geneva/OC3_chla_S3A_20190115T100915_sui_geneva.tif
2019-01-16T09:43:00.000+00:00,S3A,5.21167,1.85414,12.31385,21,https://eawagrs.s3.eu-central-1.amazonaws.com/alplakes/cropped/sentinel3/geneva/OC3_chla_S3A_20190116T094304_sui_geneva.tif
2019-01-19T10:05:00.000+00:00,S3A,3.1106,0,24.46655,11,https://eawagrs.s3.eu-central-1.amazonaws.com/alplakes/cropped/sentinel3/geneva/OC3_chla_S3A_20190119T100531_sui_geneva.tif
2019-01-20T09:39:00.000+00:00,S3A,9.11734,3.11939,12.59203,1,https://eawagrs.s3.eu-central-1.amazonaws.com/alplakes/cropped/sentinel3/geneva/OC3_chla_S3A_20190120T093920_sui_geneva.tif
2019-01-23T10:01:00.000+00:00,S3A,1.59211,0.00117,3.05105,1,https://eawagrs.s3.eu-central-1.amazonaws.com/alplakes/cropped/sentinel3/geneva/OC3_chla_S3A_20190123T100147_sui_geneva.tif
2019-01-24T09:35:00.000+00:00,S3A,5.13109,3.66041,5.86643,1,https://eawagrs.s3.eu-central-1.amazonaws.com/alplakes/cropped/sentinel3/geneva/OC3_chla_S3A_20190124T093536_sui_geneva.tif
2019-01-28T09:31:00.000+00:00,S3A,3.64356,0,21.20979,2,https://eawagrs.s3.eu-central-1.amazonaws.com/alplakes/cropped/sentinel3/geneva/OC3_chla_S3A_20190128T093152_sui_geneva.tif
2019-01-26T10:24:00.000+00:00,S3A,5.15359,1.53961,11.50628,3,https://eawagrs.s3.eu-central-1.amazonaws.com/alplakes/cropped/sentinel3/geneva/OC3_chla_S3A_20190126T102413_sui_geneva.tif
2019-01-27T09:58:00.000+00:00,S3A,2.90568,0.02043,11.23002,4,https://eawagrs.s3.eu-central-1.amazonaws.com/alplakes/cropped/sentinel3/geneva/OC3_chla_S3A_20190127T095803_sui_geneva.tif
2019-01-31T09:54:00.000+00:00,S3A,1.07112,0.24003,1.99083,1,https://eawagrs.s3.eu-central-1.amazonaws.com/alplakes/cropped/sentinel3/geneva/OC3_chla_S3A_20190131T095418_sui_geneva.tif
2019-02-03T10:16:00.000+00:00,S3A,5.70403,1.96026,8.78718,1,https://eawagrs.s3.eu-central-1.amazonaws.com/alplakes/cropped/sentinel3/geneva/OC3_chla_S3A_20190203T101645_sui_geneva.tif
2019-02-05T09:24:00.000+00:00,S3A,2.85119,1.02223,13.56683,6,https://eawagrs.s3.eu-central-1.amazonaws.com/alplakes/cropped/sentinel3/geneva/OC3_chla_S3A_20190205T092423_sui_geneva.tif
2019-02-08T09:46:00.000+00:00,S3A,4.68447,2.72896,5.66223,1,https://eawagrs.s3.eu-central-1.amazonaws.com/alplakes/cropped/sentinel3/geneva/OC3_chla_S3A_20190208T094650_sui_geneva.tif
2019-02-04T09:50:00.000+00:00,S3A,2.58774,0,14.7206,23,https://eawagrs.s3.eu-central-1.amazonaws.com/alplakes/cropped/sentinel3/geneva/OC3_chla_S3A_20190204T095034_sui_geneva.tif
2019-02-11T10:09:00.000+00:00,S3A,0.7185,0,3.56714,1,https://eawagrs.s3.eu-central-1.amazonaws.com/alplakes/cropped/sentinel3/geneva/OC3_chla_S3A_20190211T100916_sui_geneva.tif
2019-02-15T10:05:00.000+00:00,S3A,2.35699,0.09242,14.52041,39,https://eawagrs.s3.eu-central-1.amazonaws.com/alplakes/cropped/sentinel3/geneva/OC3_chla_S3A_20190215T100532_sui_geneva.tif
2019-02-16T09:39:00.000+00:00,S3A,3.64475,0.87634,12.71176,44,https://eawagrs.s3.eu-central-1.amazonaws.com/alplakes/cropped/sentinel3/geneva/OC3_chla_S3A_20190216T093921_sui_geneva.tif
2019-02-18T10:27:00.000+00:00,S3A,3.23315,2.05992,9.0035,3,https://eawagrs.s3.eu-central-1.amazonaws.com/alplakes/cropped/sentinel3/geneva/OC3_chla_S3A_20190218T102758_sui_geneva.tif
2019-02-19T10:01:00.000+00:00,S3A,2.83218,1.5063,12.98744,38,https://eawagrs.s3.eu-central-1.amazonaws.com/alplakes/cropped/sentinel3/geneva/OC3_chla_S3A_20190219T100147_sui_geneva.tif
2019-02-20T09:35:00.000+00:00,S3A,5.96109,2.1492,12.67621,41,https://eawagrs.s3.eu-central-1.amazonaws.com/alplakes/cropped/sentinel3/geneva/OC3_chla_S3A_20190220T093536_sui_geneva.tif
2019-02-22T10:24:00.000+00:00,S3A,3.57833,1.55084,13.69853,58,https://eawagrs.s3.eu-central-1.amazonaws.com/alplakes/cropped/sentinel3/geneva/OC3_chla_S3A_20190222T102414_sui_geneva.tif
2019-02-24T09:31:00.000+00:00,S3A,5.26778,1.82937,12.1449,69,https://eawagrs.s3.eu-central-1.amazonaws.com/alplakes/cropped/sentinel3/geneva/OC3_chla_S3A_20190224T093152_sui_geneva.tif
2019-02-23T09:58:00.000+00:00,S3A,3.18692,1.05368,12.64065,15,https://eawagrs.s3.eu-central-1.amazonaws.com/alplakes/cropped/sentinel3/geneva/OC3_chla_S3A_20190223T095803_sui_geneva.tif
2019-02-26T10:20:00.000+00:00,S3A,3.2728,1.24582,13.07698,49,https://eawagrs.s3.eu-central-1.amazonaws.com/alplakes/cropped/sentinel3/geneva/OC3_chla_S3A_20190226T102029_sui_geneva.tif
2019-02-27T09:54:00.000+00:00,S3A,5.68375,1.93645,14.58146,69,https://eawagrs.s3.eu-central-1.amazonaws.com/alplakes/cropped/sentinel3/geneva/OC3_chla_S3A_20190227T095418_sui_geneva.tif
2019-02-28T09:28:00.000+00:00,S3A,7.57958,2.55338,15.03281,2,https://eawagrs.s3.eu-central-1.amazonaws.com/alplakes/cropped/sentinel3/geneva/OC3_chla_S3A_20190228T092807_sui_geneva.tif
2019-02-12T09:43:00.000+00:00,S3A,2.10089,0.61645,10.31431,14,https://eawagrs.s3.eu-central-1.amazonaws.com/alplakes/cropped/sentinel3/geneva/OC3_chla_S3A_20190212T094305_sui_geneva.tif
2019-03-03T09:50:00.000+00:00,S3A,4.93488,1.76619,13.09723,31,https://eawagrs.s3.eu-central-1.amazonaws.com/alplakes/cropped/sentinel3/geneva/OC3_chla_S3A_20190303T095033_sui_geneva.tif
2019-03-11T09:43:00.000+00:00,S3A,2.65025,0.17153,7.12672,1,https://eawagrs.s3.eu-central-1.amazonaws.com/alplakes/cropped/sentinel3/geneva/OC3_chla_S3A_20190311T094303_sui_geneva.tif
2019-03-18T10:01:00.000+00:00,S3A,2.26657,0.25378,11.96743,16,https://eawagrs.s3.eu-central-1.amazonaws.com/alplakes/cropped/sentinel3/geneva/OC3_chla_S3A_20190318T100146_sui_geneva.tif
2019-03-22T09:58:00.000+00:00,S3A,2.28657,1.03015,12.50213,60,https://eawagrs.s3.eu-central-1.amazonaws.com/alplakes/cropped/sentinel3/geneva/OC3_chla_S3A_20190322T095802_sui_geneva.tif
2019-03-19T09:35:00.000+00:00,S3A,2.62843,1.34952,12.15772,70,https://eawagrs.s3.eu-central-1.amazonaws.com/alplakes/cropped/sentinel3/geneva/OC3_chla_S3A_20190319T093535_sui_geneva.tif
2019-03-21T10:24:00.000+00:00,S3A,2.13573,1.2826,12.20183,79,https://eawagrs.s3.eu-central-1.amazonaws.com/alplakes/cropped/sentinel3/geneva/OC3_chla_S3A_20190321T102413_sui_geneva.tif
2019-03-23T09:31:00.000+00:00,S3A,3.28367,1.78692,10.03695,70,https://eawagrs.s3.eu-central-1.amazonaws.com/alplakes/cropped/sentinel3/geneva/OC3_chla_S3A_20190323T093152_sui_geneva.tif
2019-03-25T10:20:00.000+00:00,S3A,3.40499,2.14441,13.962,12,https://eawagrs.s3.eu-central-1.amazonaws.com/alplakes/cropped/sentinel3/geneva/OC3_chla_S3A_20190325T102029_sui_geneva.tif
2019-03-26T09:54:00.000+00:00,S3A,2.58222,1.06974,19.43395,75,https://eawagrs.s3.eu-central-1.amazonaws.com/alplakes/cropped/sentinel3/geneva/OC3_chla_S3A_20190326T095419_sui_geneva.tif
2019-03-27T09:28:00.000+00:00,S3A,2.88488,1.67371,12.79691,71,https://eawagrs.s3.eu-central-1.amazonaws.com/alplakes/cropped/sentinel3/geneva/OC3_chla_S3A_20190327T092808_sui_geneva.tif
2019-03-30T09:50:00.000+00:00,S3A,2.5482,1.26256,12.50488,81,https://eawagrs.s3.eu-central-1.amazonaws.com/alplakes/cropped/sentinel3/geneva/OC3_chla_S3A_20190330T095035_sui_geneva.tif
2019-03-29T10:16:00.000+00:00,S3A,2.29527,1.11156,13.88435,84,https://eawagrs.s3.eu-central-1.amazonaws.com/alplakes/cropped/sentinel3/geneva/OC3_chla_S3A_20190329T101646_sui_geneva.tif
2019-03-31T09:24:00.000+00:00,S3A,3.80043,2.16458,11.76442,28,https://eawagrs.s3.eu-central-1.amazonaws.com/alplakes/cropped/sentinel3/geneva/OC3_chla_S3A_20190331T092424_sui_geneva.tif
2019-04-02T10:13:00.000+00:00,S3A,3.06851,2.0107,11.9449,57,https://eawagrs.s3.eu-central-1.amazonaws.com/alplakes/cropped/sentinel3/geneva/OC3_chla_S3A_20190402T101302_sui_geneva.tif
2019-04-03T09:46:00.000+00:00,S3A,4.64159,2.73106,9.71312,2,https://eawagrs.s3.eu-central-1.amazonaws.com/alplakes/cropped/sentinel3/geneva/OC3_chla_S3A_20190403T094652_sui_geneva.tif
2019-04-06T10:09:00.000+00:00,S3A,3.79219,1.80824,12.65577,60,https://eawagrs.s3.eu-central-1.amazonaws.com/alplakes/cropped/sentinel3/geneva/OC3_chla_S3A_20190406T100919_sui_geneva.tif
2019-04-10T10:05:00.000+00:00,S3A,5.7724,2.463,13.62612,84,https://eawagrs.s3.eu-central-1.amazonaws.com/alplakes/cropped/sentinel3/geneva/OC3_chla_S3A_20190410T100535_sui_geneva.tif
2019-04-13T10:28:00.000+00:00,S3A,4.36234,3.67016,4.95807,1,https://eawagrs.s3.eu-central-1.amazonaws.com/alplakes/cropped/sentinel3/geneva/OC3_chla_S3A_20190413T102802_sui_geneva.tif
2019-04-15T09:35:00.000+00:00,S3A,6.29534,2.43485,11.40262,82,https://eawagrs.s3.eu-central-1.amazonaws.com/alplakes/cropped/sentinel3/geneva/OC3_chla_S3A_20190415T093540_sui_geneva.tif
2019-04-14T10:01:00.000+00:00,S3A,5.8167,2.29621,11.28275,79,https://eawagrs.s3.eu-central-1.amazonaws.com/alplakes/cropped/sentinel3/geneva/OC3_chla_S3A_20190414T100151_sui_geneva.tif
2019-04-18T09:58:00.000+00:00,S3A,5.52268,2.29076,12.73433,75,https://eawagrs.s3.eu-central-1.amazonaws.com/alplakes/cropped/sentinel3/geneva/OC3_chla_S3A_20190418T095807_sui_geneva.tif
2019-04-17T10:24:00.000+00:00,S3A,5.77546,2.36205,12.61028,85,https://eawagrs.s3.eu-central-1.amazonaws.com/alplakes/cropped/sentinel3/geneva/OC3_chla_S3A_20190417T102418_sui_geneva.tif
2019-04-19T09:31:00.000+00:00,S3A,5.58926,3.4559,11.80349,36,https://eawagrs.s3.eu-central-1.amazonaws.com/alplakes/cropped/sentinel3/geneva/OC3_chla_S3A_20190419T093157_sui_geneva.tif
2019-04-22T09:54:00.000+00:00,S3A,9.18995,8.61601,9.53595,1,https://eawagrs.s3.eu-central-1.amazonaws.com/alplakes/cropped/sentinel3/geneva/OC3_chla_S3A_20190422T095423_sui_geneva.tif
2019-04-25T10:16:00.000+00:00,S3A,3.04911,2.19359,9.04006,18,https://eawagrs.s3.eu-central-1.amazonaws.com/alplakes/cropped/sentinel3/geneva/OC3_chla_S3A_20190425T101650_sui_geneva.tif
2019-04-29T10:13:00.000+00:00,S3A,2.84981,1.42755,9.81434,25,https://eawagrs.s3.eu-central-1.amazonaws.com/alplakes/cropped/sentinel3/geneva/OC3_chla_S3A_20190429T101306_sui_geneva.tif
2019-05-01T09:20:00.000+00:00,S3A,3.18379,2.38159,8.74655,51,https://eawagrs.s3.eu-central-1.amazonaws.com/alplakes/cropped/sentinel3/geneva/OC3_chla_S3A_20190501T092044_sui_geneva.tif
2019-04-30T09:46:00.000+00:00,S3A,3.02354,2.23645,12.80118,69,https://eawagrs.s3.eu-central-1.amazonaws.com/alplakes/cropped/sentinel3/geneva/OC3_chla_S3A_20190430T094655_sui_geneva.tif
2019-05-03T10:09:00.000+00:00,S3A,3.02806,2.27994,7.29993,6,https://eawagrs.s3.eu-central-1.amazonaws.com/alplakes/cropped/sentinel3/geneva/OC3_chla_S3A_20190503T100922_sui_geneva.tif
2019-05-07T10:05:00.000+00:00,S3A,2.66919,1.39082,10.3718,57,https://eawagrs.s3.eu-central-1.amazonaws.com/alplakes/cropped/sentinel3/geneva/OC3_chla_S3A_20190507T100538_sui_geneva.tif
2019-05-10T10:28:00.000+00:00,S3A,2.23991,1.7148,2.87801,1,https://eawagrs.s3.eu-central-1.amazonaws.com/alplakes/cropped/sentinel3/geneva/OC3_chla_S3A_20190510T102804_sui_geneva.tif
2019-05-12T09:35:00.000+00:00,S3A,3.13325,2.04238,7.65088,28,https://eawagrs.s3.eu-central-1.amazonaws.com/alplakes/cropped/sentinel3/geneva/OC3_chla_S3A_20190512T093543_sui_geneva.tif
2019-05-14T10:24:00.000+00:00,S3A,2.5422,1.00728,13.60583,47,https://eawagrs.s3.eu-central-1.amazonaws.com/alplakes/cropped/sentinel3/geneva/OC3_chla_S3A_20190514T102420_sui_geneva.tif
2019-05-11T10:01:00.000+00:00,S3A,2.73687,2.47682,3.00602,1,https://eawagrs.s3.eu-central-1.amazonaws.com/alplakes/cropped/sentinel3/geneva/OC3_chla_S3A_20190511T100154_sui_geneva.tif
2019-05-15T09:58:00.000+00:00,S3A,2.10125,0.51448,12.74297,71,https://eawagrs.s3.eu-central-1.amazonaws.com/alplakes/cropped/sentinel3/geneva/OC3_chla_S3A_20190515T095809_sui_geneva.tif
2019-05-16T09:31:00.000+00:00,S3A,2.3091,1.88149,9.51798,35,https://eawagrs.s3.eu-central-1.amazonaws.com/alplakes/cropped/sentinel3/geneva/OC3_chla_S3A_20190516T093158_sui_geneva.tif
2019-05-22T10:16:00.000+00:00,S3A,2.52372,1.70986,8.4115,52,https://eawagrs.s3.eu-central-1.amazonaws.com/alplakes/cropped/sentinel3/geneva/OC3_chla_S3A_20190522T101651_sui_geneva.tif
2019-05-23T09:50:00.000+00:00,S3A,2.78532,2.0991,8.38616,16,https://eawagrs.s3.eu-central-1.amazonaws.com/alplakes/cropped/sentinel3/geneva/OC3_chla_S3A_20190523T095040_sui_geneva.tif
2019-05-26T10:13:00.000+00:00,S3A,2.86159,2.07808,12.64435,15,https://eawagrs.s3.eu-central-1.amazonaws.com/alplakes/cropped/sentinel3/geneva/OC3_chla_S3A_20190526T101307_sui_geneva.tif
2019-05-27T09:46:00.000+00:00,S3A,3.57237,2.30631,8.14107,11,https://eawagrs.s3.eu-central-1.amazonaws.com/alplakes/cropped/sentinel3/geneva/OC3_chla_S3A_20190527T094656_sui_geneva.tif
2019-05-31T09:43:00.000+00:00,S3A,3.5165,2.19483,8.67807,81,https://eawagrs.s3.eu-central-1.amazonaws.com/alplakes/cropped/sentinel3/geneva/OC3_chla_S3A_20190531T094311_sui_geneva.tif
2019-05-30T10:09:00.000+00:00,S3A,3.33395,2.07457,8.91237,80,https://eawagrs.s3.eu-central-1.amazonaws.com/alplakes/cropped/sentinel3/geneva/OC3_chla_S3A_20190530T100922_sui_geneva.tif
2019-06-03T10:05:00.000+00:00,S3A,3.36826,2.26004,7.404,2,https://eawagrs.s3.eu-central-1.amazonaws.com/alplakes/cropped/sentinel3/geneva/OC3_chla_S3A_20190603T100537_sui_geneva.tif
2019-06-07T10:01:00.000+00:00,S3A,5.78195,2.50907,9.93072,67,https://eawagrs.s3.eu-central-1.amazonaws.com/alplakes/cropped/sentinel3/geneva/OC3_chla_S3A_20190607T100153_sui_geneva.tif
2019-06-08T09:35:00.000+00:00,S3A,6.16655,2.74602,9.3884,59,https://eawagrs.s3.eu-central-1.amazonaws.com/alplakes/cropped/sentinel3/geneva/OC3_chla_S3A_20190608T093541_sui_geneva.tif
2019-06-12T09:31:00.000+00:00,S3A,6.64977,3.07479,10.62236,74,https://eawagrs.s3.eu-central-1.amazonaws.com/alplakes/cropped/sentinel3/geneva/OC3_chla_S3A_20190612T093157_sui_geneva.tif
2019-06-15T09:54:00.000+00:00,S3A,4.53648,3.21979,7.17541,14,https://eawagrs.s3.eu-central-1.amazonaws.com/alplakes/cropped/sentinel3/geneva/OC3_chla_S3A_20190615T095423_sui_geneva.tif
2019-06-18T10:16:00.000+00:00,S3A,5.17236,3.87312,7.82504,2,https://eawagrs.s3.eu-central-1.amazonaws.com/alplakes/cropped/sentinel3/geneva/OC3_chla_S3A_20190618T101650_sui_geneva.tif
2019-06-16T09:28:00.000+00:00,S3A,7.27529,4.13388,11.68176,80,https://eawagrs.s3.eu-central-1.amazonaws.com/alplakes/cropped/sentinel3/geneva/OC3_chla_S3A_20190616T092812_sui_geneva.tif
2019-06-19T09:50:00.000+00:00,S3A,6.50954,4.16427,9.36418,23,https://eawagrs.s3.eu-central-1.amazonaws.com/alplakes/cropped/sentinel3/geneva/OC3_chla_S3A_20190619T095039_sui_geneva.tif
2019-06-20T09:24:00.000+00:00,S3A,9.26936,8.10148,10.7331,2,https://eawagrs.s3.eu-central-1.amazonaws.com/alplakes/cropped/sentinel3/geneva/OC3_chla_S3A_20190620T092428_sui_geneva.tif
2019-06-24T09:20:00.000+00:00,S3A,3.78014,2.65248,6.51927,21,https://eawagrs.s3.eu-central-1.amazonaws.com/alplakes/cropped/sentinel3/geneva/OC3_chla_S3A_20190624T092044_sui_geneva.tif
2019-06-26T10:09:00.000+00:00,S3A,3.59984,2.47404,8.94362,53,https://eawagrs.s3.eu-central-1.amazonaws.com/alplakes/cropped/sentinel3/geneva/OC3_chla_S3A_20190626T100921_sui_geneva.tif
2019-06-23T09:46:00.000+00:00,S3A,4.85533,2.90984,10.47969,86,https://eawagrs.s3.eu-central-1.amazonaws.com/alplakes/cropped/sentinel3/geneva/OC3_chla_S3A_20190623T094655_sui_geneva.tif
2019-06-22T10:13:00.000+00:00,S3A,4.62431,3.00219,9.49757,15,https://eawagrs.s3.eu-central-1.amazonaws.com/alplakes/cropped/sentinel3/geneva/OC3_chla_S3A_20190622T101306_sui_geneva.tif
2019-06-27T09:43:00.000+00:00,S3A,3.37244,2.38835,6.53973,44,https://eawagrs.s3.eu-central-1.amazonaws.com/alplakes/cropped/sentinel3/geneva/OC3_chla_S3A_20190627T094310_sui_geneva.tif
2019-07-01T09:39:00.000+00:00,S3A,3.72139,2.56438,9.37533,23,https://eawagrs.s3.eu-central-1.amazonaws.com/alplakes/cropped/sentinel3/geneva/OC3_chla_S3A_20190701T093926_sui_geneva.tif
2019-06-30T10:05:00.000+00:00,S3A,3.41841,2.3884,9.46669,50,https://eawagrs.s3.eu-central-1.amazonaws.com/alplakes/cropped/sentinel3/geneva/OC3_chla_S3A_20190630T100537_sui_geneva.tif
2019-07-04T10:01:00.000+00:00,S3A,3.73325,2.77056,8.80949,45,https://eawagrs.s3.eu-central-1.amazonaws.com/alplakes/cropped/sentinel3/geneva/OC3_chla_S3A_20190704T100153_sui_geneva.tif
2019-07-05T09:35:00.000+00:00,S3A,3.54828,2.67982,5.67868,59,https://eawagrs.s3.eu-central-1.amazonaws.com/alplakes/cropped/sentinel3/geneva/OC3_chla_S3A_20190705T093542_sui_geneva.tif
2019-07-07T10:24:00.000+00:00,S3A,3.04652,2.39209,3.85673,27,https://eawagrs.s3.eu-central-1.amazonaws.com/alplakes/cropped/sentinel3/geneva/OC3_chla_S3A_20190707T102419_sui_geneva.tif
2019-07-08T09:58:00.000+00:00,S3A,3.26481,2.39939,9.83436,48,https://eawagrs.s3.eu-central-1.amazonaws.com/alplakes/cropped/sentinel3/geneva/OC3_chla_S3A_20190708T095808_sui_geneva.tif
2019-07-15T10:16:00.000+00:00,S3A,4.10323,2.98865,7.5865,3,https://eawagrs.s3.eu-central-1.amazonaws.com/alplakes/cropped/sentinel3/geneva/OC3_chla_S3A_20190715T101650_sui_geneva.tif
2019-07-12T09:54:00.000+00:00,S3A,3.77624,2.69607,9.40705,6,https://eawagrs.s3.eu-central-1.amazonaws.com/alplakes/cropped/sentinel3/geneva/OC3_chla_S3A_20190712T095424_sui_geneva.tif
2019-07-24T09:43:00.000+00:00,S3A,5.23315,3.62176,6.12952,1,https://eawagrs.s3.eu-central-1.amazonaws.com/alplakes/cropped/sentinel3/geneva/OC3_chla_S3A_20190724T094310_sui_geneva.tif
2019-07-19T10:13:00.000+00:00,S3A,4.59496,2.8525,10.54125,76,https://eawagrs.s3.eu-central-1.amazonaws.com/alplakes/cropped/sentinel3/geneva/OC3_chla_S3A_20190719T101305_sui_geneva.tif
2019-07-16T09:50:00.000+00:00,S3A,4.32805,2.57319,9.15034,79,https://eawagrs.s3.eu-central-1.amazonaws.com/alplakes/cropped/sentinel3/geneva/OC3_chla_S3A_20190716T095039_sui_geneva.tif
2019-07-23T10:09:00.000+00:00,S3A,4.36395,2.72049,10.81044,76,https://eawagrs.s3.eu-central-1.amazonaws.com/alplakes/cropped/sentinel3/geneva/OC3_chla_S3A_20190723T100921_sui_geneva.tif
2019-08-01T09:35:00.000+00:00,S3A,3.34264,2.51961,6.2748,7,https://eawagrs.s3.eu-central-1.amazonaws.com/alplakes/cropped/sentinel3/geneva/OC3_chla_S3A_20190801T093540_sui_geneva.tif
2019-07-31T10:01:00.000+00:00,S3A,3.19801,2.28078,4.94365,28,https://eawagrs.s3.eu-central-1.amazonaws.com/alplakes/cropped/sentinel3/geneva/OC3_chla_S3A_20190731T100151_sui_geneva.tif
2019-08-03T10:24:00.000+00:00,S3A,2.53714,2.07043,8.50312,9,https://eawagrs.s3.eu-central-1.amazonaws.com/alplakes/cropped/sentinel3/geneva/OC3_chla_S3A_20190803T102417_sui_geneva.tif
2019-08-08T09:54:00.000+00:00,S3A,2.39057,2.03,8.90008,13,https://eawagrs.s3.eu-central-1.amazonaws.com/alplakes/cropped/sentinel3/geneva/OC3_chla_S3A_20190808T095421_sui_geneva.tif
2019-08-04T09:58:00.000+00:00,S3A,2.42568,1.97828,8.42298,31,https://eawagrs.s3.eu-central-1.amazonaws.com/alplakes/cropped/sentinel3/geneva/OC3_chla_S3A_20190804T095806_sui_geneva.tif
2019-08-09T09:28:00.000+00:00,S3A,4.00474,2.53385,8.35741,1,https://eawagrs.s3.eu-central-1.amazonaws.com/alplakes/cropped/sentinel3/geneva/OC3_chla_S3A_20190809T092810_sui_geneva.tif
2019-08-11T10:16:00.000+00:00,S3A,2.36714,1.99338,11.3611,20,https://eawagrs.s3.eu-central-1.amazonaws.com/alplakes/cropped/sentinel3/geneva/OC3_chla_S3A_20190811T101647_sui_geneva.tif
2019-08-15T10:13:00.000+00:00,S3A,2.54087,2.08944,10.81393,12,https://eawagrs.s3.eu-central-1.amazonaws.com/alplakes/cropped/sentinel3/geneva/OC3_chla_S3A_20190815T101302_sui_geneva.tif
2019-08-30T10:24:00.000+00:00,S3A,2.93541,2.52841,8.7447,1,https://eawagrs.s3.eu-central-1.amazonaws.com/alplakes/cropped/sentinel3/geneva/OC3_chla_S3A_20190830T102413_sui_geneva.tif
2019-09-03T10:20:00.000+00:00,S3A,2.43228,1.95834,9.57683,44,https://eawagrs.s3.eu-central-1.amazonaws.com/alplakes/cropped/sentinel3/geneva/OC3_chla_S3A_20190903T102030_sui_geneva.tif
2019-08-31T09:58:00.000+00:00,S3A,3.3856,2.1292,8.66524,1,https://eawagrs.s3.eu-central-1.amazonaws.com/alplakes/cropped/sentinel3/geneva/OC3_chla_S3A_20190831T095803_sui_geneva.tif
2019-09-04T09:54:00.000+00:00,S3A,2.31013,1.83661,9.18771,39,https://eawagrs.s3.eu-central-1.amazonaws.com/alplakes/cropped/sentinel3/geneva/OC3_chla_S3A_20190904T095419_sui_geneva.tif
2019-09-12T09:46:00.000+00:00,S3A,1.99422,1.48714,9.23538,10,https://eawagrs.s3.eu-central-1.amazonaws.com/alplakes/cropped/sentinel3/geneva/OC3_chla_S3A_20190912T094651_sui_geneva.tif
2019-09-09T09:24:00.000+00:00,S3A,2.39064,2.05603,2.98801,4,https://eawagrs.s3.eu-central-1.amazonaws.com/alplakes/cropped/sentinel3/geneva/OC3_chla_S3A_20190909T092424_sui_geneva.tif
2019-09-13T09:20:00.000+00:00,S3A,2.02871,2.02871,2.02871,1,https://eawagrs.s3.eu-central-1.amazonaws.com/alplakes/cropped/sentinel3/geneva/OC3_chla_S3A_20190913T092040_sui_geneva.tif
2019-09-19T10:05:00.000+00:00,S3A,4.55175,0.89009,11.14918,1,https://eawagrs.s3.eu-central-1.amazonaws.com/alplakes/cropped/sentinel3/geneva/OC3_chla_S3A_20190919T100534_sui_geneva.tif
2019-09-20T09:39:00.000+00:00,S3A,3.80671,1.983,7.45412,1,https://eawagrs.s3.eu-central-1.amazonaws.com/alplakes/cropped/sentinel3/geneva/OC3_chla_S3A_20190920T093923_sui_geneva.tif
2019-09-23T10:01:00.000+00:00,S3A,1.77699,0.58973,9.1206,3,https://eawagrs.s3.eu-central-1.amazonaws.com/alplakes/cropped/sentinel3/geneva/OC3_chla_S3A_20190923T100150_sui_geneva.tif
2019-09-28T09:31:00.000+00:00,S3A,6.78774,6.78774,6.78774,1,https://eawagrs.s3.eu-central-1.amazonaws.com/alplakes/cropped/sentinel3/geneva/OC3_chla_S3A_20190928T093155_sui_geneva.tif
2019-10-01T09:54:00.000+00:00,S3A,2.27529,1.51773,10.42573,8,https://eawagrs.s3.eu-central-1.amazonaws.com/alplakes/cropped/sentinel3/geneva/OC3_chla_S3A_20191001T095422_sui_geneva.tif
2019-10-08T10:13:00.000+00:00,S3A,2.64604,1.82302,8.47472,11,https://eawagrs.s3.eu-central-1.amazonaws.com/alplakes/cropped/sentinel3/geneva/OC3_chla_S3A_20191008T101304_sui_geneva.tif
2019-10-13T09:43:00.000+00:00,S3A,7.1766,7.1766,7.1766,1,https://eawagrs.s3.eu-central-1.amazonaws.com/alplakes/cropped/sentinel3/geneva/OC3_chla_S3A_20191013T094309_sui_geneva.tif
2019-10-16T10:05:00.000+00:00,S3A,2.13836,1.37787,9.5779,26,https://eawagrs.s3.eu-central-1.amazonaws.com/alplakes/cropped/sentinel3/geneva/OC3_chla_S3A_20191016T100536_sui_geneva.tif
2019-10-27T10:20:00.000+00:00,S3A,8.04643,7.25908,8.60315,1,https://eawagrs.s3.eu-central-1.amazonaws.com/alplakes/cropped/sentinel3/geneva/OC3_chla_S3A_20191027T102033_sui_geneva.tif
2019-11-05T09:46:00.000+00:00,S3A,4.16789,2.52655,10.34011,3,https://eawagrs.s3.eu-central-1.amazonaws.com/alplakes/cropped/sentinel3/geneva/OC3_chla_S3A_20191105T094653_sui_geneva.tif
2019-11-06T09:20:00.000+00:00,S3A,5.39951,4.72546,6.17276,1,https://eawagrs.s3.eu-central-1.amazonaws.com/alplakes/cropped/sentinel3/geneva/OC3_chla_S3A_20191106T092042_sui_geneva.tif
2019-11-09T09:43:00.000+00:00,S3A,5.62418,2.11067,11.30897,2,https://eawagrs.s3.eu-central-1.amazonaws.com/alplakes/cropped/sentinel3/geneva/OC3_chla_S3A_20191109T094308_sui_geneva.tif
2019-11-13T09:39:00.000+00:00,S3A,5.59604,2.30248,10.9115,3,https://eawagrs.s3.eu-central-1.amazonaws.com/alplakes/cropped/sentinel3/geneva/OC3_chla_S3A_20191113T093923_sui_geneva.tif
2019-11-12T10:05:00.000+00:00,S3A,4.01986,2.2487,10.12639,30,https://eawagrs.s3.eu-central-1.amazonaws.com/alplakes/cropped/sentinel3/geneva/OC3_chla_S3A_20191112T100534_sui_geneva.tif
2019-11-15T10:28:00.000+00:00,S3A,3.55334,2.33476,6.41389,1,https://eawagrs.s3.eu-central-1.amazonaws.com/alplakes/cropped/sentinel3/geneva/OC3_chla_S3A_20191115T102800_sui_geneva.tif
2019-11-16T10:01:00.000+00:00,S3A,4.54609,2.13718,9.53496,6,https://eawagrs.s3.eu-central-1.amazonaws.com/alplakes/cropped/sentinel3/geneva/OC3_chla_S3A_20191116T100149_sui_geneva.tif
2019-11-19T10:24:00.000+00:00,S3A,4.11226,2.11016,10.16293,31,https://eawagrs.s3.eu-central-1.amazonaws.com/alplakes/cropped/sentinel3/geneva/OC3_chla_S3A_20191119T102415_sui_geneva.tif
2019-11-20T09:58:00.000+00:00,S3A,5.6775,2.72616,9.12691,2,https://eawagrs.s3.eu-central-1.amazonaws.com/alplakes/cropped/sentinel3/geneva/OC3_chla_S3A_20191120T095804_sui_geneva.tif
2019-12-02T09:46:00.000+00:00,S3A,8.09725,2.5122,11.86751,1,https://eawagrs.s3.eu-central-1.amazonaws.com/alplakes/cropped/sentinel3/geneva/OC3_chla_S3A_20191202T094649_sui_geneva.tif
2019-12-06T09:43:00.000+00:00,S3A,9.40551,3.38904,13.58723,7,https://eawagrs.s3.eu-central-1.amazonaws.com/alplakes/cropped/sentinel3/geneva/OC3_chla_S3A_20191206T094304_sui_geneva.tif
2019-12-05T10:09:00.000+00:00,S3A,9.1032,7.96874,10.16252,1,https://eawagrs.s3.eu-central-1.amazonaws.com/alplakes/cropped/sentinel3/geneva/OC3_chla_S3A_20191205T100915_sui_geneva.tif
2019-12-10T09:39:00.000+00:00,S3A,9.16432,2.10933,18.3938,21,https://eawagrs.s3.eu-central-1.amazonaws.com/alplakes/cropped/sentinel3/geneva/OC3_chla_S3A_20191210T093919_sui_geneva.tif
2019-12-12T10:27:00.000+00:00,S3A,0.00581,0.00581,0.00581,1,https://eawagrs.s3.eu-central-1.amazonaws.com/alplakes/cropped/sentinel3/geneva/OC3_chla_S3A_20191212T102756_sui_geneva.tif
2019-12-14T09:35:00.000+00:00,S3A,26.61935,13.54604,45.10894,1,https://eawagrs.s3.eu-central-1.amazonaws.com/alplakes/cropped/sentinel3/geneva/OC3_chla_S3A_20191214T093535_sui_geneva.tif
2019-12-13T10:01:00.000+00:00,S3A,5.58676,0,41.50923,2,https://eawagrs.s3.eu-central-1.amazonaws.com/alplakes/cropped/sentinel3/geneva/OC3_chla_S3A_20191213T100145_sui_geneva.tif
2019-12-18T09:31:00.000+00:00,S3A,12.10148,10.88953,13.69794,1,https://eawagrs.s3.eu-central-1.amazonaws.com/alplakes/cropped/sentinel3/geneva/OC3_chla_S3A_20191218T093151_sui_geneva.tif
2019-12-21T09:54:00.000+00:00,S3A,6.78092,0,73.42712,3,https://eawagrs.s3.eu-central-1.amazonaws.com/alplakes/cropped/sentinel3/geneva/OC3_chla_S3A_20191221T095418_sui_geneva.tif
2019-12-22T09:28:00.000+00:00,S3A,14.05997,2.49111,33.36412,2,https://eawagrs.s3.eu-central-1.amazonaws.com/alplakes/cropped/sentinel3/geneva/OC3_chla_S3A_20191222T092807_sui_geneva.tif
2019-12-25T09:50:00.000+00:00,S3A,7.5168,2.48193,18.47191,23,https://eawagrs.s3.eu-central-1.amazonaws.com/alplakes/cropped/sentinel3/geneva/OC3_chla_S3A_20191225T095034_sui_geneva.tif
2019-12-28T10:13:00.000+00:00,S3A,4.12621,0.00011,28.81597,19,https://eawagrs.s3.eu-central-1.amazonaws.com/alplakes/cropped/sentinel3/geneva/OC3_chla_S3A_20191228T101301_sui_geneva.tif
2019-12-29T09:46:00.000+00:00,S3A,6.69535,2.07415,12.45131,3,https://eawagrs.s3.eu-central-1.amazonaws.com/alplakes/cropped/sentinel3/geneva/OC3_chla_S3A_20191229T094650_sui_geneva.tif
2019-12-30T09:20:00.000+00:00,S3A,12.82129,11.1707,14.47188,1,https://eawagrs.s3.eu-central-1.amazonaws.com/alplakes/cropped/sentinel3/geneva/OC3_chla_S3A_20191230T092039_sui_geneva.tif
2020-01-05T10:05:00.000+00:00,S3A,3.46566,0.77917,18.69693,10,https://eawagrs.s3.eu-central-1.amazonaws.com/alplakes/cropped/sentinel3/geneva/OC3_chla_S3A_20200105T100533_sui_geneva.tif
2020-01-06T09:39:00.000+00:00,S3A,8.25999,2.62776,17.78612,6,https://eawagrs.s3.eu-central-1.amazonaws.com/alplakes/cropped/sentinel3/geneva/OC3_chla_S3A_20200106T093922_sui_geneva.tif
2020-01-08T10:28:00.000+00:00,S3A,6.25969,5.99603,6.52335,1,https://eawagrs.s3.eu-central-1.amazonaws.com/alplakes/cropped/sentinel3/geneva/OC3_chla_S3A_20200108T102800_sui_geneva.tif
2020-01-09T10:01:00.000+00:00,S3A,5.18312,1.94995,13.50691,6,https://eawagrs.s3.eu-central-1.amazonaws.com/alplakes/cropped/sentinel3/geneva/OC3_chla_S3A_20200109T100149_sui_geneva.tif
2020-01-10T09:35:00.000+00:00,S3A,13.14258,13.14258,13.14258,1,https://eawagrs.s3.eu-central-1.amazonaws.com/alplakes/cropped/sentinel3/geneva/OC3_chla_S3A_20200110T093538_sui_geneva.tif
2020-01-14T09:31:00.000+00:00,S3A,9.59489,2.93198,15.44519,13,https://eawagrs.s3.eu-central-1.amazonaws.com/alplakes/cropped/sentinel3/geneva/OC3_chla_S3A_20200114T093154_sui_geneva.tif
2020-01-13T09:58:00.000+00:00,S3A,9.39665,9.36353,9.42977,1,https://eawagrs.s3.eu-central-1.amazonaws.com/alplakes/cropped/sentinel3/geneva/OC3_chla_S3A_20200113T095805_sui_geneva.tif
2020-01-12T10:24:00.000+00:00,S3A,3.43913,0,14.91527,13,https://eawagrs.s3.eu-central-1.amazonaws.com/alplakes/cropped/sentinel3/geneva/OC3_chla_S3A_20200112T102415_sui_geneva.tif
2020-01-16T10:20:00.000+00:00,S3A,3.82582,1.0662,14.26068,12,https://eawagrs.s3.eu-central-1.amazonaws.com/alplakes/cropped/sentinel3/geneva/OC3_chla_S3A_20200116T102031_sui_geneva.tif
2020-01-18T09:28:00.000+00:00,S3A,10.63106,3.50723,17.25747,12,https://eawagrs.s3.eu-central-1.amazonaws.com/alplakes/cropped/sentinel3/geneva/OC3_chla_S3A_20200118T092810_sui_geneva.tif
2020-01-22T09:24:00.000+00:00,S3A,2.26653,0,7.66943,1,https://eawagrs.s3.eu-central-1.amazonaws.com/alplakes/cropped/sentinel3/geneva/OC3_chla_S3A_20200122T092425_sui_geneva.tif
2020-01-20T10:16:00.000+00:00,S3A,2.7246,0,43.95492,20,https://eawagrs.s3.eu-central-1.amazonaws.com/alplakes/cropped/sentinel3/geneva/OC3_chla_S3A_20200120T101647_sui_geneva.tif
2020-01-21T09:50:00.000+00:00,S3A,3.74763,1.29727,10.64162,10,https://eawagrs.s3.eu-central-1.amazonaws.com/alplakes/cropped/sentinel3/geneva/OC3_chla_S3A_20200121T095036_sui_geneva.tif
2020-01-25T09:46:00.000+00:00,S3A,9.51041,7.18995,12.55024,1,https://eawagrs.s3.eu-central-1.amazonaws.com/alplakes/cropped/sentinel3/geneva/OC3_chla_S3A_20200125T094652_sui_geneva.tif
2020-02-01T10:05:00.000+00:00,S3A,2.7448,0.96531,9.20357,1,https://eawagrs.s3.eu-central-1.amazonaws.com/alplakes/cropped/sentinel3/geneva/OC3_chla_S3A_20200201T100534_sui_geneva.tif
2020-02-04T10:28:00.000+00:00,S3A,7.23097,3.12679,8.86828,1,https://eawagrs.s3.eu-central-1.amazonaws.com/alplakes/cropped/sentinel3/geneva/OC3_chla_S3A_20200204T102801_sui_geneva.tif
2020-02-05T10:01:00.000+00:00,S3A,2.37748,0.54232,22.74981,31,https://eawagrs.s3.eu-central-1.amazonaws.com/alplakes/cropped/sentinel3/geneva/OC3_chla_S3A_20200205T100150_sui_geneva.tif
2020-02-06T09:35:00.000+00:00,S3A,6.67803,2.7758,11.14633,1,https://eawagrs.s3.eu-central-1.amazonaws.com/alplakes/cropped/sentinel3/geneva/OC3_chla_S3A_20200206T093539_sui_geneva.tif
2020-02-08T10:24:00.000+00:00,S3A,2.83741,1.09172,14.25137,6,https://eawagrs.s3.eu-central-1.amazonaws.com/alplakes/cropped/sentinel3/geneva/OC3_chla_S3A_20200208T102416_sui_geneva.tif
2020-02-09T09:58:00.000+00:00,S3A,6.34531,2.20206,9.18737,1,https://eawagrs.s3.eu-central-1.amazonaws.com/alplakes/cropped/sentinel3/geneva/OC3_chla_S3A_20200209T095805_sui_geneva.tif
2020-02-12T10:20:00.000+00:00,S3A,1.83801,0.20101,10.48938,29,https://eawagrs.s3.eu-central-1.amazonaws.com/alplakes/cropped/sentinel3/geneva/OC3_chla_S3A_20200212T102032_sui_geneva.tif
2020-02-14T09:28:00.000+00:00,S3A,4.14253,1.39837,12.49989,17,https://eawagrs.s3.eu-central-1.amazonaws.com/alplakes/cropped/sentinel3/geneva/OC3_chla_S3A_20200214T092810_sui_geneva.tif
2020-02-16T10:16:00.000+00:00,S3A,1.94379,0.64249,8.91187,1,https://eawagrs.s3.eu-central-1.amazonaws.com/alplakes/cropped/sentinel3/geneva/OC3_chla_S3A_20200216T101647_sui_geneva.tif
2020-02-20T10:13:00.000+00:00,S3A,2.02749,0.52743,10.60839,10,https://eawagrs.s3.eu-central-1.amazonaws.com/alplakes/cropped/sentinel3/geneva/OC3_chla_S3A_20200220T101303_sui_geneva.tif
2020-02-18T09:24:00.000+00:00,S3A,3.40157,1.43155,10.47582,36,https://eawagrs.s3.eu-central-1.amazonaws.com/alplakes/cropped/sentinel3/geneva/OC3_chla_S3A_20200218T092425_sui_geneva.tif
2020-02-21T09:46:00.000+00:00,S3A,4.58982,1.91047,9.34376,1,https://eawagrs.s3.eu-central-1.amazonaws.com/alplakes/cropped/sentinel3/geneva/OC3_chla_S3A_20200221T094652_sui_geneva.tif
2020-02-22T09:20:00.000+00:00,S3A,6.85849,2.62054,11.2042,2,https://eawagrs.s3.eu-central-1.amazonaws.com/alplakes/cropped/sentinel3/geneva/OC3_chla_S3A_20200222T092041_sui_geneva.tif
2020-02-24T10:09:00.000+00:00,S3A,3.14278,1.40048,13.85756,53,https://eawagrs.s3.eu-central-1.amazonaws.com/alplakes/cropped/sentinel3/geneva/OC3_chla_S3A_20200224T100918_sui_geneva.tif
2020-02-28T10:05:00.000+00:00,S3A,2.52498,0.36969,13.90611,64,https://eawagrs.s3.eu-central-1.amazonaws.com/alplakes/cropped/sentinel3/geneva/OC3_chla_S3A_20200228T100533_sui_geneva.tif
2020-03-03T10:01:00.000+00:00,S3A,2.16505,0,17.89424,52,https://eawagrs.s3.eu-central-1.amazonaws.com/alplakes/cropped/sentinel3/geneva/OC3_chla_S3A_20200303T100148_sui_geneva.tif
2020-03-04T09:35:00.000+00:00,S3A,3.27265,1.93792,10.65321,7,https://eawagrs.s3.eu-central-1.amazonaws.com/alplakes/cropped/sentinel3/geneva/OC3_chla_S3A_20200304T093537_sui_geneva.tif
2020-03-07T09:58:00.000+00:00,S3A,2.30499,0.25781,19.25518,67,https://eawagrs.s3.eu-central-1.amazonaws.com/alplakes/cropped/sentinel3/geneva/OC3_chla_S3A_20200307T095804_sui_geneva.tif
2020-03-08T09:31:00.000+00:00,S3A,3.96339,2.28569,11.03146,22,https://eawagrs.s3.eu-central-1.amazonaws.com/alplakes/cropped/sentinel3/geneva/OC3_chla_S3A_20200308T093153_sui_geneva.tif
2020-03-06T10:24:00.000+00:00,S3A,2.1694,0.24151,21.42172,28,https://eawagrs.s3.eu-central-1.amazonaws.com/alplakes/cropped/sentinel3/geneva/OC3_chla_S3A_20200306T102415_sui_geneva.tif
2020-03-14T10:16:00.000+00:00,S3A,4.49129,2.04493,10.99861,38,https://eawagrs.s3.eu-central-1.amazonaws.com/alplakes/cropped/sentinel3/geneva/OC3_chla_S3A_20200314T101646_sui_geneva.tif
2020-03-18T10:13:00.000+00:00,S3A,5.96657,2.14512,12.14724,88,https://eawagrs.s3.eu-central-1.amazonaws.com/alplakes/cropped/sentinel3/geneva/OC3_chla_S3A_20200318T101303_sui_geneva.tif
2020-03-15T09:50:00.000+00:00,S3A,7.27469,2.45268,12.68255,88,https://eawagrs.s3.eu-central-1.amazonaws.com/alplakes/cropped/sentinel3/geneva/OC3_chla_S3A_20200315T095035_sui_geneva.tif
2020-03-16T09:24:00.000+00:00,S3A,8.83978,3.80774,13.77981,71,https://eawagrs.s3.eu-central-1.amazonaws.com/alplakes/cropped/sentinel3/geneva/OC3_chla_S3A_20200316T092425_sui_geneva.tif
2020-03-19T09:46:00.000+00:00,S3A,6.59687,2.6951,13.11009,66,https://eawagrs.s3.eu-central-1.amazonaws.com/alplakes/cropped/sentinel3/geneva/OC3_chla_S3A_20200319T094652_sui_geneva.tif
2020-03-20T09:20:00.000+00:00,S3A,7.51996,7.51996,7.51996,1,https://eawagrs.s3.eu-central-1.amazonaws.com/alplakes/cropped/sentinel3/geneva/OC3_chla_S3A_20200320T092041_sui_geneva.tif
2020-03-26T10:05:00.000+00:00,S3A,2.30306,1.00185,12.88403,77,https://eawagrs.s3.eu-central-1.amazonaws.com/alplakes/cropped/sentinel3/geneva/OC3_chla_S3A_20200326T100536_sui_geneva.tif
2020-03-27T09:39:00.000+00:00,S3A,3.44179,2.10608,10.01019,1,https://eawagrs.s3.eu-central-1.amazonaws.com/alplakes/cropped/sentinel3/geneva/OC3_chla_S3A_20200327T093925_sui_geneva.tif
2020-04-03T09:58:00.000+00:00,S3A,2.64302,1.67756,14.53805,80,https://eawagrs.s3.eu-central-1.amazonaws.com/alplakes/cropped/sentinel3/geneva/OC3_chla_S3A_20200403T095808_sui_geneva.tif
2020-04-02T10:24:00.000+00:00,S3A,2.3603,1.2419,13.39681,83,https://eawagrs.s3.eu-central-1.amazonaws.com/alplakes/cropped/sentinel3/geneva/OC3_chla_S3A_20200402T102419_sui_geneva.tif
2020-03-31T09:35:00.000+00:00,S3A,2.57839,1.6698,9.61243,44,https://eawagrs.s3.eu-central-1.amazonaws.com/alplakes/cropped/sentinel3/geneva/OC3_chla_S3A_20200331T093541_sui_geneva.tif
2020-04-04T09:31:00.000+00:00,S3A,3.66523,2.24928,14.60894,68,https://eawagrs.s3.eu-central-1.amazonaws.com/alplakes/cropped/sentinel3/geneva/OC3_chla_S3A_20200404T093158_sui_geneva.tif
2020-04-06T10:20:00.000+00:00,S3A,4.26881,2.18334,14.05919,87,https://eawagrs.s3.eu-central-1.amazonaws.com/alplakes/cropped/sentinel3/geneva/OC3_chla_S3A_20200406T102035_sui_geneva.tif
2020-04-07T09:54:00.000+00:00,S3A,4.88078,2.27801,13.29591,86,https://eawagrs.s3.eu-central-1.amazonaws.com/alplakes/cropped/sentinel3/geneva/OC3_chla_S3A_20200407T095425_sui_geneva.tif
2020-04-08T09:28:00.000+00:00,S3A,6.09736,3.05027,13.39592,73,https://eawagrs.s3.eu-central-1.amazonaws.com/alplakes/cropped/sentinel3/geneva/OC3_chla_S3A_20200408T092814_sui_geneva.tif
2020-04-11T09:50:00.000+00:00,S3A,6.59397,3.70446,13.34368,86,https://eawagrs.s3.eu-central-1.amazonaws.com/alplakes/cropped/sentinel3/geneva/OC3_chla_S3A_20200411T095041_sui_geneva.tif
2020-04-10T10:16:00.000+00:00,S3A,5.86791,2.87739,14.2991,90,https://eawagrs.s3.eu-central-1.amazonaws.com/alplakes/cropped/sentinel3/geneva/OC3_chla_S3A_20200410T101652_sui_geneva.tif
2020-04-12T09:24:00.000+00:00,S3A,6.47879,3.15221,14.95204,62,https://eawagrs.s3.eu-central-1.amazonaws.com/alplakes/cropped/sentinel3/geneva/OC3_chla_S3A_20200412T092430_sui_geneva.tif
2020-04-14T10:13:00.000+00:00,S3A,7.40378,1.59842,12.81483,89,https://eawagrs.s3.eu-central-1.amazonaws.com/alplakes/cropped/sentinel3/geneva/OC3_chla_S3A_20200414T101308_sui_geneva.tif
2020-04-15T09:46:00.000+00:00,S3A,7.44617,2.19868,14.74158,85,https://eawagrs.s3.eu-central-1.amazonaws.com/alplakes/cropped/sentinel3/geneva/OC3_chla_S3A_20200415T094657_sui_geneva.tif
2020-04-18T10:09:00.000+00:00,S3A,7.16036,3.155,15.98157,86,https://eawagrs.s3.eu-central-1.amazonaws.com/alplakes/cropped/sentinel3/geneva/OC3_chla_S3A_20200418T100924_sui_geneva.tif
2020-04-16T09:20:00.000+00:00,S3A,7.81853,3.47808,12.10923,41,https://eawagrs.s3.eu-central-1.amazonaws.com/alplakes/cropped/sentinel3/geneva/OC3_chla_S3A_20200416T092046_sui_geneva.tif
2020-04-22T10:05:00.000+00:00,S3A,7.34154,2.56567,13.72465,88,https://eawagrs.s3.eu-central-1.amazonaws.com/alplakes/cropped/sentinel3/geneva/OC3_chla_S3A_20200422T100540_sui_geneva.tif
2020-04-23T09:39:00.000+00:00,S3A,7.29194,3.48335,12.0329,77,https://eawagrs.s3.eu-central-1.amazonaws.com/alplakes/cropped/sentinel3/geneva/OC3_chla_S3A_20200423T093929_sui_geneva.tif
2020-04-27T09:35:00.000+00:00,S3A,5.2682,2.97775,12.10169,77,https://eawagrs.s3.eu-central-1.amazonaws.com/alplakes/cropped/sentinel3/geneva/OC3_chla_S3A_20200427T093545_sui_geneva.tif
2020-04-29T10:24:00.000+00:00,S3A,5.5018,2.79894,9.57132,18,https://eawagrs.s3.eu-central-1.amazonaws.com/alplakes/cropped/sentinel3/geneva/OC3_chla_S3A_20200429T102423_sui_geneva.tif
2020-05-07T10:16:00.000+00:00,S3A,4.39812,2.40278,11.7313,87,https://eawagrs.s3.eu-central-1.amazonaws.com/alplakes/cropped/sentinel3/geneva/OC3_chla_S3A_20200507T101654_sui_geneva.tif
2020-05-08T09:50:00.000+00:00,S3A,3.98503,2.63128,9.43834,28,https://eawagrs.s3.eu-central-1.amazonaws.com/alplakes/cropped/sentinel3/geneva/OC3_chla_S3A_20200508T095043_sui_geneva.tif
2020-05-09T09:24:00.000+00:00,S3A,5.25554,3.13614,10.04076,5,https://eawagrs.s3.eu-central-1.amazonaws.com/alplakes/cropped/sentinel3/geneva/OC3_chla_S3A_20200509T092433_sui_geneva.tif
2020-05-12T09:46:00.000+00:00,S3A,8.57642,8.57642,8.57642,1,https://eawagrs.s3.eu-central-1.amazonaws.com/alplakes/cropped/sentinel3/geneva/OC3_chla_S3A_20200512T094659_sui_geneva.tif
2020-05-20T09:39:00.000+00:00,S3A,4.75692,2.45095,9.57064,80,https://eawagrs.s3.eu-central-1.amazonaws.com/alplakes/cropped/sentinel3/geneva/OC3_chla_S3A_20200520T093930_sui_geneva.tif
2020-05-16T09:43:00.000+00:00,S3A,4.65394,3.399,7.73834,2,https://eawagrs.s3.eu-central-1.amazonaws.com/alplakes/cropped/sentinel3/geneva/OC3_chla_S3A_20200516T094315_sui_geneva.tif
2020-05-19T10:05:00.000+00:00,S3A,4.31384,2.31968,10.44069,83,https://eawagrs.s3.eu-central-1.amazonaws.com/alplakes/cropped/sentinel3/geneva/OC3_chla_S3A_20200519T100541_sui_geneva.tif
2020-05-04T09:54:00.000+00:00,S3A,4.81247,1.86828,11.65036,79,https://eawagrs.s3.eu-central-1.amazonaws.com/alplakes/cropped/sentinel3/geneva/OC3_chla_S3A_20200504T095428_sui_geneva.tif
2020-05-24T09:35:00.000+00:00,S3A,3.56525,2.77715,5.13585,2,https://eawagrs.s3.eu-central-1.amazonaws.com/alplakes/cropped/sentinel3/geneva/OC3_chla_S3A_20200524T093546_sui_geneva.tif
2020-05-27T09:58:00.000+00:00,S3A,3.16771,2.23658,8.38544,79,https://eawagrs.s3.eu-central-1.amazonaws.com/alplakes/cropped/sentinel3/geneva/OC3_chla_S3A_20200527T095812_sui_geneva.tif
2020-05-26T10:24:00.000+00:00,S3A,3.65299,2.15646,10.4862,29,https://eawagrs.s3.eu-central-1.amazonaws.com/alplakes/cropped/sentinel3/geneva/OC3_chla_S3A_20200526T102423_sui_geneva.tif
2020-05-28T09:32:00.000+00:00,S3A,3.30707,2.30327,6.58609,41,https://eawagrs.s3.eu-central-1.amazonaws.com/alplakes/cropped/sentinel3/geneva/OC3_chla_S3A_20200528T093201_sui_geneva.tif
2020-05-30T10:20:00.000+00:00,S3A,2.56145,2.02796,8.35124,26,https://eawagrs.s3.eu-central-1.amazonaws.com/alplakes/cropped/sentinel3/geneva/OC3_chla_S3A_20200530T102038_sui_geneva.tif
2020-06-03T10:16:00.000+00:00,S3A,2.16073,1.75377,2.71956,29,https://eawagrs.s3.eu-central-1.amazonaws.com/alplakes/cropped/sentinel3/geneva/OC3_chla_S3A_20200603T101654_sui_geneva.tif
2020-05-31T09:54:00.000+00:00,S3A,2.37732,1.97606,8.52696,52,https://eawagrs.s3.eu-central-1.amazonaws.com/alplakes/cropped/sentinel3/geneva/OC3_chla_S3A_20200531T095428_sui_geneva.tif
2020-06-01T09:28:00.000+00:00,S3A,2.46954,2.10489,7.31689,50,https://eawagrs.s3.eu-central-1.amazonaws.com/alplakes/cropped/sentinel3/geneva/OC3_chla_S3A_20200601T092817_sui_geneva.tif
2020-06-08T09:46:00.000+00:00,S3A,2.77816,2.3412,3.85792,2,https://eawagrs.s3.eu-central-1.amazonaws.com/alplakes/cropped/sentinel3/geneva/OC3_chla_S3A_20200608T094658_sui_geneva.tif
2020-06-12T09:43:00.000+00:00,S3A,2.88614,2.26579,8.67432,41,https://eawagrs.s3.eu-central-1.amazonaws.com/alplakes/cropped/sentinel3/geneva/OC3_chla_S3A_20200612T094313_sui_geneva.tif
2020-06-11T10:09:00.000+00:00,S3A,2.73276,2.05199,10.3224,77,https://eawagrs.s3.eu-central-1.amazonaws.com/alplakes/cropped/sentinel3/geneva/OC3_chla_S3A_20200611T100924_sui_geneva.tif
2020-06-15T10:05:00.000+00:00,S3A,2.61746,1.97696,10.33059,17,https://eawagrs.s3.eu-central-1.amazonaws.com/alplakes/cropped/sentinel3/geneva/OC3_chla_S3A_20200615T100539_sui_geneva.tif
2020-06-16T09:39:00.000+00:00,S3A,2.85059,2.22973,9.90866,12,https://eawagrs.s3.eu-central-1.amazonaws.com/alplakes/cropped/sentinel3/geneva/OC3_chla_S3A_20200616T093928_sui_geneva.tif
2020-06-20T09:35:00.000+00:00,S3A,2.68297,2.11633,8.42284,50,https://eawagrs.s3.eu-central-1.amazonaws.com/alplakes/cropped/sentinel3/geneva/OC3_chla_S3A_20200620T093544_sui_geneva.tif
2020-06-24T09:32:00.000+00:00,S3A,2.39568,2.17589,3.28584,4,https://eawagrs.s3.eu-central-1.amazonaws.com/alplakes/cropped/sentinel3/geneva/OC3_chla_S3A_20200624T093200_sui_geneva.tif
2020-06-23T09:58:00.000+00:00,S3A,2.33353,1.84727,8.50152,73,https://eawagrs.s3.eu-central-1.amazonaws.com/alplakes/cropped/sentinel3/geneva/OC3_chla_S3A_20200623T095811_sui_geneva.tif
2020-06-27T09:54:00.000+00:00,S3A,2.17689,1.57499,8.41056,6,https://eawagrs.s3.eu-central-1.amazonaws.com/alplakes/cropped/sentinel3/geneva/OC3_chla_S3A_20200627T095427_sui_geneva.tif
2020-06-30T10:16:00.000+00:00,S3A,2.01495,0.9271,9.01259,62,https://eawagrs.s3.eu-central-1.amazonaws.com/alplakes/cropped/sentinel3/geneva/OC3_chla_S3A_20200630T101653_sui_geneva.tif
2020-06-22T10:24:00.000+00:00,S3A,2.41505,2.00782,9.42807,2,https://eawagrs.s3.eu-central-1.amazonaws.com/alplakes/cropped/sentinel3/geneva/OC3_chla_S3A_20200622T102422_sui_geneva.tif
2020-06-19T10:01:00.000+00:00,S3A,2.5126,1.9545,10.27201,65,https://eawagrs.s3.eu-central-1.amazonaws.com/alplakes/cropped/sentinel3/geneva/OC3_chla_S3A_20200619T100155_sui_geneva.tif
2020-07-01T09:50:00.000+00:00,S3A,1.8805,1.0473,8.54531,28,https://eawagrs.s3.eu-central-1.amazonaws.com/alplakes/cropped/sentinel3/geneva/OC3_chla_S3A_20200701T095042_sui_geneva.tif
2020-07-04T10:13:00.000+00:00,S3A,1.92657,0.84901,9.21041,37,https://eawagrs.s3.eu-central-1.amazonaws.com/alplakes/cropped/sentinel3/geneva/OC3_chla_S3A_20200704T101309_sui_geneva.tif
2020-07-05T09:46:00.000+00:00,S3A,1.79989,0.82678,9.43442,60,https://eawagrs.s3.eu-central-1.amazonaws.com/alplakes/cropped/sentinel3/geneva/OC3_chla_S3A_20200705T094658_sui_geneva.tif
2020-07-08T10:09:00.000+00:00,S3A,1.60674,0.54534,8.65537,63,https://eawagrs.s3.eu-central-1.amazonaws.com/alplakes/cropped/sentinel3/geneva/OC3_chla_S3A_20200708T100925_sui_geneva.tif
2020-07-09T09:43:00.000+00:00,S3A,1.58005,0.51232,9.39097,52,https://eawagrs.s3.eu-central-1.amazonaws.com/alplakes/cropped/sentinel3/geneva/OC3_chla_S3A_20200709T094314_sui_geneva.tif
2020-07-12T10:05:00.000+00:00,S3A,1.68371,0.5358,10.54492,72,https://eawagrs.s3.eu-central-1.amazonaws.com/alplakes/cropped/sentinel3/geneva/OC3_chla_S3A_20200712T100540_sui_geneva.tif
2020-07-13T09:39:00.000+00:00,S3A,1.91504,1.15481,6.63752,6,https://eawagrs.s3.eu-central-1.amazonaws.com/alplakes/cropped/sentinel3/geneva/OC3_chla_S3A_20200713T093929_sui_geneva.tif
2020-07-16T10:01:00.000+00:00,S3A,3.28565,3.28565,3.28565,1,https://eawagrs.s3.eu-central-1.amazonaws.com/alplakes/cropped/sentinel3/geneva/OC3_chla_S3A_20200716T100156_sui_geneva.tif
2020-07-20T09:58:00.000+00:00,S3A,2.38086,1.72297,9.48761,75,https://eawagrs.s3.eu-central-1.amazonaws.com/alplakes/cropped/sentinel3/geneva/OC3_chla_S3A_20200720T095811_sui_geneva.tif
2020-07-19T10:24:00.000+00:00,S3A,2.24128,1.70371,10.25822,30,https://eawagrs.s3.eu-central-1.amazonaws.com/alplakes/cropped/sentinel3/geneva/OC3_chla_S3A_20200719T102422_sui_geneva.tif
2020-07-23T10:20:00.000+00:00,S3A,2.4227,2.04838,9.17351,36,https://eawagrs.s3.eu-central-1.amazonaws.com/alplakes/cropped/sentinel3/geneva/OC3_chla_S3A_20200723T102038_sui_geneva.tif
2020-07-24T09:54:00.000+00:00,S3A,4.63189,2.26199,9.35831,1,https://eawagrs.s3.eu-central-1.amazonaws.com/alplakes/cropped/sentinel3/geneva/OC3_chla_S3A_20200724T095427_sui_geneva.tif
2020-07-27T10:16:00.000+00:00,S3A,2.68166,2.12436,10.34948,83,https://eawagrs.s3.eu-central-1.amazonaws.com/alplakes/cropped/sentinel3/geneva/OC3_chla_S3A_20200727T101653_sui_geneva.tif
2020-07-31T10:13:00.000+00:00,S3A,2.57919,1.96773,9.69179,82,https://eawagrs.s3.eu-central-1.amazonaws.com/alplakes/cropped/sentinel3/geneva/OC3_chla_S3A_20200731T101308_sui_geneva.tif
2020-07-25T09:28:00.000+00:00,S3A,2.80618,2.2007,8.04246,43,https://eawagrs.s3.eu-central-1.amazonaws.com/alplakes/cropped/sentinel3/geneva/OC3_chla_S3A_20200725T092816_sui_geneva.tif
2020-08-05T09:43:00.000+00:00,S3A,3.17119,2.239,9.5028,81,https://eawagrs.s3.eu-central-1.amazonaws.com/alplakes/cropped/sentinel3/geneva/OC3_chla_S3A_20200805T094312_sui_geneva.tif
2020-08-08T10:05:00.000+00:00,S3A,3.19079,2.29406,9.60849,77,https://eawagrs.s3.eu-central-1.amazonaws.com/alplakes/cropped/sentinel3/geneva/OC3_chla_S3A_20200808T100539_sui_geneva.tif
2020-08-09T09:39:00.000+00:00,S3A,3.27024,2.37875,8.74604,26,https://eawagrs.s3.eu-central-1.amazonaws.com/alplakes/cropped/sentinel3/geneva/OC3_chla_S3A_20200809T093928_sui_geneva.tif
2020-08-12T10:01:00.000+00:00,S3A,3.27766,2.53124,4.08217,3,https://eawagrs.s3.eu-central-1.amazonaws.com/alplakes/cropped/sentinel3/geneva/OC3_chla_S3A_20200812T100154_sui_geneva.tif
2020-08-15T10:24:00.000+00:00,S3A,3.86326,2.38582,9.92637,85,https://eawagrs.s3.eu-central-1.amazonaws.com/alplakes/cropped/sentinel3/geneva/OC3_chla_S3A_20200815T102420_sui_geneva.tif
2020-08-17T09:31:00.000+00:00,S3A,5.22031,3.44868,8.17165,5,https://eawagrs.s3.eu-central-1.amazonaws.com/alplakes/cropped/sentinel3/geneva/OC3_chla_S3A_20200817T093158_sui_geneva.tif
2020-08-20T09:54:00.000+00:00,S3A,4.44744,2.44842,10.69084,87,https://eawagrs.s3.eu-central-1.amazonaws.com/alplakes/cropped/sentinel3/geneva/OC3_chla_S3A_20200820T095424_sui_geneva.tif
2020-08-19T10:20:00.000+00:00,S3A,4.4259,2.79156,9.34967,20,https://eawagrs.s3.eu-central-1.amazonaws.com/alplakes/cropped/sentinel3/geneva/OC3_chla_S3A_20200819T102035_sui_geneva.tif
2020-08-23T10:16:00.000+00:00,S3A,3.80671,2.3535,9.89706,43,https://eawagrs.s3.eu-central-1.amazonaws.com/alplakes/cropped/sentinel3/geneva/OC3_chla_S3A_20200823T101650_sui_geneva.tif
2020-08-24T09:50:00.000+00:00,S3A,3.94309,2.32448,9.90769,66,https://eawagrs.s3.eu-central-1.amazonaws.com/alplakes/cropped/sentinel3/geneva/OC3_chla_S3A_20200824T095039_sui_geneva.tif
2020-08-21T09:28:00.000+00:00,S3A,5.50329,3.0574,9.78896,36,https://eawagrs.s3.eu-central-1.amazonaws.com/alplakes/cropped/sentinel3/geneva/OC3_chla_S3A_20200821T092813_sui_geneva.tif
2020-08-27T10:13:00.000+00:00,S3A,3.83753,2.47198,9.85348,10,https://eawagrs.s3.eu-central-1.amazonaws.com/alplakes/cropped/sentinel3/geneva/OC3_chla_S3A_20200827T101305_sui_geneva.tif
2020-08-31T10:09:00.000+00:00,S3A,3.2925,2.13099,10.58128,32,https://eawagrs.s3.eu-central-1.amazonaws.com/alplakes/cropped/sentinel3/geneva/OC3_chla_S3A_20200831T100920_sui_geneva.tif
2020-09-01T09:43:00.000+00:00,S3A,3.67866,2.34162,10.02647,42,https://eawagrs.s3.eu-central-1.amazonaws.com/alplakes/cropped/sentinel3/geneva/OC3_chla_S3A_20200901T094309_sui_geneva.tif
2020-09-04T10:05:00.000+00:00,S3A,4.70076,2.43754,10.16596,86,https://eawagrs.s3.eu-central-1.amazonaws.com/alplakes/cropped/sentinel3/geneva/OC3_chla_S3A_20200904T100535_sui_geneva.tif
2020-09-07T10:28:00.000+00:00,S3A,9.8783,6.12413,13.42808,1,https://eawagrs.s3.eu-central-1.amazonaws.com/alplakes/cropped/sentinel3/geneva/OC3_chla_S3A_20200907T102802_sui_geneva.tif
2020-09-05T09:39:00.000+00:00,S3A,6.09961,3.08051,9.95192,69,https://eawagrs.s3.eu-central-1.amazonaws.com/alplakes/cropped/sentinel3/geneva/OC3_chla_S3A_20200905T093925_sui_geneva.tif
2020-09-09T09:35:00.000+00:00,S3A,4.89535,2.60373,9.86103,42,https://eawagrs.s3.eu-central-1.amazonaws.com/alplakes/cropped/sentinel3/geneva/OC3_chla_S3A_20200909T093541_sui_geneva.tif
2020-09-11T10:24:00.000+00:00,S3A,5.70677,4.23158,6.9319,1,https://eawagrs.s3.eu-central-1.amazonaws.com/alplakes/cropped/sentinel3/geneva/OC3_chla_S3A_20200911T102419_sui_geneva.tif
2020-09-08T10:01:00.000+00:00,S3A,2.9843,2.08184,9.46025,78,https://eawagrs.s3.eu-central-1.amazonaws.com/alplakes/cropped/sentinel3/geneva/OC3_chla_S3A_20200908T100152_sui_geneva.tif
2020-09-12T09:58:00.000+00:00,S3A,5.93963,3.32673,9.5919,38,https://eawagrs.s3.eu-central-1.amazonaws.com/alplakes/cropped/sentinel3/geneva/OC3_chla_S3A_20200912T095808_sui_geneva.tif
2020-09-15T10:20:00.000+00:00,S3A,6.46572,3.74997,10.76704,66,https://eawagrs.s3.eu-central-1.amazonaws.com/alplakes/cropped/sentinel3/geneva/OC3_chla_S3A_20200915T102035_sui_geneva.tif
2020-09-17T09:28:00.000+00:00,S3A,6.77595,6.64919,6.87798,1,https://eawagrs.s3.eu-central-1.amazonaws.com/alplakes/cropped/sentinel3/geneva/OC3_chla_S3A_20200917T092813_sui_geneva.tif
2020-09-16T09:54:00.000+00:00,S3A,5.99213,3.34118,9.11495,62,https://eawagrs.s3.eu-central-1.amazonaws.com/alplakes/cropped/sentinel3/geneva/OC3_chla_S3A_20200916T095424_sui_geneva.tif
2020-09-23T10:13:00.000+00:00,S3A,3.46102,2.10997,9.84443,6,https://eawagrs.s3.eu-central-1.amazonaws.com/alplakes/cropped/sentinel3/geneva/OC3_chla_S3A_20200923T101307_sui_geneva.tif
2020-09-28T09:43:00.000+00:00,S3A,3.31515,2.28651,8.1078,2,https://eawagrs.s3.eu-central-1.amazonaws.com/alplakes/cropped/sentinel3/geneva/OC3_chla_S3A_20200928T094312_sui_geneva.tif
2020-10-05T10:01:00.000+00:00,S3A,2.29941,2.07756,2.3819,1,https://eawagrs.s3.eu-central-1.amazonaws.com/alplakes/cropped/sentinel3/geneva/OC3_chla_S3A_20201005T100154_sui_geneva.tif
2020-10-08T10:24:00.000+00:00,S3A,2.41917,1.82002,9.37664,22,https://eawagrs.s3.eu-central-1.amazonaws.com/alplakes/cropped/sentinel3/geneva/OC3_chla_S3A_20201008T102421_sui_geneva.tif
2020-10-12T10:20:00.000+00:00,S3A,2.67842,2.02747,10.75968,33,https://eawagrs.s3.eu-central-1.amazonaws.com/alplakes/cropped/sentinel3/geneva/OC3_chla_S3A_20201012T102037_sui_geneva.tif
2020-10-13T09:54:00.000+00:00,S3A,2.58564,2.10195,8.46804,5,https://eawagrs.s3.eu-central-1.amazonaws.com/alplakes/cropped/sentinel3/geneva/OC3_chla_S3A_20201013T095426_sui_geneva.tif
2020-10-14T09:28:00.000+00:00,S3A,3.34043,2.35451,8.1587,8,https://eawagrs.s3.eu-central-1.amazonaws.com/alplakes/cropped/sentinel3/geneva/OC3_chla_S3A_20201014T092815_sui_geneva.tif
2020-10-16T10:16:00.000+00:00,S3A,2.47217,1.62409,10.48204,24,https://eawagrs.s3.eu-central-1.amazonaws.com/alplakes/cropped/sentinel3/geneva/OC3_chla_S3A_20201016T101652_sui_geneva.tif
2020-10-17T09:50:00.000+00:00,S3A,2.71083,2.0126,9.53783,9,https://eawagrs.s3.eu-central-1.amazonaws.com/alplakes/cropped/sentinel3/geneva/OC3_chla_S3A_20201017T095041_sui_geneva.tif
2020-10-20T10:13:00.000+00:00,S3A,2.6978,2.26003,5.38991,1,https://eawagrs.s3.eu-central-1.amazonaws.com/alplakes/cropped/sentinel3/geneva/OC3_chla_S3A_20201020T101308_sui_geneva.tif
2020-10-24T10:09:00.000+00:00,S3A,2.74815,1.87025,11.38754,47,https://eawagrs.s3.eu-central-1.amazonaws.com/alplakes/cropped/sentinel3/geneva/OC3_chla_S3A_20201024T100923_sui_geneva.tif
2020-10-28T10:05:00.000+00:00,S3A,5.60644,5.60644,5.60644,1,https://eawagrs.s3.eu-central-1.amazonaws.com/alplakes/cropped/sentinel3/geneva/OC3_chla_S3A_20201028T100539_sui_geneva.tif
2020-11-02T09:35:00.000+00:00,S3A,8.86115,3.74075,13.69511,15,https://eawagrs.s3.eu-central-1.amazonaws.com/alplakes/cropped/sentinel3/geneva/OC3_chla_S3A_20201102T093543_sui_geneva.tif
2020-11-08T10:20:00.000+00:00,S3A,9.32217,8.49432,11.28866,1,https://eawagrs.s3.eu-central-1.amazonaws.com/alplakes/cropped/sentinel3/geneva/OC3_chla_S3A_20201108T102035_sui_geneva.tif
2020-11-09T09:54:00.000+00:00,S3A,9.40739,5.04952,13.95905,9,https://eawagrs.s3.eu-central-1.amazonaws.com/alplakes/cropped/sentinel3/geneva/OC3_chla_S3A_20201109T095424_sui_geneva.tif
2020-11-06T09:31:00.000+00:00,S3A,9.42211,5.47668,11.54478,2,https://eawagrs.s3.eu-central-1.amazonaws.com/alplakes/cropped/sentinel3/geneva/OC3_chla_S3A_20201106T093158_sui_geneva.tif
2020-11-16T10:13:00.000+00:00,S3A,6.8266,2.12635,13.24691,17,https://eawagrs.s3.eu-central-1.amazonaws.com/alplakes/cropped/sentinel3/geneva/OC3_chla_S3A_20201116T101305_sui_geneva.tif
2020-11-12T10:16:00.000+00:00,S3A,7.82086,2.55177,11.95318,61,https://eawagrs.s3.eu-central-1.amazonaws.com/alplakes/cropped/sentinel3/geneva/OC3_chla_S3A_20201112T101650_sui_geneva.tif
2020-11-13T09:50:00.000+00:00,S3A,9.84342,5.46505,13.23912,2,https://eawagrs.s3.eu-central-1.amazonaws.com/alplakes/cropped/sentinel3/geneva/OC3_chla_S3A_20201113T095039_sui_geneva.tif
2020-11-14T09:24:00.000+00:00,S3A,11.64591,7.93581,15.09439,43,https://eawagrs.s3.eu-central-1.amazonaws.com/alplakes/cropped/sentinel3/geneva/OC3_chla_S3A_20201114T092428_sui_geneva.tif
2020-11-17T09:46:00.000+00:00,S3A,7.75845,4.1964,10.37679,4,https://eawagrs.s3.eu-central-1.amazonaws.com/alplakes/cropped/sentinel3/geneva/OC3_chla_S3A_20201117T094654_sui_geneva.tif
2020-11-18T09:20:00.000+00:00,S3A,12.07512,9.01196,15.52664,16,https://eawagrs.s3.eu-central-1.amazonaws.com/alplakes/cropped/sentinel3/geneva/OC3_chla_S3A_20201118T092043_sui_geneva.tif
2020-11-20T10:09:00.000+00:00,S3A,7.59662,2.08664,22.10285,21,https://eawagrs.s3.eu-central-1.amazonaws.com/alplakes/cropped/sentinel3/geneva/OC3_chla_S3A_20201120T100920_sui_geneva.tif
2020-11-24T10:05:00.000+00:00,S3A,8.4358,3.53107,13.70767,6,https://eawagrs.s3.eu-central-1.amazonaws.com/alplakes/cropped/sentinel3/geneva/OC3_chla_S3A_20201124T100535_sui_geneva.tif
2020-11-21T09:43:00.000+00:00,S3A,10.03093,3.6651,14.7402,26,https://eawagrs.s3.eu-central-1.amazonaws.com/alplakes/cropped/sentinel3/geneva/OC3_chla_S3A_20201121T094309_sui_geneva.tif
2020-11-28T10:01:00.000+00:00,S3A,7.47872,2.73415,13.18871,10,https://eawagrs.s3.eu-central-1.amazonaws.com/alplakes/cropped/sentinel3/geneva/OC3_chla_S3A_20201128T100150_sui_geneva.tif
2020-12-02T09:58:00.000+00:00,S3A,7.53402,2.8212,14.116,5,https://eawagrs.s3.eu-central-1.amazonaws.com/alplakes/cropped/sentinel3/geneva/OC3_chla_S3A_20201202T095804_sui_geneva.tif
2020-12-05T10:20:00.000+00:00,S3A,10.90428,7.09479,34.85419,1,https://eawagrs.s3.eu-central-1.amazonaws.com/alplakes/cropped/sentinel3/geneva/OC3_chla_S3A_20201205T102030_sui_geneva.tif
2020-12-06T09:54:00.000+00:00,S3A,8.00095,2.38354,11.73863,2,https://eawagrs.s3.eu-central-1.amazonaws.com/alplakes/cropped/sentinel3/geneva/OC3_chla_S3A_20201206T095419_sui_geneva.tif
2020-12-03T09:31:00.000+00:00,S3A,10.52963,4.54437,15.77987,15,https://eawagrs.s3.eu-central-1.amazonaws.com/alplakes/cropped/sentinel3/geneva/OC3_chla_S3A_20201203T093153_sui_geneva.tif
2020-12-07T09:28:00.000+00:00,S3A,10.94368,5.4011,33.94988,7,https://eawagrs.s3.eu-central-1.amazonaws.com/alplakes/cropped/sentinel3/geneva/OC3_chla_S3A_20201207T092808_sui_geneva.tif
2020-12-01T10:24:00.000+00:00,S3A,8.28298,2.76235,12.11839,1,https://eawagrs.s3.eu-central-1.amazonaws.com/alplakes/cropped/sentinel3/geneva/OC3_chla_S3A_20201201T102415_sui_geneva.tif
2020-12-10T09:50:00.000+00:00,S3A,9.63866,2.46592,13.56798,11,https://eawagrs.s3.eu-central-1.amazonaws.com/alplakes/cropped/sentinel3/geneva/OC3_chla_S3A_20201210T095035_sui_geneva.tif
2020-12-09T10:16:00.000+00:00,S3A,10.02104,2.58507,13.32465,1,https://eawagrs.s3.eu-central-1.amazonaws.com/alplakes/cropped/sentinel3/geneva/OC3_chla_S3A_20201209T101646_sui_geneva.tif
2020-12-13T10:13:00.000+00:00,S3A,7.17916,0,39.35286,5,https://eawagrs.s3.eu-central-1.amazonaws.com/alplakes/cropped/sentinel3/geneva/OC3_chla_S3A_20201213T101301_sui_geneva.tif
2020-12-14T09:46:00.000+00:00,S3A,10.54913,5.5167,14.02253,6,https://eawagrs.s3.eu-central-1.amazonaws.com/alplakes/cropped/sentinel3/geneva/OC3_chla_S3A_20201214T094650_sui_geneva.tif
2020-12-18T09:43:00.000+00:00,S3A,10.98029,7.14966,15.11867,1,https://eawagrs.s3.eu-central-1.amazonaws.com/alplakes/cropped/sentinel3/geneva/OC3_chla_S3A_20201218T094306_sui_geneva.tif
2020-12-22T09:39:00.000+00:00,S3A,14.29876,12.53662,16.40054,1,https://eawagrs.s3.eu-central-1.amazonaws.com/alplakes/cropped/sentinel3/geneva/OC3_chla_S3A_20201222T093923_sui_geneva.tif
2020-12-25T10:01:00.000+00:00,S3A,10.3237,0,84.83228,1,https://eawagrs.s3.eu-central-1.amazonaws.com/alplakes/cropped/sentinel3/geneva/OC3_chla_S3A_20201225T100150_sui_geneva.tif
2020-12-26T09:35:00.000+00:00,S3A,9.76928,4.99497,17.78988,5,https://eawagrs.s3.eu-central-1.amazonaws.com/alplakes/cropped/sentinel3/geneva/OC3_chla_S3A_20201226T093539_sui_geneva.tif
2020-12-28T10:24:00.000+00:00,S3A,8.42567,2.34297,14.2144,2,https://eawagrs.s3.eu-central-1.amazonaws.com/alplakes/cropped/sentinel3/geneva/OC3_chla_S3A_20201228T102417_sui_geneva.tif
2020-12-29T09:58:00.000+00:00,S3A,11.64272,9.4847,13.65163,1,https://eawagrs.s3.eu-central-1.amazonaws.com/alplakes/cropped/sentinel3/geneva/OC3_chla_S3A_20201229T095807_sui_geneva.tif
2020-12-30T09:31:00.000+00:00,S3A,15.2059,10.10984,36.93515,2,https://eawagrs.s3.eu-central-1.amazonaws.com/alplakes/cropped/sentinel3/geneva/OC3_chla_S3A_20201230T093156_sui_geneva.tif
2021-01-07T09:24:00.000+00:00,S3A,14.35026,7.81715,42.49064,10,https://eawagrs.s3.eu-central-1.amazonaws.com/alplakes/cropped/sentinel3/geneva/OC3_chla_S3A_20210107T092429_sui_geneva.tif
2021-01-09T10:13:00.000+00:00,S3A,8.54323,2.18604,13.27804,17,https://eawagrs.s3.eu-central-1.amazonaws.com/alplakes/cropped/sentinel3/geneva/OC3_chla_S3A_20210109T101307_sui_geneva.tif
2021-01-01T10:20:00.000+00:00,S3A,11.78193,11.78193,11.78193,1,https://eawagrs.s3.eu-central-1.amazonaws.com/alplakes/cropped/sentinel3/geneva/OC3_chla_S3A_20210101T102034_sui_geneva.tif
2021-01-10T09:46:00.000+00:00,S3A,8.48593,2.00639,15.43949,26,https://eawagrs.s3.eu-central-1.amazonaws.com/alplakes/cropped/sentinel3/geneva/OC3_chla_S3A_20210110T094656_sui_geneva.tif
2021-01-11T09:20:00.000+00:00,S3A,12.47785,10.81134,14.3902,1,https://eawagrs.s3.eu-central-1.amazonaws.com/alplakes/cropped/sentinel3/geneva/OC3_chla_S3A_20210111T092045_sui_geneva.tif
2021-01-14T09:43:00.000+00:00,S3A,18.78772,10.84384,26.7316,1,https://eawagrs.s3.eu-central-1.amazonaws.com/alplakes/cropped/sentinel3/geneva/OC3_chla_S3A_20210114T094312_sui_geneva.tif
2021-01-18T09:39:00.000+00:00,S3A,10.41303,3.06405,24.58481,19,https://eawagrs.s3.eu-central-1.amazonaws.com/alplakes/cropped/sentinel3/geneva/OC3_chla_S3A_20210118T093929_sui_geneva.tif
2021-01-22T09:35:00.000+00:00,S3A,13.43099,10.4972,17.12152,2,https://eawagrs.s3.eu-central-1.amazonaws.com/alplakes/cropped/sentinel3/geneva/OC3_chla_S3A_20210122T093545_sui_geneva.tif
2021-01-24T10:24:00.000+00:00,S3A,4.08448,1.27471,13.854,35,https://eawagrs.s3.eu-central-1.amazonaws.com/alplakes/cropped/sentinel3/geneva/OC3_chla_S3A_20210124T102422_sui_geneva.tif
2021-01-25T09:58:00.000+00:00,S3A,12.23586,0.1581,235.96031,1,https://eawagrs.s3.eu-central-1.amazonaws.com/alplakes/cropped/sentinel3/geneva/OC3_chla_S3A_20210125T095812_sui_geneva.tif
2021-01-26T09:32:00.000+00:00,S3A,10.04959,2.20261,14.00373,20,https://eawagrs.s3.eu-central-1.amazonaws.com/alplakes/cropped/sentinel3/geneva/OC3_chla_S3A_20210126T093201_sui_geneva.tif
2021-02-03T09:24:00.000+00:00,S3A,13.59805,6.59313,34.30876,1,https://eawagrs.s3.eu-central-1.amazonaws.com/alplakes/cropped/sentinel3/geneva/OC3_chla_S3A_20210203T092432_sui_geneva.tif
2021-02-09T10:09:00.000+00:00,S3A,2.81502,0.97899,11.24626,11,https://eawagrs.s3.eu-central-1.amazonaws.com/alplakes/cropped/sentinel3/geneva/OC3_chla_S3A_20210209T100925_sui_geneva.tif
2021-02-10T09:43:00.000+00:00,S3A,11.64928,11.64928,11.64928,1,https://eawagrs.s3.eu-central-1.amazonaws.com/alplakes/cropped/sentinel3/geneva/OC3_chla_S3A_20210210T094314_sui_geneva.tif
2021-02-14T09:39:00.000+00:00,S3A,2.36792,0.13306,7.98421,3,https://eawagrs.s3.eu-central-1.amazonaws.com/alplakes/cropped/sentinel3/geneva/OC3_chla_S3A_20210214T093929_sui_geneva.tif
2021-02-17T10:01:00.000+00:00,S3A,2.12257,0.15745,10.27559,46,https://eawagrs.s3.eu-central-1.amazonaws.com/alplakes/cropped/sentinel3/geneva/OC3_chla_S3A_20210217T100156_sui_geneva.tif
2021-02-20T10:24:00.000+00:00,S3A,2.44957,0.89004,13.39883,60,https://eawagrs.s3.eu-central-1.amazonaws.com/alplakes/cropped/sentinel3/geneva/OC3_chla_S3A_20210220T102422_sui_geneva.tif
2021-02-21T09:58:00.000+00:00,S3A,2.87246,1.18455,11.96611,48,https://eawagrs.s3.eu-central-1.amazonaws.com/alplakes/cropped/sentinel3/geneva/OC3_chla_S3A_20210221T095811_sui_geneva.tif
2021-02-24T10:20:00.000+00:00,S3A,11.1513,5.73982,14.74411,33,https://eawagrs.s3.eu-central-1.amazonaws.com/alplakes/cropped/sentinel3/geneva/OC3_chla_S3A_20210224T102037_sui_geneva.tif
2021-02-25T09:54:00.000+00:00,S3A,9.41845,2.42737,14.72759,76,https://eawagrs.s3.eu-central-1.amazonaws.com/alplakes/cropped/sentinel3/geneva/OC3_chla_S3A_20210225T095426_sui_geneva.tif
2021-02-26T09:28:00.000+00:00,S3A,12.73684,8.32841,15.47845,30,https://eawagrs.s3.eu-central-1.amazonaws.com/alplakes/cropped/sentinel3/geneva/OC3_chla_S3A_20210226T092815_sui_geneva.tif
2021-02-28T10:16:00.000+00:00,S3A,4.45682,1.17825,11.05729,29,https://eawagrs.s3.eu-central-1.amazonaws.com/alplakes/cropped/sentinel3/geneva/OC3_chla_S3A_20210228T101652_sui_geneva.tif
2021-03-04T10:13:00.000+00:00,S3A,10.44124,3.9868,14.97835,10,https://eawagrs.s3.eu-central-1.amazonaws.com/alplakes/cropped/sentinel3/geneva/OC3_chla_S3A_20210304T101307_sui_geneva.tif
2021-03-02T09:24:00.000+00:00,S3A,9.14891,4.32966,12.312,21,https://eawagrs.s3.eu-central-1.amazonaws.com/alplakes/cropped/sentinel3/geneva/OC3_chla_S3A_20210302T092430_sui_geneva.tif
2021-03-01T09:50:00.000+00:00,S3A,4.87605,1.61176,12.56775,76,https://eawagrs.s3.eu-central-1.amazonaws.com/alplakes/cropped/sentinel3/geneva/OC3_chla_S3A_20210301T095041_sui_geneva.tif
2021-03-08T10:09:00.000+00:00,S3A,4.27799,1.73651,11.46033,3,https://eawagrs.s3.eu-central-1.amazonaws.com/alplakes/cropped/sentinel3/geneva/OC3_chla_S3A_20210308T100922_sui_geneva.tif
2021-03-12T10:05:00.000+00:00,S3A,3.02791,0.48785,12.19899,67,https://eawagrs.s3.eu-central-1.amazonaws.com/alplakes/cropped/sentinel3/geneva/OC3_chla_S3A_20210312T100537_sui_geneva.tif
2021-03-16T10:01:00.000+00:00,S3A,2.63951,0.826,6.86662,2,https://eawagrs.s3.eu-central-1.amazonaws.com/alplakes/cropped/sentinel3/geneva/OC3_chla_S3A_20210316T100152_sui_geneva.tif
2021-03-19T10:24:00.000+00:00,S3A,3.09771,1.42143,11.32687,80,https://eawagrs.s3.eu-central-1.amazonaws.com/alplakes/cropped/sentinel3/geneva/OC3_chla_S3A_20210319T102419_sui_geneva.tif
2021-03-20T09:58:00.000+00:00,S3A,3.06742,1.52715,16.44813,80,https://eawagrs.s3.eu-central-1.amazonaws.com/alplakes/cropped/sentinel3/geneva/OC3_chla_S3A_20210320T095808_sui_geneva.tif
2021-03-21T09:31:00.000+00:00,S3A,4.08924,1.9713,12.55855,72,https://eawagrs.s3.eu-central-1.amazonaws.com/alplakes/cropped/sentinel3/geneva/OC3_chla_S3A_20210321T093158_sui_geneva.tif
2021-03-25T09:28:00.000+00:00,S3A,6.9035,4.61543,12.25974,1,https://eawagrs.s3.eu-central-1.amazonaws.com/alplakes/cropped/sentinel3/geneva/OC3_chla_S3A_20210325T092814_sui_geneva.tif
2021-03-24T09:54:00.000+00:00,S3A,3.48684,1.40411,14.56291,83,https://eawagrs.s3.eu-central-1.amazonaws.com/alplakes/cropped/sentinel3/geneva/OC3_chla_S3A_20210324T095425_sui_geneva.tif
2021-03-23T10:20:00.000+00:00,S3A,2.81741,0.43683,11.12008,84,https://eawagrs.s3.eu-central-1.amazonaws.com/alplakes/cropped/sentinel3/geneva/OC3_chla_S3A_20210323T102036_sui_geneva.tif
2021-03-27T10:16:00.000+00:00,S3A,5.67364,1.12341,14.67634,76,https://eawagrs.s3.eu-central-1.amazonaws.com/alplakes/cropped/sentinel3/geneva/OC3_chla_S3A_20210327T101652_sui_geneva.tif
2021-03-28T09:50:00.000+00:00,S3A,7.26649,2.21728,12.684,72,https://eawagrs.s3.eu-central-1.amazonaws.com/alplakes/cropped/sentinel3/geneva/OC3_chla_S3A_20210328T095042_sui_geneva.tif
2021-03-29T09:24:00.000+00:00,S3A,9.71386,9.71386,9.71386,1,https://eawagrs.s3.eu-central-1.amazonaws.com/alplakes/cropped/sentinel3/geneva/OC3_chla_S3A_20210329T092431_sui_geneva.tif
2021-03-31T10:13:00.000+00:00,S3A,8.30911,2.60832,12.17512,90,https://eawagrs.s3.eu-central-1.amazonaws.com/alplakes/cropped/sentinel3/geneva/OC3_chla_S3A_20210331T101309_sui_geneva.tif
2021-04-04T10:09:00.000+00:00,S3A,6.62278,1.9848,11.9124,88,https://eawagrs.s3.eu-central-1.amazonaws.com/alplakes/cropped/sentinel3/geneva/OC3_chla_S3A_20210404T100925_sui_geneva.tif
2021-04-01T09:46:00.000+00:00,S3A,8.89268,3.46506,13.14167,83,https://eawagrs.s3.eu-central-1.amazonaws.com/alplakes/cropped/sentinel3/geneva/OC3_chla_S3A_20210401T094658_sui_geneva.tif
2021-04-02T09:20:00.000+00:00,S3A,9.85135,8.37901,11.08446,3,https://eawagrs.s3.eu-central-1.amazonaws.com/alplakes/cropped/sentinel3/geneva/OC3_chla_S3A_20210402T092047_sui_geneva.tif
2021-04-05T09:43:00.000+00:00,S3A,6.65959,4.91096,9.95568,1,https://eawagrs.s3.eu-central-1.amazonaws.com/alplakes/cropped/sentinel3/geneva/OC3_chla_S3A_20210405T094315_sui_geneva.tif
2021-04-09T09:39:00.000+00:00,S3A,7.86283,3.11616,11.71976,45,https://eawagrs.s3.eu-central-1.amazonaws.com/alplakes/cropped/sentinel3/geneva/OC3_chla_S3A_20210409T093931_sui_geneva.tif
2021-04-08T10:05:00.000+00:00,S3A,7.26687,2.1796,11.82709,89,https://eawagrs.s3.eu-central-1.amazonaws.com/alplakes/cropped/sentinel3/geneva/OC3_chla_S3A_20210408T100542_sui_geneva.tif
2021-04-11T10:28:00.000+00:00,S3A,4.63311,4.63311,4.63311,1,https://eawagrs.s3.eu-central-1.amazonaws.com/alplakes/cropped/sentinel3/geneva/OC3_chla_S3A_20210411T102809_sui_geneva.tif
2021-04-12T10:01:00.000+00:00,S3A,6.06889,2.39697,10.46062,16,https://eawagrs.s3.eu-central-1.amazonaws.com/alplakes/cropped/sentinel3/geneva/OC3_chla_S3A_20210412T100158_sui_geneva.tif
2021-04-13T09:35:00.000+00:00,S3A,8.38421,2.57212,11.20463,77,https://eawagrs.s3.eu-central-1.amazonaws.com/alplakes/cropped/sentinel3/geneva/OC3_chla_S3A_20210413T093547_sui_geneva.tif
2021-04-15T10:24:00.000+00:00,S3A,6.54206,1.97192,11.25566,68,https://eawagrs.s3.eu-central-1.amazonaws.com/alplakes/cropped/sentinel3/geneva/OC3_chla_S3A_20210415T102425_sui_geneva.tif
2021-04-16T09:58:00.000+00:00,S3A,7.09998,2.36632,11.72454,55,https://eawagrs.s3.eu-central-1.amazonaws.com/alplakes/cropped/sentinel3/geneva/OC3_chla_S3A_20210416T095814_sui_geneva.tif
2021-04-17T09:32:00.000+00:00,S3A,8.07231,3.09878,11.66104,66,https://eawagrs.s3.eu-central-1.amazonaws.com/alplakes/cropped/sentinel3/geneva/OC3_chla_S3A_20210417T093204_sui_geneva.tif
2021-04-20T09:54:00.000+00:00,S3A,7.09374,2.41254,12.05437,78,https://eawagrs.s3.eu-central-1.amazonaws.com/alplakes/cropped/sentinel3/geneva/OC3_chla_S3A_20210420T095431_sui_geneva.tif
2021-04-19T10:20:00.000+00:00,S3A,6.4615,2.22574,13.0071,84,https://eawagrs.s3.eu-central-1.amazonaws.com/alplakes/cropped/sentinel3/geneva/OC3_chla_S3A_20210419T102041_sui_geneva.tif
2021-04-23T10:16:00.000+00:00,S3A,6.98726,2.11015,12.67665,89,https://eawagrs.s3.eu-central-1.amazonaws.com/alplakes/cropped/sentinel3/geneva/OC3_chla_S3A_20210423T101657_sui_geneva.tif
2021-04-24T09:50:00.000+00:00,S3A,7.57186,2.96273,11.94665,80,https://eawagrs.s3.eu-central-1.amazonaws.com/alplakes/cropped/sentinel3/geneva/OC3_chla_S3A_20210424T095047_sui_geneva.tif
2021-04-25T09:24:00.000+00:00,S3A,7.66184,4.0098,11.30932,59,https://eawagrs.s3.eu-central-1.amazonaws.com/alplakes/cropped/sentinel3/geneva/OC3_chla_S3A_20210425T092436_sui_geneva.tif
2021-04-28T09:47:00.000+00:00,S3A,7.18288,7.18288,7.18288,1,https://eawagrs.s3.eu-central-1.amazonaws.com/alplakes/cropped/sentinel3/geneva/OC3_chla_S3A_20210428T094703_sui_geneva.tif
2021-04-27T10:13:00.000+00:00,S3A,6.75226,2.52251,11.1569,79,https://eawagrs.s3.eu-central-1.amazonaws.com/alplakes/cropped/sentinel3/geneva/OC3_chla_S3A_20210427T101313_sui_geneva.tif
2021-05-02T09:43:00.000+00:00,S3A,5.50895,2.65503,8.8305,39,https://eawagrs.s3.eu-central-1.amazonaws.com/alplakes/cropped/sentinel3/geneva/OC3_chla_S3A_20210502T094319_sui_geneva.tif
2021-05-05T10:05:00.000+00:00,S3A,2.72697,0.56045,9.31378,25,https://eawagrs.s3.eu-central-1.amazonaws.com/alplakes/cropped/sentinel3/geneva/OC3_chla_S3A_20210505T100545_sui_geneva.tif
2021-05-09T10:02:00.000+00:00,S3A,2.349,1.95018,10.0798,13,https://eawagrs.s3.eu-central-1.amazonaws.com/alplakes/cropped/sentinel3/geneva/OC3_chla_S3A_20210509T100201_sui_geneva.tif
2021-05-12T10:24:00.000+00:00,S3A,2.29345,2.00201,5.97532,19,https://eawagrs.s3.eu-central-1.amazonaws.com/alplakes/cropped/sentinel3/geneva/OC3_chla_S3A_20210512T102427_sui_geneva.tif
2021-05-18T09:28:00.000+00:00,S3A,3.83106,2.29194,9.12546,42,https://eawagrs.s3.eu-central-1.amazonaws.com/alplakes/cropped/sentinel3/geneva/OC3_chla_S3A_20210518T092821_sui_geneva.tif
2021-05-17T09:54:00.000+00:00,S3A,3.10776,2.1781,5.11365,2,https://eawagrs.s3.eu-central-1.amazonaws.com/alplakes/cropped/sentinel3/geneva/OC3_chla_S3A_20210517T095432_sui_geneva.tif
2021-05-20T10:16:00.000+00:00,S3A,3.90346,1.2014,10.58894,83,https://eawagrs.s3.eu-central-1.amazonaws.com/alplakes/cropped/sentinel3/geneva/OC3_chla_S3A_20210520T101659_sui_geneva.tif
2021-05-22T09:24:00.000+00:00,S3A,5.83397,3.03447,8.84235,33,https://eawagrs.s3.eu-central-1.amazonaws.com/alplakes/cropped/sentinel3/geneva/OC3_chla_S3A_20210522T092437_sui_geneva.tif
2021-05-25T09:47:00.000+00:00,S3A,4.66475,1.91265,10.00924,22,https://eawagrs.s3.eu-central-1.amazonaws.com/alplakes/cropped/sentinel3/geneva/OC3_chla_S3A_20210525T094703_sui_geneva.tif
2021-05-28T10:09:00.000+00:00,S3A,8.1682,1.94135,13.83896,82,https://eawagrs.s3.eu-central-1.amazonaws.com/alplakes/cropped/sentinel3/geneva/OC3_chla_S3A_20210528T100929_sui_geneva.tif
2021-05-29T09:43:00.000+00:00,S3A,9.527,2.34953,15.63201,80,https://eawagrs.s3.eu-central-1.amazonaws.com/alplakes/cropped/sentinel3/geneva/OC3_chla_S3A_20210529T094318_sui_geneva.tif
2021-06-01T10:05:00.000+00:00,S3A,9.73315,3.01192,15.13683,88,https://eawagrs.s3.eu-central-1.amazonaws.com/alplakes/cropped/sentinel3/geneva/OC3_chla_S3A_20210601T100544_sui_geneva.tif
2021-06-05T10:02:00.000+00:00,S3A,7.76941,3.05229,10.76363,57,https://eawagrs.s3.eu-central-1.amazonaws.com/alplakes/cropped/sentinel3/geneva/OC3_chla_S3A_20210605T100201_sui_geneva.tif
2021-06-06T09:35:00.000+00:00,S3A,7.0023,4.03887,9.94336,29,https://eawagrs.s3.eu-central-1.amazonaws.com/alplakes/cropped/sentinel3/geneva/OC3_chla_S3A_20210606T093550_sui_geneva.tif
2021-06-08T10:24:00.000+00:00,S3A,3.11503,3.11503,3.11503,1,https://eawagrs.s3.eu-central-1.amazonaws.com/alplakes/cropped/sentinel3/geneva/OC3_chla_S3A_20210608T102427_sui_geneva.tif
2021-06-12T10:20:00.000+00:00,S3A,3.06852,2.28557,10.30884,69,https://eawagrs.s3.eu-central-1.amazonaws.com/alplakes/cropped/sentinel3/geneva/OC3_chla_S3A_20210612T102043_sui_geneva.tif
2021-06-10T09:32:00.000+00:00,S3A,3.20046,2.33554,7.87503,30,https://eawagrs.s3.eu-central-1.amazonaws.com/alplakes/cropped/sentinel3/geneva/OC3_chla_S3A_20210610T093206_sui_geneva.tif
2021-06-13T09:54:00.000+00:00,S3A,3.80784,2.38849,11.20173,87,https://eawagrs.s3.eu-central-1.amazonaws.com/alplakes/cropped/sentinel3/geneva/OC3_chla_S3A_20210613T095433_sui_geneva.tif
2021-06-14T09:28:00.000+00:00,S3A,4.0391,2.46244,8.67693,70,https://eawagrs.s3.eu-central-1.amazonaws.com/alplakes/cropped/sentinel3/geneva/OC3_chla_S3A_20210614T092822_sui_geneva.tif
2021-06-16T10:16:00.000+00:00,S3A,3.56902,2.19962,9.8288,84,https://eawagrs.s3.eu-central-1.amazonaws.com/alplakes/cropped/sentinel3/geneva/OC3_chla_S3A_20210616T101659_sui_geneva.tif
2021-06-17T09:50:00.000+00:00,S3A,3.61253,3.29328,3.79353,1,https://eawagrs.s3.eu-central-1.amazonaws.com/alplakes/cropped/sentinel3/geneva/OC3_chla_S3A_20210617T095048_sui_geneva.tif
2021-06-21T09:47:00.000+00:00,S3A,3.28251,2.37268,10.27622,67,https://eawagrs.s3.eu-central-1.amazonaws.com/alplakes/cropped/sentinel3/geneva/OC3_chla_S3A_20210621T094704_sui_geneva.tif
2021-06-22T09:20:00.000+00:00,S3A,3.16383,2.35039,5.86822,22,https://eawagrs.s3.eu-central-1.amazonaws.com/alplakes/cropped/sentinel3/geneva/OC3_chla_S3A_20210622T092053_sui_geneva.tif
2021-06-24T10:09:00.000+00:00,S3A,4.05752,2.39315,10.4391,12,https://eawagrs.s3.eu-central-1.amazonaws.com/alplakes/cropped/sentinel3/geneva/OC3_chla_S3A_20210624T100931_sui_geneva.tif
2021-06-25T09:43:00.000+00:00,S3A,4.09522,2.42387,9.00428,5,https://eawagrs.s3.eu-central-1.amazonaws.com/alplakes/cropped/sentinel3/geneva/OC3_chla_S3A_20210625T094320_sui_geneva.tif
2021-06-28T10:05:00.000+00:00,S3A,3.3679,2.49355,11.56968,5,https://eawagrs.s3.eu-central-1.amazonaws.com/alplakes/cropped/sentinel3/geneva/OC3_chla_S3A_20210628T100547_sui_geneva.tif
2021-07-02T10:02:00.000+00:00,S3A,3.25983,2.31152,10.12833,83,https://eawagrs.s3.eu-central-1.amazonaws.com/alplakes/cropped/sentinel3/geneva/OC3_chla_S3A_20210702T100202_sui_geneva.tif
2021-07-07T09:32:00.000+00:00,S3A,2.85352,2.76784,2.93919,1,https://eawagrs.s3.eu-central-1.amazonaws.com/alplakes/cropped/sentinel3/geneva/OC3_chla_S3A_20210707T093207_sui_geneva.tif
2021-07-11T09:28:00.000+00:00,S3A,2.41224,2.19033,2.80668,1,https://eawagrs.s3.eu-central-1.amazonaws.com/alplakes/cropped/sentinel3/geneva/OC3_chla_S3A_20210711T092822_sui_geneva.tif
2021-07-10T09:54:00.000+00:00,S3A,2.34937,2.08841,2.94331,7,https://eawagrs.s3.eu-central-1.amazonaws.com/alplakes/cropped/sentinel3/geneva/OC3_chla_S3A_20210710T095433_sui_geneva.tif
2021-07-13T10:16:00.000+00:00,S3A,7.94395,2.41892,9.75773,1,https://eawagrs.s3.eu-central-1.amazonaws.com/alplakes/cropped/sentinel3/geneva/OC3_chla_S3A_20210713T101659_sui_geneva.tif
2021-07-09T10:20:00.000+00:00,S3A,2.42916,1.98694,12.2359,32,https://eawagrs.s3.eu-central-1.amazonaws.com/alplakes/cropped/sentinel3/geneva/OC3_chla_S3A_20210709T102044_sui_geneva.tif
2021-07-14T09:50:00.000+00:00,S3A,4.12484,3.03634,5.64608,1,https://eawagrs.s3.eu-central-1.amazonaws.com/alplakes/cropped/sentinel3/geneva/OC3_chla_S3A_20210714T095048_sui_geneva.tif
2021-07-17T10:13:00.000+00:00,S3A,2.77819,2.03564,12.86574,28,https://eawagrs.s3.eu-central-1.amazonaws.com/alplakes/cropped/sentinel3/geneva/OC3_chla_S3A_20210717T101315_sui_geneva.tif
2021-07-19T09:20:00.000+00:00,S3A,3.88162,2.50567,19.03782,43,https://eawagrs.s3.eu-central-1.amazonaws.com/alplakes/cropped/sentinel3/geneva/OC3_chla_S3A_20210719T092053_sui_geneva.tif
2021-07-21T10:09:00.000+00:00,S3A,3.11239,2.26739,9.4156,23,https://eawagrs.s3.eu-central-1.amazonaws.com/alplakes/cropped/sentinel3/geneva/OC3_chla_S3A_20210721T100930_sui_geneva.tif
2021-07-18T09:47:00.000+00:00,S3A,3.30292,2.20878,16.61052,69,https://eawagrs.s3.eu-central-1.amazonaws.com/alplakes/cropped/sentinel3/geneva/OC3_chla_S3A_20210718T094704_sui_geneva.tif
2021-07-22T09:43:00.000+00:00,S3A,3.22986,2.42371,4.38508,18,https://eawagrs.s3.eu-central-1.amazonaws.com/alplakes/cropped/sentinel3/geneva/OC3_chla_S3A_20210722T094319_sui_geneva.tif
2021-07-29T10:02:00.000+00:00,S3A,2.55098,2.09117,9.53321,64,https://eawagrs.s3.eu-central-1.amazonaws.com/alplakes/cropped/sentinel3/geneva/OC3_chla_S3A_20210729T100200_sui_geneva.tif
2021-08-02T09:58:00.000+00:00,S3A,2.7755,2.28173,3.92231,8,https://eawagrs.s3.eu-central-1.amazonaws.com/alplakes/cropped/sentinel3/geneva/OC3_chla_S3A_20210802T095815_sui_geneva.tif
2021-08-06T09:54:00.000+00:00,S3A,2.71471,2.19784,8.37679,60,https://eawagrs.s3.eu-central-1.amazonaws.com/alplakes/cropped/sentinel3/geneva/OC3_chla_S3A_20210806T095430_sui_geneva.tif
2021-08-10T09:50:00.000+00:00,S3A,3.17986,2.26105,8.21763,24,https://eawagrs.s3.eu-central-1.amazonaws.com/alplakes/cropped/sentinel3/geneva/OC3_chla_S3A_20210810T095044_sui_geneva.tif
2021-08-18T09:43:00.000+00:00,S3A,5.0473,2.98253,10.3339,67,https://eawagrs.s3.eu-central-1.amazonaws.com/alplakes/cropped/sentinel3/geneva/OC3_chla_S3A_20210818T094315_sui_geneva.tif
2021-08-17T10:09:00.000+00:00,S3A,4.644,2.70037,8.18291,14,https://eawagrs.s3.eu-central-1.amazonaws.com/alplakes/cropped/sentinel3/geneva/OC3_chla_S3A_20210817T100926_sui_geneva.tif
2021-08-14T09:47:00.000+00:00,S3A,4.57245,2.54226,8.13736,30,https://eawagrs.s3.eu-central-1.amazonaws.com/alplakes/cropped/sentinel3/geneva/OC3_chla_S3A_20210814T094700_sui_geneva.tif
2021-08-21T10:05:00.000+00:00,S3A,2.74299,2.45817,3.21159,5,https://eawagrs.s3.eu-central-1.amazonaws.com/alplakes/cropped/sentinel3/geneva/OC3_chla_S3A_20210821T100542_sui_geneva.tif
2021-08-25T10:01:00.000+00:00,S3A,2.50194,2.31338,2.66665,1,https://eawagrs.s3.eu-central-1.amazonaws.com/alplakes/cropped/sentinel3/geneva/OC3_chla_S3A_20210825T100157_sui_geneva.tif
2021-08-26T09:35:00.000+00:00,S3A,3.37837,2.24304,6.43713,42,https://eawagrs.s3.eu-central-1.amazonaws.com/alplakes/cropped/sentinel3/geneva/OC3_chla_S3A_20210826T093546_sui_geneva.tif
2021-08-28T10:24:00.000+00:00,S3A,3.45188,2.26557,8.75906,64,https://eawagrs.s3.eu-central-1.amazonaws.com/alplakes/cropped/sentinel3/geneva/OC3_chla_S3A_20210828T102423_sui_geneva.tif
2021-08-29T09:58:00.000+00:00,S3A,3.30693,2.21763,8.45254,78,https://eawagrs.s3.eu-central-1.amazonaws.com/alplakes/cropped/sentinel3/geneva/OC3_chla_S3A_20210829T095812_sui_geneva.tif
2021-08-30T09:32:00.000+00:00,S3A,4.17109,2.47699,8.49132,55,https://eawagrs.s3.eu-central-1.amazonaws.com/alplakes/cropped/sentinel3/geneva/OC3_chla_S3A_20210830T093201_sui_geneva.tif
2021-09-02T09:54:00.000+00:00,S3A,5.31106,2.238,9.94826,81,https://eawagrs.s3.eu-central-1.amazonaws.com/alplakes/cropped/sentinel3/geneva/OC3_chla_S3A_20210902T095428_sui_geneva.tif
2021-09-01T10:20:00.000+00:00,S3A,4.37012,2.31216,9.81814,73,https://eawagrs.s3.eu-central-1.amazonaws.com/alplakes/cropped/sentinel3/geneva/OC3_chla_S3A_20210901T102039_sui_geneva.tif
2021-09-03T09:28:00.000+00:00,S3A,9.56332,9.15491,9.97173,1,https://eawagrs.s3.eu-central-1.amazonaws.com/alplakes/cropped/sentinel3/geneva/OC3_chla_S3A_20210903T092817_sui_geneva.tif
2021-09-05T10:16:00.000+00:00,S3A,9.09052,2.35918,14.72244,85,https://eawagrs.s3.eu-central-1.amazonaws.com/alplakes/cropped/sentinel3/geneva/OC3_chla_S3A_20210905T101654_sui_geneva.tif
2021-09-06T09:50:00.000+00:00,S3A,9.6729,2.53727,15.9915,84,https://eawagrs.s3.eu-central-1.amazonaws.com/alplakes/cropped/sentinel3/geneva/OC3_chla_S3A_20210906T095043_geneva.tif
2021-09-06T09:50:00.000+00:00,S3A,9.6729,2.53727,15.9915,84,https://eawagrs.s3.eu-central-1.amazonaws.com/alplakes/cropped/sentinel3/geneva/OC3_chla_S3A_20210906T095043_sui_geneva.tif
2021-09-07T09:24:00.000+00:00,S3A,11.01832,6.95064,14.99753,11,https://eawagrs.s3.eu-central-1.amazonaws.com/alplakes/cropped/sentinel3/geneva/OC3_chla_S3A_20210907T092432_sui_geneva.tif
2021-09-11T09:20:00.000+00:00,S3A,9.88173,8.63311,11.36974,1,https://eawagrs.s3.eu-central-1.amazonaws.com/alplakes/cropped/sentinel3/geneva/OC3_chla_S3A_20210911T092048_sui_geneva.tif
2021-09-13T10:09:00.000+00:00,S3A,8.5958,2.74066,12.44707,88,https://eawagrs.s3.eu-central-1.amazonaws.com/alplakes/cropped/sentinel3/geneva/OC3_chla_S3A_20210913T100925_sui_geneva.tif
2021-09-17T10:05:00.000+00:00,S3A,3.40263,2.36789,9.5115,58,https://eawagrs.s3.eu-central-1.amazonaws.com/alplakes/cropped/sentinel3/geneva/OC3_chla_S3A_20210917T100542_sui_geneva.tif
2021-09-21T10:01:00.000+00:00,S3A,2.5955,2.06169,9.93933,21,https://eawagrs.s3.eu-central-1.amazonaws.com/alplakes/cropped/sentinel3/geneva/OC3_chla_S3A_20210921T100158_sui_geneva.tif
2021-09-18T09:39:00.000+00:00,S3A,3.37465,2.39297,9.01297,64,https://eawagrs.s3.eu-central-1.amazonaws.com/alplakes/cropped/sentinel3/geneva/OC3_chla_S3A_20210918T093931_sui_geneva.tif
2021-09-22T09:35:00.000+00:00,S3A,3.08179,2.36891,4.6918,6,https://eawagrs.s3.eu-central-1.amazonaws.com/alplakes/cropped/sentinel3/geneva/OC3_chla_S3A_20210922T093547_sui_geneva.tif
2021-09-24T10:24:00.000+00:00,S3A,2.79756,2.08726,11.35638,84,https://eawagrs.s3.eu-central-1.amazonaws.com/alplakes/cropped/sentinel3/geneva/OC3_chla_S3A_20210924T102425_sui_geneva.tif
2021-09-29T09:54:00.000+00:00,S3A,3.29605,2.1237,8.95875,14,https://eawagrs.s3.eu-central-1.amazonaws.com/alplakes/cropped/sentinel3/geneva/OC3_chla_S3A_20210929T095430_sui_geneva.tif
2021-10-02T10:16:00.000+00:00,S3A,7.8608,6.84951,8.55942,1,https://eawagrs.s3.eu-central-1.amazonaws.com/alplakes/cropped/sentinel3/geneva/OC3_chla_S3A_20211002T101657_sui_geneva.tif
2021-10-08T09:20:00.000+00:00,S3A,3.83147,2.50734,9.20659,10,https://eawagrs.s3.eu-central-1.amazonaws.com/alplakes/cropped/sentinel3/geneva/OC3_chla_S3A_20211008T092051_sui_geneva.tif
2021-10-06T10:13:00.000+00:00,S3A,3.28447,1.73718,11.70882,18,https://eawagrs.s3.eu-central-1.amazonaws.com/alplakes/cropped/sentinel3/geneva/OC3_chla_S3A_20211006T101313_sui_geneva.tif
2021-10-07T09:47:00.000+00:00,S3A,4.07567,2.24072,11.54542,59,https://eawagrs.s3.eu-central-1.amazonaws.com/alplakes/cropped/sentinel3/geneva/OC3_chla_S3A_20211007T094702_sui_geneva.tif
2021-10-10T10:09:00.000+00:00,S3A,3.0596,1.90732,7.8932,16,https://eawagrs.s3.eu-central-1.amazonaws.com/alplakes/cropped/sentinel3/geneva/OC3_chla_S3A_20211010T100928_sui_geneva.tif
2021-10-11T09:43:00.000+00:00,S3A,3.56101,2.18851,8.62793,70,https://eawagrs.s3.eu-central-1.amazonaws.com/alplakes/cropped/sentinel3/geneva/OC3_chla_S3A_20211011T094317_sui_geneva.tif
2021-10-14T10:05:00.000+00:00,S3A,3.20504,2.13604,9.28562,72,https://eawagrs.s3.eu-central-1.amazonaws.com/alplakes/cropped/sentinel3/geneva/OC3_chla_S3A_20211014T100544_sui_geneva.tif
2021-10-15T09:39:00.000+00:00,S3A,4.19037,2.34805,10.18336,14,https://eawagrs.s3.eu-central-1.amazonaws.com/alplakes/cropped/sentinel3/geneva/OC3_chla_S3A_20211015T093933_sui_geneva.tif
2021-10-17T10:28:00.000+00:00,S3A,3.07366,1.97932,6.71142,3,https://eawagrs.s3.eu-central-1.amazonaws.com/alplakes/cropped/sentinel3/geneva/OC3_chla_S3A_20211017T102810_sui_geneva.tif
2021-10-18T10:01:00.000+00:00,S3A,3.5615,2.1277,10.27088,77,https://eawagrs.s3.eu-central-1.amazonaws.com/alplakes/cropped/sentinel3/geneva/OC3_chla_S3A_20211018T100159_sui_geneva.tif
2021-10-23T09:32:00.000+00:00,S3A,4.09346,2.20638,9.32095,61,https://eawagrs.s3.eu-central-1.amazonaws.com/alplakes/cropped/sentinel3/geneva/OC3_chla_S3A_20211023T093204_sui_geneva.tif
2021-10-21T10:24:00.000+00:00,S3A,2.82857,1.56127,19.49924,63,https://eawagrs.s3.eu-central-1.amazonaws.com/alplakes/cropped/sentinel3/geneva/OC3_chla_S3A_20211021T102426_sui_geneva.tif
2021-10-22T09:58:00.000+00:00,S3A,2.74561,1.01419,10.66479,34,https://eawagrs.s3.eu-central-1.amazonaws.com/alplakes/cropped/sentinel3/geneva/OC3_chla_S3A_20211022T095815_sui_geneva.tif
2021-10-25T10:20:00.000+00:00,S3A,3.11739,2.09506,10.13708,67,https://eawagrs.s3.eu-central-1.amazonaws.com/alplakes/cropped/sentinel3/geneva/OC3_chla_S3A_20211025T102041_sui_geneva.tif
2021-10-27T09:28:00.000+00:00,S3A,5.86425,2.64282,10.77283,29,https://eawagrs.s3.eu-central-1.amazonaws.com/alplakes/cropped/sentinel3/geneva/OC3_chla_S3A_20211027T092819_sui_geneva.tif
2021-10-26T09:54:00.000+00:00,S3A,3.35174,2.14134,9.42642,7,https://eawagrs.s3.eu-central-1.amazonaws.com/alplakes/cropped/sentinel3/geneva/OC3_chla_S3A_20211026T095430_sui_geneva.tif
2021-10-29T10:16:00.000+00:00,S3A,4.3551,2.41151,9.79568,6,https://eawagrs.s3.eu-central-1.amazonaws.com/alplakes/cropped/sentinel3/geneva/OC3_chla_S3A_20211029T101656_sui_geneva.tif
2021-11-02T10:13:00.000+00:00,S3A,3.45963,2.21078,10.66936,1,https://eawagrs.s3.eu-central-1.amazonaws.com/alplakes/cropped/sentinel3/geneva/OC3_chla_S3A_20211102T101311_sui_geneva.tif
2021-11-04T09:20:00.000+00:00,S3A,7.14136,2.33798,12.70228,11,https://eawagrs.s3.eu-central-1.amazonaws.com/alplakes/cropped/sentinel3/geneva/OC3_chla_S3A_20211104T092049_sui_geneva.tif
2021-11-06T10:09:00.000+00:00,S3A,2.67432,0.3979,9.9967,29,https://eawagrs.s3.eu-central-1.amazonaws.com/alplakes/cropped/sentinel3/geneva/OC3_chla_S3A_20211106T100927_sui_geneva.tif
2021-11-07T09:43:00.000+00:00,S3A,3.1653,1.94982,10.63473,40,https://eawagrs.s3.eu-central-1.amazonaws.com/alplakes/cropped/sentinel3/geneva/OC3_chla_S3A_20211107T094316_sui_geneva.tif
2021-11-10T10:05:00.000+00:00,S3A,6.04954,2.7098,10.1642,1,https://eawagrs.s3.eu-central-1.amazonaws.com/alplakes/cropped/sentinel3/geneva/OC3_chla_S3A_20211110T100542_sui_geneva.tif
2021-11-14T10:01:00.000+00:00,S3A,3.90231,1.99102,6.61861,1,https://eawagrs.s3.eu-central-1.amazonaws.com/alplakes/cropped/sentinel3/geneva/OC3_chla_S3A_20211114T100158_sui_geneva.tif
2021-11-18T09:58:00.000+00:00,S3A,3.00673,1.50138,10.17424,3,https://eawagrs.s3.eu-central-1.amazonaws.com/alplakes/cropped/sentinel3/geneva/OC3_chla_S3A_20211118T095814_sui_geneva.tif
2021-11-19T09:32:00.000+00:00,S3A,7.31577,2.77152,11.12453,5,https://eawagrs.s3.eu-central-1.amazonaws.com/alplakes/cropped/sentinel3/geneva/OC3_chla_S3A_20211119T093203_sui_geneva.tif
2021-11-21T10:20:00.000+00:00,S3A,3.94234,2.24632,10.47235,3,https://eawagrs.s3.eu-central-1.amazonaws.com/alplakes/cropped/sentinel3/geneva/OC3_chla_S3A_20211121T102040_sui_geneva.tif
2021-11-29T10:13:00.000+00:00,S3A,4.39966,0.14398,14.2407,10,https://eawagrs.s3.eu-central-1.amazonaws.com/alplakes/cropped/sentinel3/geneva/OC3_chla_S3A_20211129T101311_sui_geneva.tif
2021-11-27T09:24:00.000+00:00,S3A,11.31077,4.23891,29.5685,2,https://eawagrs.s3.eu-central-1.amazonaws.com/alplakes/cropped/sentinel3/geneva/OC3_chla_S3A_20211127T092434_sui_geneva.tif
2021-12-01T09:20:00.000+00:00,S3A,13.52237,12.24647,15.3026,1,https://eawagrs.s3.eu-central-1.amazonaws.com/alplakes/cropped/sentinel3/geneva/OC3_chla_S3A_20211201T092049_sui_geneva.tif
2021-12-03T10:09:00.000+00:00,S3A,5.14153,1.46192,20.87948,9,https://eawagrs.s3.eu-central-1.amazonaws.com/alplakes/cropped/sentinel3/geneva/OC3_chla_S3A_20211203T100925_sui_geneva.tif
2021-12-07T10:05:00.000+00:00,S3A,6.06133,1.57918,20.67108,11,https://eawagrs.s3.eu-central-1.amazonaws.com/alplakes/cropped/sentinel3/geneva/OC3_chla_S3A_20211207T100542_sui_geneva.tif
2021-12-12T09:35:00.000+00:00,S3A,10.75323,2.80813,28.12178,8,https://eawagrs.s3.eu-central-1.amazonaws.com/alplakes/cropped/sentinel3/geneva/OC3_chla_S3A_20211212T093546_sui_geneva.tif
2021-12-14T10:24:00.000+00:00,S3A,6.82461,3.02764,11.20557,1,https://eawagrs.s3.eu-central-1.amazonaws.com/alplakes/cropped/sentinel3/geneva/OC3_chla_S3A_20211214T102423_sui_geneva.tif
2021-12-15T09:58:00.000+00:00,S3A,9.01116,3.17554,12.4421,1,https://eawagrs.s3.eu-central-1.amazonaws.com/alplakes/cropped/sentinel3/geneva/OC3_chla_S3A_20211215T095812_sui_geneva.tif
2021-12-18T10:20:00.000+00:00,S3A,7.54776,1.52194,14.06436,2,https://eawagrs.s3.eu-central-1.amazonaws.com/alplakes/cropped/sentinel3/geneva/OC3_chla_S3A_20211218T102039_sui_geneva.tif
2021-12-19T09:54:00.000+00:00,S3A,9.67222,5.18079,14.39994,1,https://eawagrs.s3.eu-central-1.amazonaws.com/alplakes/cropped/sentinel3/geneva/OC3_chla_S3A_20211219T095428_sui_geneva.tif
2021-12-22T10:16:00.000+00:00,S3A,6.02141,2.08505,13.75132,3,https://eawagrs.s3.eu-central-1.amazonaws.com/alplakes/cropped/sentinel3/geneva/OC3_chla_S3A_20211222T101655_sui_geneva.tif
2021-12-23T09:50:00.000+00:00,S3A,9.14388,2.20521,26.95088,17,https://eawagrs.s3.eu-central-1.amazonaws.com/alplakes/cropped/sentinel3/geneva/OC3_chla_S3A_20211223T095044_sui_geneva.tif
2021-12-31T09:43:00.000+00:00,S3A,10.8287,2.8877,14.8176,10,https://eawagrs.s3.eu-central-1.amazonaws.com/alplakes/cropped/sentinel3/geneva/OC3_chla_S3A_20211231T094316_sui_geneva.tif
2022-01-11T09:58:00.000+00:00,S3A,3.40585,0,18.73884,6,https://eawagrs.s3.eu-central-1.amazonaws.com/alplakes/cropped/sentinel3/geneva/OC3_chla_S3A_20220111T095815_sui_geneva.tif
2022-01-06T10:28:00.000+00:00,S3A,3.73073,1.79164,8.96552,4,https://eawagrs.s3.eu-central-1.amazonaws.com/alplakes/cropped/sentinel3/geneva/OC3_chla_S3A_20220106T102809_sui_geneva.tif
2022-01-10T10:24:00.000+00:00,S3A,2.77678,0.6045,13.76992,45,https://eawagrs.s3.eu-central-1.amazonaws.com/alplakes/cropped/sentinel3/geneva/OC3_chla_S3A_20220110T102426_sui_geneva.tif
2022-01-12T09:32:00.000+00:00,S3A,8.19949,2.48297,14.21722,15,https://eawagrs.s3.eu-central-1.amazonaws.com/alplakes/cropped/sentinel3/geneva/OC3_chla_S3A_20220112T093205_sui_geneva.tif
2022-01-18T10:16:00.000+00:00,S3A,3.13232,0.91516,18.82427,18,https://eawagrs.s3.eu-central-1.amazonaws.com/alplakes/cropped/sentinel3/geneva/OC3_chla_S3A_20220118T101659_sui_geneva.tif
2022-01-19T09:50:00.000+00:00,S3A,5.09734,1.46542,13.62308,28,https://eawagrs.s3.eu-central-1.amazonaws.com/alplakes/cropped/sentinel3/geneva/OC3_chla_S3A_20220119T095049_sui_geneva.tif
2022-01-22T10:13:00.000+00:00,S3A,2.77683,0.87804,11.12976,25,https://eawagrs.s3.eu-central-1.amazonaws.com/alplakes/cropped/sentinel3/geneva/OC3_chla_S3A_20220122T101315_sui_geneva.tif
2022-01-23T09:47:00.000+00:00,S3A,4.54564,1.67106,13.51985,36,https://eawagrs.s3.eu-central-1.amazonaws.com/alplakes/cropped/sentinel3/geneva/OC3_chla_S3A_20220123T094705_sui_geneva.tif
2022-01-27T09:43:00.000+00:00,S3A,5.54926,2.25485,10.5782,3,https://eawagrs.s3.eu-central-1.amazonaws.com/alplakes/cropped/sentinel3/geneva/OC3_chla_S3A_20220127T094320_sui_geneva.tif
2022-01-26T10:09:00.000+00:00,S3A,3.55861,1.68682,10.6737,4,https://eawagrs.s3.eu-central-1.amazonaws.com/alplakes/cropped/sentinel3/geneva/OC3_chla_S3A_20220126T100931_sui_geneva.tif
2022-01-24T09:20:00.000+00:00,S3A,9.46876,4.56645,12.71568,4,https://eawagrs.s3.eu-central-1.amazonaws.com/alplakes/cropped/sentinel3/geneva/OC3_chla_S3A_20220124T092054_sui_geneva.tif
2022-01-30T10:05:00.000+00:00,S3A,3.63441,0.00654,11.48844,17,https://eawagrs.s3.eu-central-1.amazonaws.com/alplakes/cropped/sentinel3/geneva/OC3_chla_S3A_20220130T100547_sui_geneva.tif
2022-02-04T09:35:00.000+00:00,S3A,5.29182,1.95868,12.63677,22,https://eawagrs.s3.eu-central-1.amazonaws.com/alplakes/cropped/sentinel3/geneva/OC3_chla_S3A_20220204T093552_sui_geneva.tif
2022-02-07T09:58:00.000+00:00,S3A,2.98482,0.03333,13.26946,23,https://eawagrs.s3.eu-central-1.amazonaws.com/alplakes/cropped/sentinel3/geneva/OC3_chla_S3A_20220207T095818_sui_geneva.tif
2022-02-11T09:54:00.000+00:00,S3A,3.30624,0.29806,11.83764,47,https://eawagrs.s3.eu-central-1.amazonaws.com/alplakes/cropped/sentinel3/geneva/OC3_chla_S3A_20220211T095433_sui_geneva.tif
2022-02-08T09:32:00.000+00:00,S3A,7.85297,2.29688,12.04933,28,https://eawagrs.s3.eu-central-1.amazonaws.com/alplakes/cropped/sentinel3/geneva/OC3_chla_S3A_20220208T093207_sui_geneva.tif
2022-02-12T09:28:00.000+00:00,S3A,6.00463,2.18741,11.3647,20,https://eawagrs.s3.eu-central-1.amazonaws.com/alplakes/cropped/sentinel3/geneva/OC3_chla_S3A_20220212T092822_sui_geneva.tif
2022-02-15T09:50:00.000+00:00,S3A,3.87921,0.98896,12.74319,23,https://eawagrs.s3.eu-central-1.amazonaws.com/alplakes/cropped/sentinel3/geneva/OC3_chla_S3A_20220215T095048_sui_geneva.tif
2022-02-18T10:13:00.000+00:00,S3A,5.18641,1.9377,9.59768,2,https://eawagrs.s3.eu-central-1.amazonaws.com/alplakes/cropped/sentinel3/geneva/OC3_chla_S3A_20220218T101314_sui_geneva.tif
2022-02-19T09:47:00.000+00:00,S3A,3.84251,1.70421,11.65197,30,https://eawagrs.s3.eu-central-1.amazonaws.com/alplakes/cropped/sentinel3/geneva/OC3_chla_S3A_20220219T094703_sui_geneva.tif
2022-02-22T10:09:00.000+00:00,S3A,2.5497,0.37299,13.66562,60,https://eawagrs.s3.eu-central-1.amazonaws.com/alplakes/cropped/sentinel3/geneva/OC3_chla_S3A_20220222T100929_sui_geneva.tif
2022-02-23T09:43:00.000+00:00,S3A,4.4976,1.64255,13.53178,15,https://eawagrs.s3.eu-central-1.amazonaws.com/alplakes/cropped/sentinel3/geneva/OC3_chla_S3A_20220223T094317_sui_geneva.tif
2022-02-27T09:39:00.000+00:00,S3A,3.79967,0.44977,11.05027,65,https://eawagrs.s3.eu-central-1.amazonaws.com/alplakes/cropped/sentinel3/geneva/OC3_chla_S3A_20220227T093933_sui_geneva.tif
2022-03-03T09:35:00.000+00:00,S3A,3.49218,1.35301,10.62217,48,https://eawagrs.s3.eu-central-1.amazonaws.com/alplakes/cropped/sentinel3/geneva/OC3_chla_S3A_20220303T093548_sui_geneva.tif
2022-03-06T09:58:00.000+00:00,S3A,2.33727,0.61941,10.9237,68,https://eawagrs.s3.eu-central-1.amazonaws.com/alplakes/cropped/sentinel3/geneva/OC3_chla_S3A_20220306T095815_sui_geneva.tif
2022-03-05T10:24:00.000+00:00,S3A,2.34068,0.85349,11.87545,79,https://eawagrs.s3.eu-central-1.amazonaws.com/alplakes/cropped/sentinel3/geneva/OC3_chla_S3A_20220305T102426_sui_geneva.tif
2022-03-10T09:54:00.000+00:00,S3A,2.29355,0.40922,14.1417,70,https://eawagrs.s3.eu-central-1.amazonaws.com/alplakes/cropped/sentinel3/geneva/OC3_chla_S3A_20220310T095430_sui_geneva.tif
2022-03-09T10:20:00.000+00:00,S3A,2.45558,0.79626,11.49792,59,https://eawagrs.s3.eu-central-1.amazonaws.com/alplakes/cropped/sentinel3/geneva/OC3_chla_S3A_20220309T102041_sui_geneva.tif
2022-03-18T09:47:00.000+00:00,S3A,11.67841,11.67841,11.67841,1,https://eawagrs.s3.eu-central-1.amazonaws.com/alplakes/cropped/sentinel3/geneva/OC3_chla_S3A_20220318T094702_sui_geneva.tif
2022-03-21T10:09:00.000+00:00,S3A,2.91461,1.96419,11.53154,27,https://eawagrs.s3.eu-central-1.amazonaws.com/alplakes/cropped/sentinel3/geneva/OC3_chla_S3A_20220321T100929_sui_geneva.tif
2022-03-25T10:05:00.000+00:00,S3A,3.36957,2.00256,12.75069,83,https://eawagrs.s3.eu-central-1.amazonaws.com/alplakes/cropped/sentinel3/geneva/OC3_chla_S3A_20220325T100545_sui_geneva.tif
2022-04-03T09:32:00.000+00:00,S3A,2.36995,0.90847,9.42516,31,https://eawagrs.s3.eu-central-1.amazonaws.com/alplakes/cropped/sentinel3/geneva/OC3_chla_S3A_20220403T093206_sui_geneva.tif
2022-04-05T10:20:00.000+00:00,S3A,2.28243,1.09644,8.90579,50,https://eawagrs.s3.eu-central-1.amazonaws.com/alplakes/cropped/sentinel3/geneva/OC3_chla_S3A_20220405T102044_sui_geneva.tif
2022-04-06T09:54:00.000+00:00,S3A,2.42978,0.89494,11.93651,71,https://eawagrs.s3.eu-central-1.amazonaws.com/alplakes/cropped/sentinel3/geneva/OC3_chla_S3A_20220406T095433_sui_geneva.tif
2022-04-09T10:16:00.000+00:00,S3A,1.60382,0.00003,12.96612,15,https://eawagrs.s3.eu-central-1.amazonaws.com/alplakes/cropped/sentinel3/geneva/OC3_chla_S3A_20220409T101659_sui_geneva.tif
2022-04-13T10:13:00.000+00:00,S3A,8.95003,6.28681,10.8096,1,https://eawagrs.s3.eu-central-1.amazonaws.com/alplakes/cropped/sentinel3/geneva/OC3_chla_S3A_20220413T101314_sui_geneva.tif
2022-04-10T09:50:00.000+00:00,S3A,2.2386,0.33601,10.41883,70,https://eawagrs.s3.eu-central-1.amazonaws.com/alplakes/cropped/sentinel3/geneva/OC3_chla_S3A_20220410T095048_sui_geneva.tif
2022-04-14T09:47:00.000+00:00,S3A,2.94189,1.86318,11.31668,19,https://eawagrs.s3.eu-central-1.amazonaws.com/alplakes/cropped/sentinel3/geneva/OC3_chla_S3A_20220414T094703_sui_geneva.tif
2022-04-11T09:24:00.000+00:00,S3A,3.23048,2.07808,11.46149,1,https://eawagrs.s3.eu-central-1.amazonaws.com/alplakes/cropped/sentinel3/geneva/OC3_chla_S3A_20220411T092437_sui_geneva.tif
2022-04-15T09:20:00.000+00:00,S3A,7.15534,3.83493,8.57195,1,https://eawagrs.s3.eu-central-1.amazonaws.com/alplakes/cropped/sentinel3/geneva/OC3_chla_S3A_20220415T092053_sui_geneva.tif
2022-04-17T10:09:00.000+00:00,S3A,2.8922,1.40197,12.98442,86,https://eawagrs.s3.eu-central-1.amazonaws.com/alplakes/cropped/sentinel3/geneva/OC3_chla_S3A_20220417T100931_sui_geneva.tif
2022-04-18T09:43:00.000+00:00,S3A,3.18275,1.90587,12.72384,75,https://eawagrs.s3.eu-central-1.amazonaws.com/alplakes/cropped/sentinel3/geneva/OC3_chla_S3A_20220418T094320_sui_geneva.tif
2022-04-21T10:05:00.000+00:00,S3A,3.67495,2.81243,8.34955,1,https://eawagrs.s3.eu-central-1.amazonaws.com/alplakes/cropped/sentinel3/geneva/OC3_chla_S3A_20220421T100547_sui_geneva.tif
2022-04-26T09:35:00.000+00:00,S3A,3.91272,2.31862,8.5664,2,https://eawagrs.s3.eu-central-1.amazonaws.com/alplakes/cropped/sentinel3/geneva/OC3_chla_S3A_20220426T093553_sui_geneva.tif
2022-04-28T10:24:00.000+00:00,S3A,2.31314,1.3721,11.06677,71,https://eawagrs.s3.eu-central-1.amazonaws.com/alplakes/cropped/sentinel3/geneva/OC3_chla_S3A_20220428T102430_sui_geneva.tif
2022-04-30T09:32:00.000+00:00,S3A,2.29887,1.7574,7.56591,45,https://eawagrs.s3.eu-central-1.amazonaws.com/alplakes/cropped/sentinel3/geneva/OC3_chla_S3A_20220430T093209_sui_geneva.tif
2022-05-02T10:20:00.000+00:00,S3A,2.40861,1.92747,12.42107,9,https://eawagrs.s3.eu-central-1.amazonaws.com/alplakes/cropped/sentinel3/geneva/OC3_chla_S3A_20220502T102046_sui_geneva.tif
2022-05-03T09:54:00.000+00:00,S3A,2.27338,1.50685,10.14977,34,https://eawagrs.s3.eu-central-1.amazonaws.com/alplakes/cropped/sentinel3/geneva/OC3_chla_S3A_20220503T095435_sui_geneva.tif
2022-05-04T09:28:00.000+00:00,S3A,3.22146,2.18969,8.77943,1,https://eawagrs.s3.eu-central-1.amazonaws.com/alplakes/cropped/sentinel3/geneva/OC3_chla_S3A_20220504T092824_sui_geneva.tif
2022-05-07T09:50:00.000+00:00,S3A,3.21551,2.36902,8.48117,19,https://eawagrs.s3.eu-central-1.amazonaws.com/alplakes/cropped/sentinel3/geneva/OC3_chla_S3A_20220507T095050_sui_geneva.tif
2022-05-11T09:47:00.000+00:00,S3A,3.39592,2.30954,8.79925,57,https://eawagrs.s3.eu-central-1.amazonaws.com/alplakes/cropped/sentinel3/geneva/OC3_chla_S3A_20220511T094705_sui_geneva.tif
2022-05-10T10:13:00.000+00:00,S3A,3.18543,2.334,10.68584,40,https://eawagrs.s3.eu-central-1.amazonaws.com/alplakes/cropped/sentinel3/geneva/OC3_chla_S3A_20220510T101316_sui_geneva.tif
2022-05-14T10:09:00.000+00:00,S3A,3.28268,2.2282,10.17261,41,https://eawagrs.s3.eu-central-1.amazonaws.com/alplakes/cropped/sentinel3/geneva/OC3_chla_S3A_20220514T100931_sui_geneva.tif
2022-05-12T09:20:00.000+00:00,S3A,4.90716,2.96412,9.86563,1,https://eawagrs.s3.eu-central-1.amazonaws.com/alplakes/cropped/sentinel3/geneva/OC3_chla_S3A_20220512T092054_sui_geneva.tif
2022-05-15T09:43:00.000+00:00,S3A,2.72165,2.33802,3.5192,1,https://eawagrs.s3.eu-central-1.amazonaws.com/alplakes/cropped/sentinel3/geneva/OC3_chla_S3A_20220515T094320_sui_geneva.tif
2022-05-18T10:05:00.000+00:00,S3A,3.28954,2.06705,11.4164,74,https://eawagrs.s3.eu-central-1.amazonaws.com/alplakes/cropped/sentinel3/geneva/OC3_chla_S3A_20220518T100546_sui_geneva.tif
2022-06-11T09:43:00.000+00:00,S3A,2.06769,1.66565,10.38713,27,https://eawagrs.s3.eu-central-1.amazonaws.com/alplakes/cropped/sentinel3/geneva/OC3_chla_S3A_20220611T094319_sui_geneva.tif
2022-06-10T10:09:00.000+00:00,S3A,2.15257,1.5408,11.00845,83,https://eawagrs.s3.eu-central-1.amazonaws.com/alplakes/cropped/sentinel3/geneva/OC3_chla_S3A_20220610T100930_sui_geneva.tif
2022-06-14T10:05:00.000+00:00,S3A,2.04714,1.37629,10.83116,66,https://eawagrs.s3.eu-central-1.amazonaws.com/alplakes/cropped/sentinel3/geneva/OC3_chla_S3A_20220614T100545_sui_geneva.tif
2022-06-18T10:02:00.000+00:00,S3A,2.04431,1.5984,2.24089,3,https://eawagrs.s3.eu-central-1.amazonaws.com/alplakes/cropped/sentinel3/geneva/OC3_chla_S3A_20220618T100201_sui_geneva.tif
2022-06-23T09:32:00.000+00:00,S3A,2.18435,1.77271,2.48161,4,https://eawagrs.s3.eu-central-1.amazonaws.com/alplakes/cropped/sentinel3/geneva/OC3_chla_S3A_20220623T093206_sui_geneva.tif
2022-06-25T10:20:00.000+00:00,S3A,2.62893,1.93889,9.25894,6,https://eawagrs.s3.eu-central-1.amazonaws.com/alplakes/cropped/sentinel3/geneva/OC3_chla_S3A_20220625T102043_sui_geneva.tif
2022-06-30T09:50:00.000+00:00,S3A,2.09298,1.58152,9.2112,14,https://eawagrs.s3.eu-central-1.amazonaws.com/alplakes/cropped/sentinel3/geneva/OC3_chla_S3A_20220630T095048_sui_geneva.tif
2022-06-26T09:54:00.000+00:00,S3A,2.47534,1.6785,7.55095,38,https://eawagrs.s3.eu-central-1.amazonaws.com/alplakes/cropped/sentinel3/geneva/OC3_chla_S3A_20220626T095433_sui_geneva.tif
2022-06-29T10:16:00.000+00:00,S3A,2.19135,1.40089,8.88413,56,https://eawagrs.s3.eu-central-1.amazonaws.com/alplakes/cropped/sentinel3/geneva/OC3_chla_S3A_20220629T101659_sui_geneva.tif
2022-07-01T09:24:00.000+00:00,S3A,2.02441,1.80933,2.24039,1,https://eawagrs.s3.eu-central-1.amazonaws.com/alplakes/cropped/sentinel3/geneva/OC3_chla_S3A_20220701T092437_sui_geneva.tif
2022-07-03T10:13:00.000+00:00,S3A,1.48442,0.62929,10.9966,18,https://eawagrs.s3.eu-central-1.amazonaws.com/alplakes/cropped/sentinel3/geneva/OC3_chla_S3A_20220703T101314_sui_geneva.tif
2022-07-07T10:09:00.000+00:00,S3A,1.74665,0.86722,9.18074,51,https://eawagrs.s3.eu-central-1.amazonaws.com/alplakes/cropped/sentinel3/geneva/OC3_chla_S3A_20220707T100929_sui_geneva.tif
2022-07-08T09:43:00.000+00:00,S3A,1.94317,1.17249,8.4297,70,https://eawagrs.s3.eu-central-1.amazonaws.com/alplakes/cropped/sentinel3/geneva/OC3_chla_S3A_20220708T094318_sui_geneva.tif
2022-07-11T10:05:00.000+00:00,S3A,1.92353,1.14131,8.40983,70,https://eawagrs.s3.eu-central-1.amazonaws.com/alplakes/cropped/sentinel3/geneva/OC3_chla_S3A_20220711T100544_sui_geneva.tif
2022-07-14T10:28:00.000+00:00,S3A,2.58053,2.02394,5.7976,1,https://eawagrs.s3.eu-central-1.amazonaws.com/alplakes/cropped/sentinel3/geneva/OC3_chla_S3A_20220714T102810_sui_geneva.tif
2022-07-15T10:01:00.000+00:00,S3A,2.04398,1.1022,9.78417,76,https://eawagrs.s3.eu-central-1.amazonaws.com/alplakes/cropped/sentinel3/geneva/OC3_chla_S3A_20220715T100159_sui_geneva.tif
2022-07-12T09:39:00.000+00:00,S3A,1.9028,1.16808,8.9294,63,https://eawagrs.s3.eu-central-1.amazonaws.com/alplakes/cropped/sentinel3/geneva/OC3_chla_S3A_20220712T093933_sui_geneva.tif
2022-07-18T10:24:00.000+00:00,S3A,2.1528,1.68165,10.05629,41,https://eawagrs.s3.eu-central-1.amazonaws.com/alplakes/cropped/sentinel3/geneva/OC3_chla_S3A_20220718T102425_sui_geneva.tif
2022-07-16T09:35:00.000+00:00,S3A,2.1247,1.55141,7.80028,40,https://eawagrs.s3.eu-central-1.amazonaws.com/alplakes/cropped/sentinel3/geneva/OC3_chla_S3A_20220716T093548_sui_geneva.tif
2022-07-19T09:58:00.000+00:00,S3A,2.21232,1.65561,10.13047,58,https://eawagrs.s3.eu-central-1.amazonaws.com/alplakes/cropped/sentinel3/geneva/OC3_chla_S3A_20220719T095813_sui_geneva.tif
2022-07-22T10:20:00.000+00:00,S3A,2.29483,1.6919,10.39424,73,https://eawagrs.s3.eu-central-1.amazonaws.com/alplakes/cropped/sentinel3/geneva/OC3_chla_S3A_20220722T102039_sui_geneva.tif
2022-07-26T10:16:00.000+00:00,S3A,2.28115,1.71431,10.53279,29,https://eawagrs.s3.eu-central-1.amazonaws.com/alplakes/cropped/sentinel3/geneva/OC3_chla_S3A_20220726T101655_sui_geneva.tif
2022-07-24T09:28:00.000+00:00,S3A,2.23715,1.90561,3.02363,7,https://eawagrs.s3.eu-central-1.amazonaws.com/alplakes/cropped/sentinel3/geneva/OC3_chla_S3A_20220724T092818_sui_geneva.tif
2022-07-27T09:50:00.000+00:00,S3A,2.31913,1.80621,7.96389,33,https://eawagrs.s3.eu-central-1.amazonaws.com/alplakes/cropped/sentinel3/geneva/OC3_chla_S3A_20220727T095044_sui_geneva.tif
2022-07-30T10:13:00.000+00:00,S3A,2.54437,1.79188,10.3151,66,https://eawagrs.s3.eu-central-1.amazonaws.com/alplakes/cropped/sentinel3/geneva/OC3_chla_S3A_20220730T101311_sui_geneva.tif
2022-08-03T10:09:00.000+00:00,S3A,2.44675,1.6321,13.31872,84,https://eawagrs.s3.eu-central-1.amazonaws.com/alplakes/cropped/sentinel3/geneva/OC3_chla_S3A_20220803T100926_sui_geneva.tif
2022-07-31T09:47:00.000+00:00,S3A,2.63647,1.73967,10.29566,63,https://eawagrs.s3.eu-central-1.amazonaws.com/alplakes/cropped/sentinel3/geneva/OC3_chla_S3A_20220731T094700_sui_geneva.tif
2022-07-28T09:24:00.000+00:00,S3A,2.41551,2.1339,2.66033,2,https://eawagrs.s3.eu-central-1.amazonaws.com/alplakes/cropped/sentinel3/geneva/OC3_chla_S3A_20220728T092433_sui_geneva.tif
2022-08-01T09:20:00.000+00:00,S3A,2.69304,1.77168,7.90869,48,https://eawagrs.s3.eu-central-1.amazonaws.com/alplakes/cropped/sentinel3/geneva/OC3_chla_S3A_20220801T092049_sui_geneva.tif
2022-08-04T09:43:00.000+00:00,S3A,2.39886,1.57818,11.58696,37,https://eawagrs.s3.eu-central-1.amazonaws.com/alplakes/cropped/sentinel3/geneva/OC3_chla_S3A_20220804T094315_sui_geneva.tif
2022-08-08T09:39:00.000+00:00,S3A,2.55783,2.08851,8.22855,68,https://eawagrs.s3.eu-central-1.amazonaws.com/alplakes/cropped/sentinel3/geneva/OC3_chla_S3A_20220808T093930_sui_geneva.tif
2022-08-11T10:01:00.000+00:00,S3A,2.46601,2.04811,9.06234,71,https://eawagrs.s3.eu-central-1.amazonaws.com/alplakes/cropped/sentinel3/geneva/OC3_chla_S3A_20220811T100156_sui_geneva.tif
2022-08-12T09:35:00.000+00:00,S3A,2.5543,2.0567,10.00914,59,https://eawagrs.s3.eu-central-1.amazonaws.com/alplakes/cropped/sentinel3/geneva/OC3_chla_S3A_20220812T093545_sui_geneva.tif
2022-08-07T10:05:00.000+00:00,S3A,2.53081,2.25835,2.947,2,https://eawagrs.s3.eu-central-1.amazonaws.com/alplakes/cropped/sentinel3/geneva/OC3_chla_S3A_20220807T100541_sui_geneva.tif
2022-08-15T09:58:00.000+00:00,S3A,2.53937,2.178,3.22006,2,https://eawagrs.s3.eu-central-1.amazonaws.com/alplakes/cropped/sentinel3/geneva/OC3_chla_S3A_20220815T095811_sui_geneva.tif
2022-08-16T09:32:00.000+00:00,S3A,2.7119,2.15441,9.97536,57,https://eawagrs.s3.eu-central-1.amazonaws.com/alplakes/cropped/sentinel3/geneva/OC3_chla_S3A_20220816T093200_sui_geneva.tif
2022-08-22T10:16:00.000+00:00,S3A,2.43836,1.86084,10.73062,88,https://eawagrs.s3.eu-central-1.amazonaws.com/alplakes/cropped/sentinel3/geneva/OC3_chla_S3A_20220822T101652_sui_geneva.tif
2022-08-23T09:50:00.000+00:00,S3A,2.62551,1.97839,10.80206,79,https://eawagrs.s3.eu-central-1.amazonaws.com/alplakes/cropped/sentinel3/geneva/OC3_chla_S3A_20220823T095041_sui_geneva.tif
2022-08-27T09:46:00.000+00:00,S3A,2.55562,1.85968,11.04829,56,https://eawagrs.s3.eu-central-1.amazonaws.com/alplakes/cropped/sentinel3/geneva/OC3_chla_S3A_20220827T094656_sui_geneva.tif
2022-08-31T09:43:00.000+00:00,S3A,2.30014,1.76007,9.79809,46,https://eawagrs.s3.eu-central-1.amazonaws.com/alplakes/cropped/sentinel3/geneva/OC3_chla_S3A_20220831T094313_sui_geneva.tif
2022-08-30T10:09:00.000+00:00,S3A,2.23661,2.1415,2.35181,1,https://eawagrs.s3.eu-central-1.amazonaws.com/alplakes/cropped/sentinel3/geneva/OC3_chla_S3A_20220830T100924_sui_geneva.tif
2022-09-04T09:39:00.000+00:00,S3A,2.33698,1.36808,9.02626,24,https://eawagrs.s3.eu-central-1.amazonaws.com/alplakes/cropped/sentinel3/geneva/OC3_chla_S3A_20220904T093929_sui_geneva.tif
2022-09-08T09:35:00.000+00:00,S3A,2.45344,2.20104,3.36267,3,https://eawagrs.s3.eu-central-1.amazonaws.com/alplakes/cropped/sentinel3/geneva/OC3_chla_S3A_20220908T093546_sui_geneva.tif
2022-09-10T10:24:00.000+00:00,S3A,2.7004,2.03649,9.65208,2,https://eawagrs.s3.eu-central-1.amazonaws.com/alplakes/cropped/sentinel3/geneva/OC3_chla_S3A_20220910T102424_sui_geneva.tif
2022-09-12T09:32:00.000+00:00,S3A,2.61035,1.89304,7.04324,68,https://eawagrs.s3.eu-central-1.amazonaws.com/alplakes/cropped/sentinel3/geneva/OC3_chla_S3A_20220912T093202_sui_geneva.tif
2022-09-11T09:58:00.000+00:00,S3A,2.42792,1.87346,10.94982,81,https://eawagrs.s3.eu-central-1.amazonaws.com/alplakes/cropped/sentinel3/geneva/OC3_chla_S3A_20220911T095813_sui_geneva.tif
2022-09-16T09:28:00.000+00:00,S3A,2.58019,2.58019,2.58019,1,https://eawagrs.s3.eu-central-1.amazonaws.com/alplakes/cropped/sentinel3/geneva/OC3_chla_S3A_20220916T092818_sui_geneva.tif
2022-09-19T09:50:00.000+00:00,S3A,2.74442,1.92916,11.0688,82,https://eawagrs.s3.eu-central-1.amazonaws.com/alplakes/cropped/sentinel3/geneva/OC3_chla_S3A_20220919T095044_sui_geneva.tif
2022-09-18T10:16:00.000+00:00,S3A,2.44251,1.9427,10.0906,81,https://eawagrs.s3.eu-central-1.amazonaws.com/alplakes/cropped/sentinel3/geneva/OC3_chla_S3A_20220918T101655_sui_geneva.tif
2022-09-20T09:24:00.000+00:00,S3A,2.89657,2.21385,9.02127,54,https://eawagrs.s3.eu-central-1.amazonaws.com/alplakes/cropped/sentinel3/geneva/OC3_chla_S3A_20220920T092434_sui_geneva.tif
2022-09-22T10:13:00.000+00:00,S3A,2.50918,1.86883,11.13981,85,https://eawagrs.s3.eu-central-1.amazonaws.com/alplakes/cropped/sentinel3/geneva/OC3_chla_S3A_20220922T101311_sui_geneva.tif
2022-09-23T09:47:00.000+00:00,S3A,2.53826,2.28447,2.87864,1,https://eawagrs.s3.eu-central-1.amazonaws.com/alplakes/cropped/sentinel3/geneva/OC3_chla_S3A_20220923T094700_sui_geneva.tif
2022-09-30T10:05:00.000+00:00,S3A,2.54769,2.14312,3.41082,1,https://eawagrs.s3.eu-central-1.amazonaws.com/alplakes/cropped/sentinel3/geneva/OC3_chla_S3A_20220930T100541_sui_geneva.tif
2022-10-04T10:01:00.000+00:00,S3A,3.08565,2.24357,7.40616,8,https://eawagrs.s3.eu-central-1.amazonaws.com/alplakes/cropped/sentinel3/geneva/OC3_chla_S3A_20221004T100156_sui_geneva.tif
2022-10-03T10:28:00.000+00:00,S3A,2.25834,1.83173,3.20157,1,https://eawagrs.s3.eu-central-1.amazonaws.com/alplakes/cropped/sentinel3/geneva/OC3_chla_S3A_20221003T102807_sui_geneva.tif
2022-10-05T09:35:00.000+00:00,S3A,4.51925,2.48299,10.61582,75,https://eawagrs.s3.eu-central-1.amazonaws.com/alplakes/cropped/sentinel3/geneva/OC3_chla_S3A_20221005T093545_sui_geneva.tif
2022-10-07T10:24:00.000+00:00,S3A,4.47763,2.52509,9.83847,26,https://eawagrs.s3.eu-central-1.amazonaws.com/alplakes/cropped/sentinel3/geneva/OC3_chla_S3A_20221007T102423_sui_geneva.tif
2022-10-11T10:20:00.000+00:00,S3A,4.15522,2.24855,10.77611,24,https://eawagrs.s3.eu-central-1.amazonaws.com/alplakes/cropped/sentinel3/geneva/OC3_chla_S3A_20221011T102039_sui_geneva.tif
2022-10-12T09:54:00.000+00:00,S3A,4.40542,2.47773,8.93536,4,https://eawagrs.s3.eu-central-1.amazonaws.com/alplakes/cropped/sentinel3/geneva/OC3_chla_S3A_20221012T095428_sui_geneva.tif
2022-10-15T10:16:00.000+00:00,S3A,9.10383,6.24184,11.20849,1,https://eawagrs.s3.eu-central-1.amazonaws.com/alplakes/cropped/sentinel3/geneva/OC3_chla_S3A_20221015T101655_sui_geneva.tif
2022-10-16T09:50:00.000+00:00,S3A,4.6425,2.18768,11.26212,61,https://eawagrs.s3.eu-central-1.amazonaws.com/alplakes/cropped/sentinel3/geneva/OC3_chla_S3A_20221016T095044_sui_geneva.tif
2022-10-17T09:24:00.000+00:00,S3A,8.60944,6.80901,10.06204,1,https://eawagrs.s3.eu-central-1.amazonaws.com/alplakes/cropped/sentinel3/geneva/OC3_chla_S3A_20221017T092433_sui_geneva.tif
2022-10-19T10:13:00.000+00:00,S3A,6.26764,2.37834,10.62193,20,https://eawagrs.s3.eu-central-1.amazonaws.com/alplakes/cropped/sentinel3/geneva/OC3_chla_S3A_20221019T101310_sui_geneva.tif
2022-10-27T10:05:00.000+00:00,S3A,5.88166,2.754,10.46739,14,https://eawagrs.s3.eu-central-1.amazonaws.com/alplakes/cropped/sentinel3/geneva/OC3_chla_S3A_20221027T100541_sui_geneva.tif
2022-10-31T10:01:00.000+00:00,S3A,5.08915,2.66231,9.55727,12,https://eawagrs.s3.eu-central-1.amazonaws.com/alplakes/cropped/sentinel3/geneva/OC3_chla_S3A_20221031T100155_sui_geneva.tif
2022-11-08T09:54:00.000+00:00,S3A,9.15261,4.61666,11.37757,1,https://eawagrs.s3.eu-central-1.amazonaws.com/alplakes/cropped/sentinel3/geneva/OC3_chla_S3A_20221108T095427_sui_geneva.tif
2022-11-07T10:20:00.000+00:00,S3A,4.32521,1.97353,9.97321,2,https://eawagrs.s3.eu-central-1.amazonaws.com/alplakes/cropped/sentinel3/geneva/OC3_chla_S3A_20221107T102038_sui_geneva.tif
2022-11-11T10:16:00.000+00:00,S3A,4.97973,2.1595,10.63353,1,https://eawagrs.s3.eu-central-1.amazonaws.com/alplakes/cropped/sentinel3/geneva/OC3_chla_S3A_20221111T101653_sui_geneva.tif
2022-11-12T09:50:00.000+00:00,S3A,8.09745,7.90458,8.29031,1,https://eawagrs.s3.eu-central-1.amazonaws.com/alplakes/cropped/sentinel3/geneva/OC3_chla_S3A_20221112T095042_sui_geneva.tif
2022-11-16T09:46:00.000+00:00,S3A,7.67057,2.27772,18.87427,4,https://eawagrs.s3.eu-central-1.amazonaws.com/alplakes/cropped/sentinel3/geneva/OC3_chla_S3A_20221116T094657_sui_geneva.tif
2022-11-20T09:43:00.000+00:00,S3A,8.30211,2.50559,20.45327,3,https://eawagrs.s3.eu-central-1.amazonaws.com/alplakes/cropped/sentinel3/geneva/OC3_chla_S3A_20221120T094311_sui_geneva.tif
2022-11-19T10:09:00.000+00:00,S3A,5.07711,2.23327,9.49174,1,https://eawagrs.s3.eu-central-1.amazonaws.com/alplakes/cropped/sentinel3/geneva/OC3_chla_S3A_20221119T100922_sui_geneva.tif
2022-11-23T10:05:00.000+00:00,S3A,7.43965,2.19856,13.35374,1,https://eawagrs.s3.eu-central-1.amazonaws.com/alplakes/cropped/sentinel3/geneva/OC3_chla_S3A_20221123T100537_sui_geneva.tif
2022-11-24T09:39:00.000+00:00,S3A,10.18496,8.91415,11.93099,1,https://eawagrs.s3.eu-central-1.amazonaws.com/alplakes/cropped/sentinel3/geneva/OC3_chla_S3A_20221124T093926_sui_geneva.tif
2022-11-27T10:01:00.000+00:00,S3A,8.51278,6.75074,10.67216,1,https://eawagrs.s3.eu-central-1.amazonaws.com/alplakes/cropped/sentinel3/geneva/OC3_chla_S3A_20221127T100153_sui_geneva.tif
2022-11-30T10:24:00.000+00:00,S3A,5.23232,1.51918,11.73469,1,https://eawagrs.s3.eu-central-1.amazonaws.com/alplakes/cropped/sentinel3/geneva/OC3_chla_S3A_20221130T102419_sui_geneva.tif
2022-12-02T09:31:00.000+00:00,S3A,10.08911,3.59703,13.41874,4,https://eawagrs.s3.eu-central-1.amazonaws.com/alplakes/cropped/sentinel3/geneva/OC3_chla_S3A_20221202T093157_sui_geneva.tif
2022-12-06T09:28:00.000+00:00,S3A,11.01507,8.43531,13.8983,1,https://eawagrs.s3.eu-central-1.amazonaws.com/alplakes/cropped/sentinel3/geneva/OC3_chla_S3A_20221206T092812_sui_geneva.tif
2022-12-08T10:16:00.000+00:00,S3A,5.53673,1.16693,12.51843,14,https://eawagrs.s3.eu-central-1.amazonaws.com/alplakes/cropped/sentinel3/geneva/OC3_chla_S3A_20221208T101649_sui_geneva.tif
2022-12-14T09:20:00.000+00:00,S3A,30.18509,24.87872,34.82219,1,https://eawagrs.s3.eu-central-1.amazonaws.com/alplakes/cropped/sentinel3/geneva/OC3_chla_S3A_20221214T092044_sui_geneva.tif
2022-12-20T10:05:00.000+00:00,S3A,7.10051,2.02144,13.83862,2,https://eawagrs.s3.eu-central-1.amazonaws.com/alplakes/cropped/sentinel3/geneva/OC3_chla_S3A_20221220T100538_sui_geneva.tif
2022-12-24T10:01:00.000+00:00,S3A,20.2643,16.42103,23.21362,1,https://eawagrs.s3.eu-central-1.amazonaws.com/alplakes/cropped/sentinel3/geneva/OC3_chla_S3A_20221224T100153_sui_geneva.tif
2022-12-27T10:24:00.000+00:00,S3A,3.55254,0.96101,12.80545,12,https://eawagrs.s3.eu-central-1.amazonaws.com/alplakes/cropped/sentinel3/geneva/OC3_chla_S3A_20221227T102419_sui_geneva.tif
2022-12-28T09:58:00.000+00:00,S3A,6.96009,2.36175,11.27516,1,https://eawagrs.s3.eu-central-1.amazonaws.com/alplakes/cropped/sentinel3/geneva/OC3_chla_S3A_20221228T095808_sui_geneva.tif
2022-12-29T09:31:00.000+00:00,S3A,25.49512,25.49512,25.49512,1,https://eawagrs.s3.eu-central-1.amazonaws.com/alplakes/cropped/sentinel3/geneva/OC3_chla_S3A_20221229T093158_sui_geneva.tif
2018-05-15T10:18:00.000+00:00,S3B,7.14206,3.24314,10.40476,25,https://eawagrs.s3.eu-central-1.amazonaws.com/alplakes/cropped/sentinel3/geneva/OC3_chla_S3B_20180515T101830_sui_geneva.tif
2018-05-17T09:32:00.000+00:00,S3B,6.91922,4.35572,10.0329,22,https://eawagrs.s3.eu-central-1.amazonaws.com/alplakes/cropped/sentinel3/geneva/OC3_chla_S3B_20180517T093244_sui_geneva.tif
2018-05-20T10:05:00.000+00:00,S3B,7.59035,4.08752,10.16933,88,https://eawagrs.s3.eu-central-1.amazonaws.com/alplakes/cropped/sentinel3/geneva/OC3_chla_S3B_20180520T100518_sui_geneva.tif
2018-05-25T09:51:00.000+00:00,S3B,6.25056,3.62371,9.75711,87,https://eawagrs.s3.eu-central-1.amazonaws.com/alplakes/cropped/sentinel3/geneva/OC3_chla_S3B_20180525T095105_sui_geneva.tif
2018-05-24T10:14:00.000+00:00,S3B,6.97022,3.54231,10.49179,85,https://eawagrs.s3.eu-central-1.amazonaws.com/alplakes/cropped/sentinel3/geneva/OC3_chla_S3B_20180524T101459_sui_geneva.tif
2018-05-21T09:42:00.000+00:00,S3B,7.64384,4.54488,10.56957,37,https://eawagrs.s3.eu-central-1.amazonaws.com/alplakes/cropped/sentinel3/geneva/OC3_chla_S3B_20180521T094225_sui_geneva.tif
2018-05-30T09:30:00.000+00:00,S3B,7.00812,5.64631,8.40944,3,https://eawagrs.s3.eu-central-1.amazonaws.com/alplakes/cropped/sentinel3/geneva/OC3_chla_S3B_20180530T093026_sui_geneva.tif
2018-05-29T09:55:00.000+00:00,S3B,6.14123,3.08036,12.47612,50,https://eawagrs.s3.eu-central-1.amazonaws.com/alplakes/cropped/sentinel3/geneva/OC3_chla_S3B_20180529T095541_sui_geneva.tif
2018-06-01T10:19:00.000+00:00,S3B,5.03102,2.48039,10.56355,78,https://eawagrs.s3.eu-central-1.amazonaws.com/alplakes/cropped/sentinel3/geneva/OC3_chla_S3B_20180601T101926_sui_geneva.tif
2018-06-02T09:53:00.000+00:00,S3B,4.13732,2.38881,10.1186,78,https://eawagrs.s3.eu-central-1.amazonaws.com/alplakes/cropped/sentinel3/geneva/OC3_chla_S3B_20180602T095322_sui_geneva.tif
2018-06-03T09:27:00.000+00:00,S3B,4.28021,2.83604,5.96282,6,https://eawagrs.s3.eu-central-1.amazonaws.com/alplakes/cropped/sentinel3/geneva/OC3_chla_S3B_20180603T092717_sui_geneva.tif
2018-06-05T10:16:00.000+00:00,S3B,4.01201,3.73624,4.73594,1,https://eawagrs.s3.eu-central-1.amazonaws.com/alplakes/cropped/sentinel3/geneva/OC3_chla_S3B_20180605T101608_sui_geneva.tif
2018-06-09T10:12:00.000+00:00,S3B,4.93053,2.51857,10.26494,75,https://eawagrs.s3.eu-central-1.amazonaws.com/alplakes/cropped/sentinel3/geneva/OC3_chla_S3B_20180609T101231_sui_geneva.tif
2018-06-17T10:05:00.000+00:00,S3B,3.93207,2.78407,5.91238,6,https://eawagrs.s3.eu-central-1.amazonaws.com/alplakes/cropped/sentinel3/geneva/OC3_chla_S3B_20180617T100503_sui_geneva.tif
2018-06-25T09:57:00.000+00:00,S3B,6.52703,2.80848,9.80392,85,https://eawagrs.s3.eu-central-1.amazonaws.com/alplakes/cropped/sentinel3/geneva/OC3_chla_S3B_20180625T095734_sui_geneva.tif
2018-06-20T10:27:00.000+00:00,S3B,5.60266,4.20625,7.01725,1,https://eawagrs.s3.eu-central-1.amazonaws.com/alplakes/cropped/sentinel3/geneva/OC3_chla_S3B_20180620T102730_sui_geneva.tif
2018-06-26T09:31:00.000+00:00,S3B,6.85327,3.74122,10.91874,80,https://eawagrs.s3.eu-central-1.amazonaws.com/alplakes/cropped/sentinel3/geneva/OC3_chla_S3B_20180626T093124_sui_geneva.tif
2018-06-29T09:53:00.000+00:00,S3B,5.91646,2.94243,12.52595,72,https://eawagrs.s3.eu-central-1.amazonaws.com/alplakes/cropped/sentinel3/geneva/OC3_chla_S3B_20180629T095350_sui_geneva.tif
2018-06-30T09:27:00.000+00:00,S3B,6.67466,3.29337,8.8772,37,https://eawagrs.s3.eu-central-1.amazonaws.com/alplakes/cropped/sentinel3/geneva/OC3_chla_S3B_20180630T092739_sui_geneva.tif
2018-07-04T09:23:00.000+00:00,S3B,7.10442,4.6197,9.28708,67,https://eawagrs.s3.eu-central-1.amazonaws.com/alplakes/cropped/sentinel3/geneva/OC3_chla_S3B_20180704T092355_sui_geneva.tif
2018-07-08T09:20:00.000+00:00,S3B,5.24231,3.84762,7.93547,12,https://eawagrs.s3.eu-central-1.amazonaws.com/alplakes/cropped/sentinel3/geneva/OC3_chla_S3B_20180708T092010_sui_geneva.tif
2018-07-15T09:38:00.000+00:00,S3B,5.58937,3.5957,11.55081,30,https://eawagrs.s3.eu-central-1.amazonaws.com/alplakes/cropped/sentinel3/geneva/OC3_chla_S3B_20180715T093852_sui_geneva.tif
2018-07-19T09:35:00.000+00:00,S3B,5.48244,3.07437,9.02102,68,https://eawagrs.s3.eu-central-1.amazonaws.com/alplakes/cropped/sentinel3/geneva/OC3_chla_S3B_20180719T093507_sui_geneva.tif
2018-07-22T09:57:00.000+00:00,S3B,5.23443,3.17923,10.07072,76,https://eawagrs.s3.eu-central-1.amazonaws.com/alplakes/cropped/sentinel3/geneva/OC3_chla_S3B_20180722T095733_sui_geneva.tif
2018-07-26T09:53:00.000+00:00,S3B,4.22806,2.71327,9.37549,68,https://eawagrs.s3.eu-central-1.amazonaws.com/alplakes/cropped/sentinel3/geneva/OC3_chla_S3B_20180726T095348_sui_geneva.tif
2018-07-27T09:27:00.000+00:00,S3B,4.46109,2.89904,8.28881,27,https://eawagrs.s3.eu-central-1.amazonaws.com/alplakes/cropped/sentinel3/geneva/OC3_chla_S3B_20180727T092737_sui_geneva.tif
2018-08-03T09:46:00.000+00:00,S3B,3.01646,2.38851,7.43104,20,https://eawagrs.s3.eu-central-1.amazonaws.com/alplakes/cropped/sentinel3/geneva/OC3_chla_S3B_20180803T094618_sui_geneva.tif
2018-08-07T09:42:00.000+00:00,S3B,3.69479,3.03203,8.19682,10,https://eawagrs.s3.eu-central-1.amazonaws.com/alplakes/cropped/sentinel3/geneva/OC3_chla_S3B_20180807T094233_sui_geneva.tif
2018-08-15T09:35:00.000+00:00,S3B,3.89259,2.52669,8.55493,74,https://eawagrs.s3.eu-central-1.amazonaws.com/alplakes/cropped/sentinel3/geneva/OC3_chla_S3B_20180815T093503_sui_geneva.tif
2018-08-18T09:57:00.000+00:00,S3B,3.9965,2.62137,9.0026,23,https://eawagrs.s3.eu-central-1.amazonaws.com/alplakes/cropped/sentinel3/geneva/OC3_chla_S3B_20180818T095729_sui_geneva.tif
2018-08-19T09:31:00.000+00:00,S3B,4.79653,3.46487,6.1571,2,https://eawagrs.s3.eu-central-1.amazonaws.com/alplakes/cropped/sentinel3/geneva/OC3_chla_S3B_20180819T093118_sui_geneva.tif
2018-08-21T10:19:00.000+00:00,S3B,4.67558,3.30787,11.36472,68,https://eawagrs.s3.eu-central-1.amazonaws.com/alplakes/cropped/sentinel3/geneva/OC3_chla_S3B_20180821T101955_sui_geneva.tif
2018-08-22T09:53:00.000+00:00,S3B,5.03367,3.59348,8.45285,10,https://eawagrs.s3.eu-central-1.amazonaws.com/alplakes/cropped/sentinel3/geneva/OC3_chla_S3B_20180822T095344_sui_geneva.tif
2018-08-23T09:27:00.000+00:00,S3B,5.3434,4.65352,5.95128,1,https://eawagrs.s3.eu-central-1.amazonaws.com/alplakes/cropped/sentinel3/geneva/OC3_chla_S3B_20180823T092733_sui_geneva.tif
2018-08-26T09:49:00.000+00:00,S3B,4.92483,2.67508,10.62623,70,https://eawagrs.s3.eu-central-1.amazonaws.com/alplakes/cropped/sentinel3/geneva/OC3_chla_S3B_20180826T094959_sui_geneva.tif
2018-08-29T10:12:00.000+00:00,S3B,7.0948,4.87718,8.4521,7,https://eawagrs.s3.eu-central-1.amazonaws.com/alplakes/cropped/sentinel3/geneva/OC3_chla_S3B_20180829T101225_sui_geneva.tif
2018-08-27T09:23:00.000+00:00,S3B,5.46607,3.49554,8.44917,66,https://eawagrs.s3.eu-central-1.amazonaws.com/alplakes/cropped/sentinel3/geneva/OC3_chla_S3B_20180827T092348_sui_geneva.tif
2018-08-30T09:46:00.000+00:00,S3B,9.31226,9.31226,9.31226,1,https://eawagrs.s3.eu-central-1.amazonaws.com/alplakes/cropped/sentinel3/geneva/OC3_chla_S3B_20180830T094614_sui_geneva.tif
2018-09-03T09:42:00.000+00:00,S3B,4.60256,2.7039,8.39159,37,https://eawagrs.s3.eu-central-1.amazonaws.com/alplakes/cropped/sentinel3/geneva/OC3_chla_S3B_20180903T094230_sui_geneva.tif
2018-09-02T10:08:00.000+00:00,S3B,4.53503,2.94904,8.6349,20,https://eawagrs.s3.eu-central-1.amazonaws.com/alplakes/cropped/sentinel3/geneva/OC3_chla_S3B_20180902T100841_sui_geneva.tif
2018-09-07T09:38:00.000+00:00,S3B,6.12461,3.37391,8.81796,43,https://eawagrs.s3.eu-central-1.amazonaws.com/alplakes/cropped/sentinel3/geneva/OC3_chla_S3B_20180907T093847_sui_geneva.tif
2018-09-10T10:01:00.000+00:00,S3B,8.31143,3.38862,11.18657,87,https://eawagrs.s3.eu-central-1.amazonaws.com/alplakes/cropped/sentinel3/geneva/OC3_chla_S3B_20180910T100114_sui_geneva.tif
2018-09-11T09:35:00.000+00:00,S3B,8.75371,5.04559,11.61644,83,https://eawagrs.s3.eu-central-1.amazonaws.com/alplakes/cropped/sentinel3/geneva/OC3_chla_S3B_20180911T093503_sui_geneva.tif
2018-09-14T09:57:00.000+00:00,S3B,9.5373,5.71221,12.81871,45,https://eawagrs.s3.eu-central-1.amazonaws.com/alplakes/cropped/sentinel3/geneva/OC3_chla_S3B_20180914T095730_sui_geneva.tif
2018-09-13T10:23:00.000+00:00,S3B,9.55175,7.58364,11.81692,66,https://eawagrs.s3.eu-central-1.amazonaws.com/alplakes/cropped/sentinel3/geneva/OC3_chla_S3B_20180913T102341_sui_geneva.tif
2018-09-15T09:31:00.000+00:00,S3B,9.84431,7.22654,12.49907,83,https://eawagrs.s3.eu-central-1.amazonaws.com/alplakes/cropped/sentinel3/geneva/OC3_chla_S3B_20180915T093119_sui_geneva.tif
2018-09-09T10:27:00.000+00:00,S3B,6.34793,3.72566,9.05486,4,https://eawagrs.s3.eu-central-1.amazonaws.com/alplakes/cropped/sentinel3/geneva/OC3_chla_S3B_20180909T102724_sui_geneva.tif
2018-09-17T10:19:00.000+00:00,S3B,9.36709,3.24474,12.25908,89,https://eawagrs.s3.eu-central-1.amazonaws.com/alplakes/cropped/sentinel3/geneva/OC3_chla_S3B_20180917T101957_sui_geneva.tif
2018-09-18T09:53:00.000+00:00,S3B,9.4195,4.86542,12.10171,74,https://eawagrs.s3.eu-central-1.amazonaws.com/alplakes/cropped/sentinel3/geneva/OC3_chla_S3B_20180918T095346_sui_geneva.tif
2018-09-19T09:27:00.000+00:00,S3B,9.80481,8.00805,12.36667,28,https://eawagrs.s3.eu-central-1.amazonaws.com/alplakes/cropped/sentinel3/geneva/OC3_chla_S3B_20180919T092735_sui_geneva.tif
2018-09-22T09:50:00.000+00:00,S3B,8.72434,6.3714,11.00444,5,https://eawagrs.s3.eu-central-1.amazonaws.com/alplakes/cropped/sentinel3/geneva/OC3_chla_S3B_20180922T095002_sui_geneva.tif
2018-09-25T10:12:00.000+00:00,S3B,7.31052,2.12489,11.23214,90,https://eawagrs.s3.eu-central-1.amazonaws.com/alplakes/cropped/sentinel3/geneva/OC3_chla_S3B_20180925T101229_sui_geneva.tif
2018-09-26T09:46:00.000+00:00,S3B,7.53226,3.36539,10.73244,86,https://eawagrs.s3.eu-central-1.amazonaws.com/alplakes/cropped/sentinel3/geneva/OC3_chla_S3B_20180926T094618_sui_geneva.tif
2018-09-27T09:20:00.000+00:00,S3B,8.63574,3.64135,11.08097,74,https://eawagrs.s3.eu-central-1.amazonaws.com/alplakes/cropped/sentinel3/geneva/OC3_chla_S3B_20180927T092007_sui_geneva.tif
2018-09-30T09:42:00.000+00:00,S3B,7.93661,3.43758,11.65456,61,https://eawagrs.s3.eu-central-1.amazonaws.com/alplakes/cropped/sentinel3/geneva/OC3_chla_S3B_20180930T094234_sui_geneva.tif
2018-09-29T10:08:00.000+00:00,S3B,8.51504,7.05595,9.26584,2,https://eawagrs.s3.eu-central-1.amazonaws.com/alplakes/cropped/sentinel3/geneva/OC3_chla_S3B_20180929T100845_sui_geneva.tif
2018-10-03T10:05:00.000+00:00,S3B,4.7362,2.17215,9.35248,83,https://eawagrs.s3.eu-central-1.amazonaws.com/alplakes/cropped/sentinel3/geneva/OC3_chla_S3B_20181003T100501_sui_geneva.tif
2018-10-04T09:38:00.000+00:00,S3B,4.72343,2.08712,9.78993,30,https://eawagrs.s3.eu-central-1.amazonaws.com/alplakes/cropped/sentinel3/geneva/OC3_chla_S3B_20181004T093850_sui_geneva.tif
2018-10-08T09:35:00.000+00:00,S3B,4.11552,2.27706,8.40117,3,https://eawagrs.s3.eu-central-1.amazonaws.com/alplakes/cropped/sentinel3/geneva/OC3_chla_S3B_20181008T093506_sui_geneva.tif
2018-10-10T10:23:00.000+00:00,S3B,3.80333,2.29465,9.9297,4,https://eawagrs.s3.eu-central-1.amazonaws.com/alplakes/cropped/sentinel3/geneva/OC3_chla_S3B_20181010T102343_sui_geneva.tif
2018-10-11T09:57:00.000+00:00,S3B,4.49138,2.20854,9.85345,2,https://eawagrs.s3.eu-central-1.amazonaws.com/alplakes/cropped/sentinel3/geneva/OC3_chla_S3B_20181011T095732_sui_geneva.tif
2018-10-14T10:19:00.000+00:00,S3B,2.79851,1.95407,10.06683,50,https://eawagrs.s3.eu-central-1.amazonaws.com/alplakes/cropped/sentinel3/geneva/OC3_chla_S3B_20181014T101959_sui_geneva.tif
2018-10-15T09:53:00.000+00:00,S3B,3.25202,1.85958,9.58906,48,https://eawagrs.s3.eu-central-1.amazonaws.com/alplakes/cropped/sentinel3/geneva/OC3_chla_S3B_20181015T095348_sui_geneva.tif
2018-10-16T09:27:00.000+00:00,S3B,4.02911,2.487,5.17159,1,https://eawagrs.s3.eu-central-1.amazonaws.com/alplakes/cropped/sentinel3/geneva/OC3_chla_S3B_20181016T092736_sui_geneva.tif
2018-10-18T10:15:00.000+00:00,S3B,3.53545,2.08083,10.93071,4,https://eawagrs.s3.eu-central-1.amazonaws.com/alplakes/cropped/sentinel3/geneva/OC3_chla_S3B_20181018T101536_sui_geneva.tif
2018-10-22T10:10:00.000+00:00,S3B,2.85947,1.65268,9.22625,16,https://eawagrs.s3.eu-central-1.amazonaws.com/alplakes/cropped/sentinel3/geneva/OC3_chla_S3B_20181022T101033_sui_geneva.tif
2018-10-23T09:44:00.000+00:00,S3B,2.59995,1.57671,7.86961,9,https://eawagrs.s3.eu-central-1.amazonaws.com/alplakes/cropped/sentinel3/geneva/OC3_chla_S3B_20181023T094403_sui_geneva.tif
2018-10-26T10:03:00.000+00:00,S3B,4.5234,1.95823,8.99533,1,https://eawagrs.s3.eu-central-1.amazonaws.com/alplakes/cropped/sentinel3/geneva/OC3_chla_S3B_20181026T100330_sui_geneva.tif
2018-11-03T09:45:00.000+00:00,S3B,2.75671,1.77938,8.66373,2,https://eawagrs.s3.eu-central-1.amazonaws.com/alplakes/cropped/sentinel3/geneva/OC3_chla_S3B_20181103T094526_sui_geneva.tif
2018-11-14T09:45:00.000+00:00,S3B,5.93063,2.46012,11.6492,3,https://eawagrs.s3.eu-central-1.amazonaws.com/alplakes/cropped/sentinel3/geneva/OC3_chla_S3B_20181114T094548_sui_geneva.tif
2018-11-15T09:18:00.000+00:00,S3B,8.20467,3.73643,11.16338,2,https://eawagrs.s3.eu-central-1.amazonaws.com/alplakes/cropped/sentinel3/geneva/OC3_chla_S3B_20181115T091819_sui_geneva.tif
2018-11-09T10:22:00.000+00:00,S3B,6.67134,2.94695,10.55786,1,https://eawagrs.s3.eu-central-1.amazonaws.com/alplakes/cropped/sentinel3/geneva/OC3_chla_S3B_20181109T102220_sui_geneva.tif
2018-11-17T10:04:00.000+00:00,S3B,5.72608,2.1316,13.45671,4,https://eawagrs.s3.eu-central-1.amazonaws.com/alplakes/cropped/sentinel3/geneva/OC3_chla_S3B_20181117T100414_sui_geneva.tif
2018-11-18T09:36:00.000+00:00,S3B,6.86381,1.92951,10.78806,2,https://eawagrs.s3.eu-central-1.amazonaws.com/alplakes/cropped/sentinel3/geneva/OC3_chla_S3B_20181118T093645_sui_geneva.tif
2018-11-20T10:22:00.000+00:00,S3B,5.78105,2.12523,11.90011,1,https://eawagrs.s3.eu-central-1.amazonaws.com/alplakes/cropped/sentinel3/geneva/OC3_chla_S3B_20181120T102241_sui_geneva.tif
2018-11-22T09:29:00.000+00:00,S3B,9.75605,6.37322,12.64369,1,https://eawagrs.s3.eu-central-1.amazonaws.com/alplakes/cropped/sentinel3/geneva/OC3_chla_S3B_20181122T092947_sui_geneva.tif
2018-11-24T10:18:00.000+00:00,S3B,4.95004,1.56057,14.67897,15,https://eawagrs.s3.eu-central-1.amazonaws.com/alplakes/cropped/sentinel3/geneva/OC3_chla_S3B_20181124T101817_sui_geneva.tif
2018-11-25T09:52:00.000+00:00,S3B,6.18989,1.96979,13.53838,9,https://eawagrs.s3.eu-central-1.amazonaws.com/alplakes/cropped/sentinel3/geneva/OC3_chla_S3B_20181125T095207_sui_geneva.tif
2018-12-07T09:40:00.000+00:00,S3B,8.64782,2.40945,13.47298,7,https://eawagrs.s3.eu-central-1.amazonaws.com/alplakes/cropped/sentinel3/geneva/OC3_chla_S3B_20181207T094055_sui_geneva.tif
2018-12-06T10:07:00.000+00:00,S3B,10.13695,10.13695,10.13695,1,https://eawagrs.s3.eu-central-1.amazonaws.com/alplakes/cropped/sentinel3/geneva/OC3_chla_S3B_20181206T100706_sui_geneva.tif
2018-11-28T10:14:00.000+00:00,S3B,6.35824,2.47976,11.4778,1,https://eawagrs.s3.eu-central-1.amazonaws.com/alplakes/cropped/sentinel3/geneva/OC3_chla_S3B_20181128T101436_sui_geneva.tif
2018-12-10T10:03:00.000+00:00,S3B,10.35502,8.4079,12.65956,1,https://eawagrs.s3.eu-central-1.amazonaws.com/alplakes/cropped/sentinel3/geneva/OC3_chla_S3B_20181210T100321_sui_geneva.tif
2018-12-11T09:37:00.000+00:00,S3B,7.37809,2.27849,15.24197,18,https://eawagrs.s3.eu-central-1.amazonaws.com/alplakes/cropped/sentinel3/geneva/OC3_chla_S3B_20181211T093710_sui_geneva.tif
2018-12-13T10:25:00.000+00:00,S3B,3.51363,1.70232,22.74706,22,https://eawagrs.s3.eu-central-1.amazonaws.com/alplakes/cropped/sentinel3/geneva/OC3_chla_S3B_20181213T102547_sui_geneva.tif
2018-12-15T09:33:00.000+00:00,S3B,7.04862,1.65378,55.86583,11,https://eawagrs.s3.eu-central-1.amazonaws.com/alplakes/cropped/sentinel3/geneva/OC3_chla_S3B_20181215T093326_sui_geneva.tif
2018-12-14T09:59:00.000+00:00,S3B,7.38262,3.27635,11.41774,1,https://eawagrs.s3.eu-central-1.amazonaws.com/alplakes/cropped/sentinel3/geneva/OC3_chla_S3B_20181214T095937_sui_geneva.tif
2018-12-18T09:55:00.000+00:00,S3B,4.95932,1.7926,11.43214,13,https://eawagrs.s3.eu-central-1.amazonaws.com/alplakes/cropped/sentinel3/geneva/OC3_chla_S3B_20181218T095553_sui_geneva.tif
2018-12-25T10:14:00.000+00:00,S3B,4.54615,0.00007,33.71674,14,https://eawagrs.s3.eu-central-1.amazonaws.com/alplakes/cropped/sentinel3/geneva/OC3_chla_S3B_20181225T101436_sui_geneva.tif
2018-12-26T09:48:00.000+00:00,S3B,11.67617,7.45014,14.6965,1,https://eawagrs.s3.eu-central-1.amazonaws.com/alplakes/cropped/sentinel3/geneva/OC3_chla_S3B_20181226T094825_sui_geneva.tif
2018-12-31T09:18:00.000+00:00,S3B,11.04961,9.45266,12.47187,1,https://eawagrs.s3.eu-central-1.amazonaws.com/alplakes/cropped/sentinel3/geneva/OC3_chla_S3B_20181231T091830_sui_geneva.tif
2019-01-02T10:07:00.000+00:00,S3B,4.20851,0,13.81202,2,https://eawagrs.s3.eu-central-1.amazonaws.com/alplakes/cropped/sentinel3/geneva/OC3_chla_S3B_20190102T100708_sui_geneva.tif
2019-01-03T09:40:00.000+00:00,S3B,6.17327,1.89334,19.55914,11,https://eawagrs.s3.eu-central-1.amazonaws.com/alplakes/cropped/sentinel3/geneva/OC3_chla_S3B_20190103T094057_sui_geneva.tif
2019-01-07T09:37:00.000+00:00,S3B,9.8687,7.84173,11.96545,1,https://eawagrs.s3.eu-central-1.amazonaws.com/alplakes/cropped/sentinel3/geneva/OC3_chla_S3B_20190107T093713_sui_geneva.tif
2019-01-09T10:25:00.000+00:00,S3B,10.18725,3.91645,15.17878,1,https://eawagrs.s3.eu-central-1.amazonaws.com/alplakes/cropped/sentinel3/geneva/OC3_chla_S3B_20190109T102551_sui_geneva.tif
2019-01-11T09:33:00.000+00:00,S3B,7.22897,2.19964,13.06823,12,https://eawagrs.s3.eu-central-1.amazonaws.com/alplakes/cropped/sentinel3/geneva/OC3_chla_S3B_20190111T093329_sui_geneva.tif
2019-01-10T09:59:00.000+00:00,S3B,5.43745,1.62397,14.95929,34,https://eawagrs.s3.eu-central-1.amazonaws.com/alplakes/cropped/sentinel3/geneva/OC3_chla_S3B_20190110T095940_sui_geneva.tif
2019-01-14T09:55:00.000+00:00,S3B,5.64028,1.71519,13.86661,3,https://eawagrs.s3.eu-central-1.amazonaws.com/alplakes/cropped/sentinel3/geneva/OC3_chla_S3B_20190114T095555_sui_geneva.tif
2019-01-15T09:29:00.000+00:00,S3B,10.4438,4.40429,21.22709,22,https://eawagrs.s3.eu-central-1.amazonaws.com/alplakes/cropped/sentinel3/geneva/OC3_chla_S3B_20190115T092945_sui_geneva.tif
2019-01-18T09:52:00.000+00:00,S3B,4.06607,1.45527,28.22653,17,https://eawagrs.s3.eu-central-1.amazonaws.com/alplakes/cropped/sentinel3/geneva/OC3_chla_S3B_20190118T095211_sui_geneva.tif
2019-01-19T09:26:00.000+00:00,S3B,7.88274,2.24861,13.37382,5,https://eawagrs.s3.eu-central-1.amazonaws.com/alplakes/cropped/sentinel3/geneva/OC3_chla_S3B_20190119T092600_sui_geneva.tif
2019-01-21T10:14:00.000+00:00,S3B,4.10811,0.22001,21.23349,18,https://eawagrs.s3.eu-central-1.amazonaws.com/alplakes/cropped/sentinel3/geneva/OC3_chla_S3B_20190121T101438_sui_geneva.tif
2019-01-26T09:44:00.000+00:00,S3B,8.29907,2.66166,13.89047,3,https://eawagrs.s3.eu-central-1.amazonaws.com/alplakes/cropped/sentinel3/geneva/OC3_chla_S3B_20190126T094442_sui_geneva.tif
2019-01-22T09:48:00.000+00:00,S3B,3.59997,1.43804,11.13428,7,https://eawagrs.s3.eu-central-1.amazonaws.com/alplakes/cropped/sentinel3/geneva/OC3_chla_S3B_20190122T094827_sui_geneva.tif
2019-01-29T10:07:00.000+00:00,S3B,2.46299,0.25846,10.87429,20,https://eawagrs.s3.eu-central-1.amazonaws.com/alplakes/cropped/sentinel3/geneva/OC3_chla_S3B_20190129T100709_sui_geneva.tif
2019-02-05T10:25:00.000+00:00,S3B,2.53271,0,9.28283,17,https://eawagrs.s3.eu-central-1.amazonaws.com/alplakes/cropped/sentinel3/geneva/OC3_chla_S3B_20190205T102551_sui_geneva.tif
2019-02-02T10:03:00.000+00:00,S3B,2.7447,1.20052,11.31114,8,https://eawagrs.s3.eu-central-1.amazonaws.com/alplakes/cropped/sentinel3/geneva/OC3_chla_S3B_20190202T100324_sui_geneva.tif
2019-01-25T10:10:00.000+00:00,S3B,3.02478,0.00175,11.30238,22,https://eawagrs.s3.eu-central-1.amazonaws.com/alplakes/cropped/sentinel3/geneva/OC3_chla_S3B_20190125T101053_sui_geneva.tif
2019-02-06T09:59:00.000+00:00,S3B,3.09368,1.8507,10.50235,2,https://eawagrs.s3.eu-central-1.amazonaws.com/alplakes/cropped/sentinel3/geneva/OC3_chla_S3B_20190206T095940_sui_geneva.tif
2019-02-13T10:18:00.000+00:00,S3B,2.25912,0.73787,11.4745,48,https://eawagrs.s3.eu-central-1.amazonaws.com/alplakes/cropped/sentinel3/geneva/OC3_chla_S3B_20190213T101822_sui_geneva.tif
2019-02-11T09:29:00.000+00:00,S3B,0.00076,0,0.05615,2,https://eawagrs.s3.eu-central-1.amazonaws.com/alplakes/cropped/sentinel3/geneva/OC3_chla_S3B_20190211T092944_sui_geneva.tif
2019-02-14T09:52:00.000+00:00,S3B,2.65479,1.16689,14.03247,56,https://eawagrs.s3.eu-central-1.amazonaws.com/alplakes/cropped/sentinel3/geneva/OC3_chla_S3B_20190214T095211_sui_geneva.tif
2019-02-15T09:26:00.000+00:00,S3B,4.24965,1.54703,12.54368,49,https://eawagrs.s3.eu-central-1.amazonaws.com/alplakes/cropped/sentinel3/geneva/OC3_chla_S3B_20190215T092600_sui_geneva.tif
2019-02-17T10:14:00.000+00:00,S3B,2.5153,0.39415,12.94568,52,https://eawagrs.s3.eu-central-1.amazonaws.com/alplakes/cropped/sentinel3/geneva/OC3_chla_S3B_20190217T101438_sui_geneva.tif
2019-02-18T09:48:00.000+00:00,S3B,3.52498,1.6515,13.97048,58,https://eawagrs.s3.eu-central-1.amazonaws.com/alplakes/cropped/sentinel3/geneva/OC3_chla_S3B_20190218T094827_sui_geneva.tif
2019-02-19T09:22:00.000+00:00,S3B,8.2607,3.08413,12.03763,26,https://eawagrs.s3.eu-central-1.amazonaws.com/alplakes/cropped/sentinel3/geneva/OC3_chla_S3B_20190219T092217_sui_geneva.tif
2019-02-21T10:10:00.000+00:00,S3B,4.78248,2.03497,13.08539,55,https://eawagrs.s3.eu-central-1.amazonaws.com/alplakes/cropped/sentinel3/geneva/OC3_chla_S3B_20190221T101055_sui_geneva.tif
2019-02-22T09:44:00.000+00:00,S3B,5.57523,2.07031,13.36032,59,https://eawagrs.s3.eu-central-1.amazonaws.com/alplakes/cropped/sentinel3/geneva/OC3_chla_S3B_20190222T094444_sui_geneva.tif
2019-02-23T09:18:00.000+00:00,S3B,5.95438,2.17583,11.58355,5,https://eawagrs.s3.eu-central-1.amazonaws.com/alplakes/cropped/sentinel3/geneva/OC3_chla_S3B_20190223T091833_sui_geneva.tif
2019-02-25T10:07:00.000+00:00,S3B,3.52366,1.40595,12.36248,68,https://eawagrs.s3.eu-central-1.amazonaws.com/alplakes/cropped/sentinel3/geneva/OC3_chla_S3B_20190225T100711_sui_geneva.tif
2019-02-26T09:41:00.000+00:00,S3B,4.45587,1.50773,12.69609,50,https://eawagrs.s3.eu-central-1.amazonaws.com/alplakes/cropped/sentinel3/geneva/OC3_chla_S3B_20190226T094100_sui_geneva.tif
2019-03-01T10:03:00.000+00:00,S3B,2.90559,2.70219,3.10899,1,https://eawagrs.s3.eu-central-1.amazonaws.com/alplakes/cropped/sentinel3/geneva/OC3_chla_S3B_20190301T100327_sui_geneva.tif
2019-03-05T09:59:00.000+00:00,S3B,3.61811,0.85287,12.62595,71,https://eawagrs.s3.eu-central-1.amazonaws.com/alplakes/cropped/sentinel3/geneva/OC3_chla_S3B_20190305T095944_sui_geneva.tif
2019-03-12T10:18:00.000+00:00,S3B,2.77327,1.4189,10.41271,3,https://eawagrs.s3.eu-central-1.amazonaws.com/alplakes/cropped/sentinel3/geneva/OC3_chla_S3B_20190312T101827_sui_geneva.tif
2019-03-13T09:52:00.000+00:00,S3B,2.34963,0.60747,8.73844,11,https://eawagrs.s3.eu-central-1.amazonaws.com/alplakes/cropped/sentinel3/geneva/OC3_chla_S3B_20190313T095216_sui_geneva.tif
2019-03-16T10:14:00.000+00:00,S3B,2.23669,0.95751,11.39638,44,https://eawagrs.s3.eu-central-1.amazonaws.com/alplakes/cropped/sentinel3/geneva/OC3_chla_S3B_20190316T101443_sui_geneva.tif
2019-03-17T09:48:00.000+00:00,S3B,3.13233,2.03873,8.37216,1,https://eawagrs.s3.eu-central-1.amazonaws.com/alplakes/cropped/sentinel3/geneva/OC3_chla_S3B_20190317T094832_sui_geneva.tif
2019-03-22T09:18:00.000+00:00,S3B,3.01964,1.74434,10.30249,15,https://eawagrs.s3.eu-central-1.amazonaws.com/alplakes/cropped/sentinel3/geneva/OC3_chla_S3B_20190322T091837_sui_geneva.tif
2019-03-21T09:44:00.000+00:00,S3B,2.35915,1.37092,11.76063,70,https://eawagrs.s3.eu-central-1.amazonaws.com/alplakes/cropped/sentinel3/geneva/OC3_chla_S3B_20190321T094448_sui_geneva.tif
2019-03-20T10:10:00.000+00:00,S3B,2.34646,1.55901,11.08916,76,https://eawagrs.s3.eu-central-1.amazonaws.com/alplakes/cropped/sentinel3/geneva/OC3_chla_S3B_20190320T101059_sui_geneva.tif
2019-03-18T09:22:00.000+00:00,S3B,2.98579,1.26041,10.68848,28,https://eawagrs.s3.eu-central-1.amazonaws.com/alplakes/cropped/sentinel3/geneva/OC3_chla_S3B_20190318T092221_sui_geneva.tif
2019-03-24T10:07:00.000+00:00,S3B,3.03626,1.3935,12.23773,86,https://eawagrs.s3.eu-central-1.amazonaws.com/alplakes/cropped/sentinel3/geneva/OC3_chla_S3B_20190324T100715_sui_geneva.tif
2019-03-25T09:41:00.000+00:00,S3B,4.53129,2.55179,10.57226,1,https://eawagrs.s3.eu-central-1.amazonaws.com/alplakes/cropped/sentinel3/geneva/OC3_chla_S3B_20190325T094104_sui_geneva.tif
2019-03-28T10:03:00.000+00:00,S3B,2.39077,1.36428,12.5512,87,https://eawagrs.s3.eu-central-1.amazonaws.com/alplakes/cropped/sentinel3/geneva/OC3_chla_S3B_20190328T100331_sui_geneva.tif
2019-03-31T10:25:00.000+00:00,S3B,2.88152,1.86683,8.83638,64,https://eawagrs.s3.eu-central-1.amazonaws.com/alplakes/cropped/sentinel3/geneva/OC3_chla_S3B_20190331T102557_sui_geneva.tif
2019-03-29T09:37:00.000+00:00,S3B,2.42878,1.18474,12.03818,62,https://eawagrs.s3.eu-central-1.amazonaws.com/alplakes/cropped/sentinel3/geneva/OC3_chla_S3B_20190329T093720_sui_geneva.tif
2019-04-01T09:59:00.000+00:00,S3B,3.20147,2.04446,11.61526,8,https://eawagrs.s3.eu-central-1.amazonaws.com/alplakes/cropped/sentinel3/geneva/OC3_chla_S3B_20190401T095946_sui_geneva.tif
2019-04-02T09:33:00.000+00:00,S3B,3.5478,2.16119,11.25048,8,https://eawagrs.s3.eu-central-1.amazonaws.com/alplakes/cropped/sentinel3/geneva/OC3_chla_S3B_20190402T093336_sui_geneva.tif
2019-04-05T09:56:00.000+00:00,S3B,3.89799,1.75621,13.33697,27,https://eawagrs.s3.eu-central-1.amazonaws.com/alplakes/cropped/sentinel3/geneva/OC3_chla_S3B_20190405T095602_sui_geneva.tif
2019-04-06T09:29:00.000+00:00,S3B,3.76346,2.43731,5.51041,2,https://eawagrs.s3.eu-central-1.amazonaws.com/alplakes/cropped/sentinel3/geneva/OC3_chla_S3B_20190406T092951_sui_geneva.tif
2019-04-08T10:18:00.000+00:00,S3B,4.91333,1.95271,13.18715,88,https://eawagrs.s3.eu-central-1.amazonaws.com/alplakes/cropped/sentinel3/geneva/OC3_chla_S3B_20190408T101829_sui_geneva.tif
2019-04-09T09:52:00.000+00:00,S3B,6.25085,2.43454,12.80301,88,https://eawagrs.s3.eu-central-1.amazonaws.com/alplakes/cropped/sentinel3/geneva/OC3_chla_S3B_20190409T095218_sui_geneva.tif
2019-04-10T09:26:00.000+00:00,S3B,6.50488,3.06309,9.526,57,https://eawagrs.s3.eu-central-1.amazonaws.com/alplakes/cropped/sentinel3/geneva/OC3_chla_S3B_20190410T092607_sui_geneva.tif
2019-04-13T09:48:00.000+00:00,S3B,5.46523,2.52606,12.2557,13,https://eawagrs.s3.eu-central-1.amazonaws.com/alplakes/cropped/sentinel3/geneva/OC3_chla_S3B_20190413T094833_sui_geneva.tif
2019-04-14T09:22:00.000+00:00,S3B,6.44302,2.86219,9.44926,54,https://eawagrs.s3.eu-central-1.amazonaws.com/alplakes/cropped/sentinel3/geneva/OC3_chla_S3B_20190414T092222_sui_geneva.tif
2019-04-17T09:44:00.000+00:00,S3B,6.09975,2.58336,11.41083,71,https://eawagrs.s3.eu-central-1.amazonaws.com/alplakes/cropped/sentinel3/geneva/OC3_chla_S3B_20190417T094449_sui_geneva.tif
2019-04-18T09:18:00.000+00:00,S3B,6.9402,3.81282,10.47156,18,https://eawagrs.s3.eu-central-1.amazonaws.com/alplakes/cropped/sentinel3/geneva/OC3_chla_S3B_20190418T091838_sui_geneva.tif
2019-04-20T10:07:00.000+00:00,S3B,4.7207,2.18787,10.6421,82,https://eawagrs.s3.eu-central-1.amazonaws.com/alplakes/cropped/sentinel3/geneva/OC3_chla_S3B_20190420T100715_sui_geneva.tif
2019-04-12T10:14:00.000+00:00,S3B,4.997,1.54419,12.69914,86,https://eawagrs.s3.eu-central-1.amazonaws.com/alplakes/cropped/sentinel3/geneva/OC3_chla_S3B_20190412T101444_sui_geneva.tif
2019-04-24T10:03:00.000+00:00,S3B,4.69347,2.82152,10.12867,1,https://eawagrs.s3.eu-central-1.amazonaws.com/alplakes/cropped/sentinel3/geneva/OC3_chla_S3B_20190424T100331_sui_geneva.tif
2019-04-27T10:25:00.000+00:00,S3B,3.18291,2.56152,4.32125,1,https://eawagrs.s3.eu-central-1.amazonaws.com/alplakes/cropped/sentinel3/geneva/OC3_chla_S3B_20190427T102557_sui_geneva.tif
2019-04-28T09:59:00.000+00:00,S3B,3.26045,1.8181,11.34498,9,https://eawagrs.s3.eu-central-1.amazonaws.com/alplakes/cropped/sentinel3/geneva/OC3_chla_S3B_20190428T095946_sui_geneva.tif
2019-04-29T09:33:00.000+00:00,S3B,3.27443,2.13874,8.41554,28,https://eawagrs.s3.eu-central-1.amazonaws.com/alplakes/cropped/sentinel3/geneva/OC3_chla_S3B_20190429T093335_sui_geneva.tif
2019-05-01T10:22:00.000+00:00,S3B,2.89204,2.12192,11.0481,84,https://eawagrs.s3.eu-central-1.amazonaws.com/alplakes/cropped/sentinel3/geneva/OC3_chla_S3B_20190501T102212_sui_geneva.tif
2019-05-03T09:29:00.000+00:00,S3B,3.46704,2.39172,7.20769,6,https://eawagrs.s3.eu-central-1.amazonaws.com/alplakes/cropped/sentinel3/geneva/OC3_chla_S3B_20190503T092950_sui_geneva.tif
2019-05-06T09:52:00.000+00:00,S3B,2.75049,1.05449,10.61028,50,https://eawagrs.s3.eu-central-1.amazonaws.com/alplakes/cropped/sentinel3/geneva/OC3_chla_S3B_20190506T095216_sui_geneva.tif
2019-05-05T10:18:00.000+00:00,S3B,2.37906,0.86789,9.96778,13,https://eawagrs.s3.eu-central-1.amazonaws.com/alplakes/cropped/sentinel3/geneva/OC3_chla_S3B_20190505T101827_sui_geneva.tif
2019-05-07T09:26:00.000+00:00,S3B,3.14,1.62678,9.88103,23,https://eawagrs.s3.eu-central-1.amazonaws.com/alplakes/cropped/sentinel3/geneva/OC3_chla_S3B_20190507T092605_sui_geneva.tif
2019-05-13T10:10:00.000+00:00,S3B,2.69393,1.23711,17.82187,72,https://eawagrs.s3.eu-central-1.amazonaws.com/alplakes/cropped/sentinel3/geneva/OC3_chla_S3B_20190513T101058_sui_geneva.tif
2019-05-10T09:48:00.000+00:00,S3B,2.83085,1.52018,8.30837,13,https://eawagrs.s3.eu-central-1.amazonaws.com/alplakes/cropped/sentinel3/geneva/OC3_chla_S3B_20190510T094832_sui_geneva.tif
2019-05-14T09:44:00.000+00:00,S3B,2.50108,1.07398,11.09979,74,https://eawagrs.s3.eu-central-1.amazonaws.com/alplakes/cropped/sentinel3/geneva/OC3_chla_S3B_20190514T094447_sui_geneva.tif
2019-05-15T09:18:00.000+00:00,S3B,2.42198,1.30051,8.38192,15,https://eawagrs.s3.eu-central-1.amazonaws.com/alplakes/cropped/sentinel3/geneva/OC3_chla_S3B_20190515T091835_sui_geneva.tif
2019-05-21T10:03:00.000+00:00,S3B,2.57211,2.308,2.98551,1,https://eawagrs.s3.eu-central-1.amazonaws.com/alplakes/cropped/sentinel3/geneva/OC3_chla_S3B_20190521T100327_sui_geneva.tif
2019-05-22T09:37:00.000+00:00,S3B,2.78924,2.10567,10.18067,49,https://eawagrs.s3.eu-central-1.amazonaws.com/alplakes/cropped/sentinel3/geneva/OC3_chla_S3B_20190522T093716_sui_geneva.tif
2019-05-25T09:59:00.000+00:00,S3B,3.55473,2.55598,9.43902,1,https://eawagrs.s3.eu-central-1.amazonaws.com/alplakes/cropped/sentinel3/geneva/OC3_chla_S3B_20190525T095942_sui_geneva.tif
2019-05-26T09:33:00.000+00:00,S3B,2.87044,2.41335,4.02246,1,https://eawagrs.s3.eu-central-1.amazonaws.com/alplakes/cropped/sentinel3/geneva/OC3_chla_S3B_20190526T093331_sui_geneva.tif
2019-05-29T09:55:00.000+00:00,S3B,3.22023,2.25125,8.16799,2,https://eawagrs.s3.eu-central-1.amazonaws.com/alplakes/cropped/sentinel3/geneva/OC3_chla_S3B_20190529T095557_sui_geneva.tif
2019-06-01T10:18:00.000+00:00,S3B,3.22319,2.15813,10.90437,73,https://eawagrs.s3.eu-central-1.amazonaws.com/alplakes/cropped/sentinel3/geneva/OC3_chla_S3B_20190601T101823_sui_geneva.tif
2019-06-02T09:52:00.000+00:00,S3B,3.22267,1.90411,9.11754,80,https://eawagrs.s3.eu-central-1.amazonaws.com/alplakes/cropped/sentinel3/geneva/OC3_chla_S3B_20190602T095212_sui_geneva.tif
2019-06-05T10:14:00.000+00:00,S3B,4.93016,2.55546,9.96286,48,https://eawagrs.s3.eu-central-1.amazonaws.com/alplakes/cropped/sentinel3/geneva/OC3_chla_S3B_20190605T101437_sui_geneva.tif
2019-06-03T09:26:00.000+00:00,S3B,4.6736,2.4137,7.12061,2,https://eawagrs.s3.eu-central-1.amazonaws.com/alplakes/cropped/sentinel3/geneva/OC3_chla_S3B_20190603T092600_sui_geneva.tif
2019-06-07T09:22:00.000+00:00,S3B,7.09278,4.75762,8.4541,10,https://eawagrs.s3.eu-central-1.amazonaws.com/alplakes/cropped/sentinel3/geneva/OC3_chla_S3B_20190607T092215_sui_geneva.tif
2019-06-13T10:07:00.000+00:00,S3B,5.80899,2.82877,9.31497,89,https://eawagrs.s3.eu-central-1.amazonaws.com/alplakes/cropped/sentinel3/geneva/OC3_chla_S3B_20190613T100708_sui_geneva.tif
2019-06-17T10:03:00.000+00:00,S3B,7.42951,3.75579,12.7962,89,https://eawagrs.s3.eu-central-1.amazonaws.com/alplakes/cropped/sentinel3/geneva/OC3_chla_S3B_20190617T100323_sui_geneva.tif
2019-06-18T09:37:00.000+00:00,S3B,5.5431,3.27436,7.37251,6,https://eawagrs.s3.eu-central-1.amazonaws.com/alplakes/cropped/sentinel3/geneva/OC3_chla_S3B_20190618T093712_sui_geneva.tif
2019-06-20T10:25:00.000+00:00,S3B,7.03527,4.68044,9.92823,5,https://eawagrs.s3.eu-central-1.amazonaws.com/alplakes/cropped/sentinel3/geneva/OC3_chla_S3B_20190620T102549_sui_geneva.tif
2019-06-21T09:59:00.000+00:00,S3B,6.88517,5.45538,8.09117,1,https://eawagrs.s3.eu-central-1.amazonaws.com/alplakes/cropped/sentinel3/geneva/OC3_chla_S3B_20190621T095939_sui_geneva.tif
2019-06-22T09:33:00.000+00:00,S3B,5.00184,3.68649,8.41653,7,https://eawagrs.s3.eu-central-1.amazonaws.com/alplakes/cropped/sentinel3/geneva/OC3_chla_S3B_20190622T093328_sui_geneva.tif
2019-06-24T10:22:00.000+00:00,S3B,3.77197,2.64758,8.21169,48,https://eawagrs.s3.eu-central-1.amazonaws.com/alplakes/cropped/sentinel3/geneva/OC3_chla_S3B_20190624T102206_sui_geneva.tif
2019-06-25T09:55:00.000+00:00,S3B,3.81028,2.56286,6.65392,42,https://eawagrs.s3.eu-central-1.amazonaws.com/alplakes/cropped/sentinel3/geneva/OC3_chla_S3B_20190625T095555_sui_geneva.tif
2019-06-26T09:29:00.000+00:00,S3B,3.52745,2.62371,6.69414,16,https://eawagrs.s3.eu-central-1.amazonaws.com/alplakes/cropped/sentinel3/geneva/OC3_chla_S3B_20190626T092944_sui_geneva.tif
2019-06-28T10:18:00.000+00:00,S3B,3.34256,2.45922,9.2077,38,https://eawagrs.s3.eu-central-1.amazonaws.com/alplakes/cropped/sentinel3/geneva/OC3_chla_S3B_20190628T101822_sui_geneva.tif
2019-06-29T09:52:00.000+00:00,S3B,3.82824,2.47959,8.74772,86,https://eawagrs.s3.eu-central-1.amazonaws.com/alplakes/cropped/sentinel3/geneva/OC3_chla_S3B_20190629T095211_sui_geneva.tif
2019-06-30T09:26:00.000+00:00,S3B,4.09241,2.9067,6.54994,7,https://eawagrs.s3.eu-central-1.amazonaws.com/alplakes/cropped/sentinel3/geneva/OC3_chla_S3B_20190630T092600_sui_geneva.tif
2019-07-02T10:14:00.000+00:00,S3B,4.39455,2.8601,8.43303,17,https://eawagrs.s3.eu-central-1.amazonaws.com/alplakes/cropped/sentinel3/geneva/OC3_chla_S3B_20190702T101438_sui_geneva.tif
2019-07-07T09:44:00.000+00:00,S3B,3.10745,2.39823,5.29425,45,https://eawagrs.s3.eu-central-1.amazonaws.com/alplakes/cropped/sentinel3/geneva/OC3_chla_S3B_20190707T094443_sui_geneva.tif
2019-07-10T10:07:00.000+00:00,S3B,4.13587,2.3235,8.86121,83,https://eawagrs.s3.eu-central-1.amazonaws.com/alplakes/cropped/sentinel3/geneva/OC3_chla_S3B_20190710T100710_sui_geneva.tif
2019-07-14T10:03:00.000+00:00,S3B,3.68322,2.81176,11.1567,27,https://eawagrs.s3.eu-central-1.amazonaws.com/alplakes/cropped/sentinel3/geneva/OC3_chla_S3B_20190714T100326_sui_geneva.tif
2019-07-15T09:37:00.000+00:00,S3B,4.03967,3.75824,4.74566,1,https://eawagrs.s3.eu-central-1.amazonaws.com/alplakes/cropped/sentinel3/geneva/OC3_chla_S3B_20190715T093715_sui_geneva.tif
2019-07-17T10:25:00.000+00:00,S3B,4.12785,3.06654,5.34632,13,https://eawagrs.s3.eu-central-1.amazonaws.com/alplakes/cropped/sentinel3/geneva/OC3_chla_S3B_20190717T102553_sui_geneva.tif
2019-07-18T09:59:00.000+00:00,S3B,4.49602,3.21749,8.3772,31,https://eawagrs.s3.eu-central-1.amazonaws.com/alplakes/cropped/sentinel3/geneva/OC3_chla_S3B_20190718T095942_sui_geneva.tif
2019-07-19T09:33:00.000+00:00,S3B,5.03408,3.54336,8.21031,21,https://eawagrs.s3.eu-central-1.amazonaws.com/alplakes/cropped/sentinel3/geneva/OC3_chla_S3B_20190719T093331_sui_geneva.tif
2019-07-21T10:22:00.000+00:00,S3B,7.73055,7.73055,7.73055,1,https://eawagrs.s3.eu-central-1.amazonaws.com/alplakes/cropped/sentinel3/geneva/OC3_chla_S3B_20190721T102208_sui_geneva.tif
2019-07-25T10:18:00.000+00:00,S3B,6.02475,4.55928,7.52544,1,https://eawagrs.s3.eu-central-1.amazonaws.com/alplakes/cropped/sentinel3/geneva/OC3_chla_S3B_20190725T101824_sui_geneva.tif
2019-07-23T09:29:00.000+00:00,S3B,4.88417,3.97546,5.85526,1,https://eawagrs.s3.eu-central-1.amazonaws.com/alplakes/cropped/sentinel3/geneva/OC3_chla_S3B_20190723T092947_sui_geneva.tif
2019-07-26T09:52:00.000+00:00,S3B,4.39432,4.39432,4.39432,1,https://eawagrs.s3.eu-central-1.amazonaws.com/alplakes/cropped/sentinel3/geneva/OC3_chla_S3B_20190726T095213_sui_geneva.tif
2019-07-29T10:14:00.000+00:00,S3B,4.30925,2.63634,8.72924,22,https://eawagrs.s3.eu-central-1.amazonaws.com/alplakes/cropped/sentinel3/geneva/OC3_chla_S3B_20190729T101440_sui_geneva.tif
2019-07-30T09:48:00.000+00:00,S3B,3.96733,2.5509,9.25224,62,https://eawagrs.s3.eu-central-1.amazonaws.com/alplakes/cropped/sentinel3/geneva/OC3_chla_S3B_20190730T094829_sui_geneva.tif
2019-08-02T10:10:00.000+00:00,S3B,3.10494,2.59641,11.55426,1,https://eawagrs.s3.eu-central-1.amazonaws.com/alplakes/cropped/sentinel3/geneva/OC3_chla_S3B_20190802T101055_sui_geneva.tif
2019-08-03T09:44:00.000+00:00,S3B,2.63082,2.18054,7.28278,13,https://eawagrs.s3.eu-central-1.amazonaws.com/alplakes/cropped/sentinel3/geneva/OC3_chla_S3B_20190803T094445_sui_geneva.tif
2019-08-06T10:07:00.000+00:00,S3B,2.42894,2.32376,2.48152,1,https://eawagrs.s3.eu-central-1.amazonaws.com/alplakes/cropped/sentinel3/geneva/OC3_chla_S3B_20190806T100711_sui_geneva.tif
2019-08-11T09:37:00.000+00:00,S3B,2.39264,2.1132,5.26982,9,https://eawagrs.s3.eu-central-1.amazonaws.com/alplakes/cropped/sentinel3/geneva/OC3_chla_S3B_20190811T093715_sui_geneva.tif
2019-08-14T09:59:00.000+00:00,S3B,2.48646,2.05591,10.64033,30,https://eawagrs.s3.eu-central-1.amazonaws.com/alplakes/cropped/sentinel3/geneva/OC3_chla_S3B_20190814T095942_sui_geneva.tif
2019-08-17T10:22:00.000+00:00,S3B,2.43256,2.13898,4.62999,9,https://eawagrs.s3.eu-central-1.amazonaws.com/alplakes/cropped/sentinel3/geneva/OC3_chla_S3B_20190817T102208_sui_geneva.tif
2019-08-15T09:33:00.000+00:00,S3B,2.4571,2.18062,2.91721,12,https://eawagrs.s3.eu-central-1.amazonaws.com/alplakes/cropped/sentinel3/geneva/OC3_chla_S3B_20190815T093331_sui_geneva.tif
2019-08-18T09:55:00.000+00:00,S3B,2.53361,2.11998,10.64228,55,https://eawagrs.s3.eu-central-1.amazonaws.com/alplakes/cropped/sentinel3/geneva/OC3_chla_S3B_20190818T095557_sui_geneva.tif
2019-08-21T10:18:00.000+00:00,S3B,2.51805,1.96881,8.71431,13,https://eawagrs.s3.eu-central-1.amazonaws.com/alplakes/cropped/sentinel3/geneva/OC3_chla_S3B_20190821T101824_sui_geneva.tif
2019-08-25T10:14:00.000+00:00,S3B,2.74927,2.22406,10.9575,50,https://eawagrs.s3.eu-central-1.amazonaws.com/alplakes/cropped/sentinel3/geneva/OC3_chla_S3B_20190825T101439_sui_geneva.tif
2019-08-27T09:22:00.000+00:00,S3B,2.92103,2.92103,2.92103,1,https://eawagrs.s3.eu-central-1.amazonaws.com/alplakes/cropped/sentinel3/geneva/OC3_chla_S3B_20190827T092217_sui_geneva.tif
2019-08-26T09:48:00.000+00:00,S3B,2.72323,2.24579,9.16225,35,https://eawagrs.s3.eu-central-1.amazonaws.com/alplakes/cropped/sentinel3/geneva/OC3_chla_S3B_20190826T094828_sui_geneva.tif
2019-08-29T10:10:00.000+00:00,S3B,2.8915,2.46362,3.15227,1,https://eawagrs.s3.eu-central-1.amazonaws.com/alplakes/cropped/sentinel3/geneva/OC3_chla_S3B_20190829T101054_sui_geneva.tif
2019-08-30T09:44:00.000+00:00,S3B,2.65115,2.56254,2.79527,1,https://eawagrs.s3.eu-central-1.amazonaws.com/alplakes/cropped/sentinel3/geneva/OC3_chla_S3B_20190830T094443_sui_geneva.tif
2019-09-03T09:40:00.000+00:00,S3B,2.50629,2.04257,6.94147,35,https://eawagrs.s3.eu-central-1.amazonaws.com/alplakes/cropped/sentinel3/geneva/OC3_chla_S3B_20190903T094059_sui_geneva.tif
2019-09-13T10:22:00.000+00:00,S3B,1.88371,1.10174,10.48735,31,https://eawagrs.s3.eu-central-1.amazonaws.com/alplakes/cropped/sentinel3/geneva/OC3_chla_S3B_20190913T102207_sui_geneva.tif
2019-09-14T09:55:00.000+00:00,S3B,8.68024,4.35463,10.96068,1,https://eawagrs.s3.eu-central-1.amazonaws.com/alplakes/cropped/sentinel3/geneva/OC3_chla_S3B_20190914T095556_sui_geneva.tif
2019-09-17T10:18:00.000+00:00,S3B,2.57978,1.40182,8.64389,1,https://eawagrs.s3.eu-central-1.amazonaws.com/alplakes/cropped/sentinel3/geneva/OC3_chla_S3B_20190917T101823_sui_geneva.tif
2019-09-21T10:14:00.000+00:00,S3B,2.66743,1.40577,9.8043,1,https://eawagrs.s3.eu-central-1.amazonaws.com/alplakes/cropped/sentinel3/geneva/OC3_chla_S3B_20190921T101438_sui_geneva.tif
2019-09-25T10:10:00.000+00:00,S3B,4.31639,1.79855,10.81726,1,https://eawagrs.s3.eu-central-1.amazonaws.com/alplakes/cropped/sentinel3/geneva/OC3_chla_S3B_20190925T101053_sui_geneva.tif
2019-09-29T10:07:00.000+00:00,S3B,2.15847,1.21089,9.70458,52,https://eawagrs.s3.eu-central-1.amazonaws.com/alplakes/cropped/sentinel3/geneva/OC3_chla_S3B_20190929T100709_sui_geneva.tif
2019-09-30T09:40:00.000+00:00,S3B,2.32212,1.76619,9.07982,20,https://eawagrs.s3.eu-central-1.amazonaws.com/alplakes/cropped/sentinel3/geneva/OC3_chla_S3B_20190930T094057_sui_geneva.tif
2019-10-03T10:03:00.000+00:00,S3B,2.29318,1.59974,9.13406,69,https://eawagrs.s3.eu-central-1.amazonaws.com/alplakes/cropped/sentinel3/geneva/OC3_chla_S3B_20191003T100324_sui_geneva.tif
2019-10-07T09:59:00.000+00:00,S3B,2.41659,1.60195,8.32652,23,https://eawagrs.s3.eu-central-1.amazonaws.com/alplakes/cropped/sentinel3/geneva/OC3_chla_S3B_20191007T095939_sui_geneva.tif
2019-10-10T10:22:00.000+00:00,S3B,2.42289,1.71608,9.13142,3,https://eawagrs.s3.eu-central-1.amazonaws.com/alplakes/cropped/sentinel3/geneva/OC3_chla_S3B_20191010T102205_sui_geneva.tif
2019-10-11T09:55:00.000+00:00,S3B,2.43616,1.78712,9.2253,50,https://eawagrs.s3.eu-central-1.amazonaws.com/alplakes/cropped/sentinel3/geneva/OC3_chla_S3B_20191011T095554_sui_geneva.tif
2019-10-12T09:29:00.000+00:00,S3B,2.52365,2.52365,2.52365,1,https://eawagrs.s3.eu-central-1.amazonaws.com/alplakes/cropped/sentinel3/geneva/OC3_chla_S3B_20191012T092942_sui_geneva.tif
2019-10-14T10:18:00.000+00:00,S3B,2.43115,1.78002,9.70284,8,https://eawagrs.s3.eu-central-1.amazonaws.com/alplakes/cropped/sentinel3/geneva/OC3_chla_S3B_20191014T101819_sui_geneva.tif
2019-10-16T09:25:00.000+00:00,S3B,2.85552,2.09912,7.32524,2,https://eawagrs.s3.eu-central-1.amazonaws.com/alplakes/cropped/sentinel3/geneva/OC3_chla_S3B_20191016T092557_sui_geneva.tif
2019-10-26T10:07:00.000+00:00,S3B,2.89651,2.0402,10.49193,19,https://eawagrs.s3.eu-central-1.amazonaws.com/alplakes/cropped/sentinel3/geneva/OC3_chla_S3B_20191026T100707_sui_geneva.tif
2019-11-06T10:22:00.000+00:00,S3B,4.05017,2.22686,8.82733,1,https://eawagrs.s3.eu-central-1.amazonaws.com/alplakes/cropped/sentinel3/geneva/OC3_chla_S3B_20191106T102207_sui_geneva.tif
2019-11-10T10:18:00.000+00:00,S3B,3.16646,2.61878,4.26181,1,https://eawagrs.s3.eu-central-1.amazonaws.com/alplakes/cropped/sentinel3/geneva/OC3_chla_S3B_20191110T101823_sui_geneva.tif
2019-11-12T09:26:00.000+00:00,S3B,7.1659,3.11756,11.5731,35,https://eawagrs.s3.eu-central-1.amazonaws.com/alplakes/cropped/sentinel3/geneva/OC3_chla_S3B_20191112T092602_sui_geneva.tif
2019-11-15T09:48:00.000+00:00,S3B,3.71172,2.11822,9.67758,16,https://eawagrs.s3.eu-central-1.amazonaws.com/alplakes/cropped/sentinel3/geneva/OC3_chla_S3B_20191115T094828_sui_geneva.tif
2019-11-16T09:22:00.000+00:00,S3B,6.25176,5.32029,7.20552,1,https://eawagrs.s3.eu-central-1.amazonaws.com/alplakes/cropped/sentinel3/geneva/OC3_chla_S3B_20191116T092218_sui_geneva.tif
2019-11-19T09:44:00.000+00:00,S3B,5.31712,2.30953,10.31256,22,https://eawagrs.s3.eu-central-1.amazonaws.com/alplakes/cropped/sentinel3/geneva/OC3_chla_S3B_20191119T094444_sui_geneva.tif
2019-11-22T10:07:00.000+00:00,S3B,6.44472,2.60682,11.23579,7,https://eawagrs.s3.eu-central-1.amazonaws.com/alplakes/cropped/sentinel3/geneva/OC3_chla_S3B_20191122T100711_sui_geneva.tif
2019-11-18T10:10:00.000+00:00,S3B,5.25689,2.02919,11.35551,6,https://eawagrs.s3.eu-central-1.amazonaws.com/alplakes/cropped/sentinel3/geneva/OC3_chla_S3B_20191118T101055_sui_geneva.tif
2019-11-30T09:59:00.000+00:00,S3B,8.25223,2.26728,14.30122,15,https://eawagrs.s3.eu-central-1.amazonaws.com/alplakes/cropped/sentinel3/geneva/OC3_chla_S3B_20191130T095943_sui_geneva.tif
2019-11-27T09:37:00.000+00:00,S3B,9.03575,8.76685,9.57357,1,https://eawagrs.s3.eu-central-1.amazonaws.com/alplakes/cropped/sentinel3/geneva/OC3_chla_S3B_20191127T093716_sui_geneva.tif
2019-12-03T10:22:00.000+00:00,S3B,7.62952,3.72742,10.0387,1,https://eawagrs.s3.eu-central-1.amazonaws.com/alplakes/cropped/sentinel3/geneva/OC3_chla_S3B_20191203T102209_sui_geneva.tif
2019-12-04T09:55:00.000+00:00,S3B,7.75578,2.31548,11.60427,6,https://eawagrs.s3.eu-central-1.amazonaws.com/alplakes/cropped/sentinel3/geneva/OC3_chla_S3B_20191204T095558_sui_geneva.tif
2019-12-08T09:52:00.000+00:00,S3B,7.40284,2.63308,11.09817,7,https://eawagrs.s3.eu-central-1.amazonaws.com/alplakes/cropped/sentinel3/geneva/OC3_chla_S3B_20191208T095214_sui_geneva.tif
2019-12-07T10:18:00.000+00:00,S3B,7.9281,0.16076,18.47792,12,https://eawagrs.s3.eu-central-1.amazonaws.com/alplakes/cropped/sentinel3/geneva/OC3_chla_S3B_20191207T101825_sui_geneva.tif
2019-12-12T09:48:00.000+00:00,S3B,2.16138,0,13.6841,1,https://eawagrs.s3.eu-central-1.amazonaws.com/alplakes/cropped/sentinel3/geneva/OC3_chla_S3B_20191212T094829_sui_geneva.tif
2019-12-13T09:22:00.000+00:00,S3B,11.80866,2.20215,15.90355,1,https://eawagrs.s3.eu-central-1.amazonaws.com/alplakes/cropped/sentinel3/geneva/OC3_chla_S3B_20191213T092218_sui_geneva.tif
2019-12-15T10:10:00.000+00:00,S3B,10.65587,9.00676,11.912,1,https://eawagrs.s3.eu-central-1.amazonaws.com/alplakes/cropped/sentinel3/geneva/OC3_chla_S3B_20191215T101055_sui_geneva.tif
2019-12-19T10:07:00.000+00:00,S3B,10.57676,4.04253,14.70469,5,https://eawagrs.s3.eu-central-1.amazonaws.com/alplakes/cropped/sentinel3/geneva/OC3_chla_S3B_20191219T100711_sui_geneva.tif
2019-12-23T10:03:00.000+00:00,S3B,10.37624,5.48067,14.294,2,https://eawagrs.s3.eu-central-1.amazonaws.com/alplakes/cropped/sentinel3/geneva/OC3_chla_S3B_20191223T100326_sui_geneva.tif
2019-12-26T10:25:00.000+00:00,S3B,8.41809,3.27553,12.89674,4,https://eawagrs.s3.eu-central-1.amazonaws.com/alplakes/cropped/sentinel3/geneva/OC3_chla_S3B_20191226T102553_sui_geneva.tif
2019-12-28T09:33:00.000+00:00,S3B,8.07913,2.56456,12.05719,11,https://eawagrs.s3.eu-central-1.amazonaws.com/alplakes/cropped/sentinel3/geneva/OC3_chla_S3B_20191228T093331_sui_geneva.tif
2019-12-30T10:22:00.000+00:00,S3B,9.49241,5.89088,12.36957,1,https://eawagrs.s3.eu-central-1.amazonaws.com/alplakes/cropped/sentinel3/geneva/OC3_chla_S3B_20191230T102208_sui_geneva.tif
2019-12-31T09:55:00.000+00:00,S3B,11.28261,6.36045,13.93362,1,https://eawagrs.s3.eu-central-1.amazonaws.com/alplakes/cropped/sentinel3/geneva/OC3_chla_S3B_20191231T095557_sui_geneva.tif
2020-01-03T10:18:00.000+00:00,S3B,4.94878,1.93027,11.25885,2,https://eawagrs.s3.eu-central-1.amazonaws.com/alplakes/cropped/sentinel3/geneva/OC3_chla_S3B_20200103T101824_sui_geneva.tif
2020-01-04T09:52:00.000+00:00,S3B,6.23428,2.13959,12.61789,7,https://eawagrs.s3.eu-central-1.amazonaws.com/alplakes/cropped/sentinel3/geneva/OC3_chla_S3B_20200104T095213_sui_geneva.tif
2020-01-05T09:26:00.000+00:00,S3B,9.73785,4.74706,14.54499,6,https://eawagrs.s3.eu-central-1.amazonaws.com/alplakes/cropped/sentinel3/geneva/OC3_chla_S3B_20200105T092602_sui_geneva.tif
2020-01-07T10:14:00.000+00:00,S3B,4.04621,1.71723,10.762,8,https://eawagrs.s3.eu-central-1.amazonaws.com/alplakes/cropped/sentinel3/geneva/OC3_chla_S3B_20200107T101439_sui_geneva.tif
2020-01-08T09:48:00.000+00:00,S3B,6.22678,2.411,11.39739,2,https://eawagrs.s3.eu-central-1.amazonaws.com/alplakes/cropped/sentinel3/geneva/OC3_chla_S3B_20200108T094828_sui_geneva.tif
2020-01-09T09:22:00.000+00:00,S3B,11.77715,8.43996,36.03053,3,https://eawagrs.s3.eu-central-1.amazonaws.com/alplakes/cropped/sentinel3/geneva/OC3_chla_S3B_20200109T092217_sui_geneva.tif
2020-01-12T09:44:00.000+00:00,S3B,5.28806,1.1603,11.31379,15,https://eawagrs.s3.eu-central-1.amazonaws.com/alplakes/cropped/sentinel3/geneva/OC3_chla_S3B_20200112T094443_sui_geneva.tif
2020-01-11T10:10:00.000+00:00,S3B,3.54931,1.29667,12.17976,16,https://eawagrs.s3.eu-central-1.amazonaws.com/alplakes/cropped/sentinel3/geneva/OC3_chla_S3B_20200111T101054_sui_geneva.tif
2020-01-16T09:40:00.000+00:00,S3B,8.58371,2.62787,12.29927,5,https://eawagrs.s3.eu-central-1.amazonaws.com/alplakes/cropped/sentinel3/geneva/OC3_chla_S3B_20200116T094058_sui_geneva.tif
2020-01-19T10:03:00.000+00:00,S3B,4.209,0.41955,25.07299,32,https://eawagrs.s3.eu-central-1.amazonaws.com/alplakes/cropped/sentinel3/geneva/OC3_chla_S3B_20200119T100324_sui_geneva.tif
2020-01-22T10:25:00.000+00:00,S3B,3.26186,0,13.45989,2,https://eawagrs.s3.eu-central-1.amazonaws.com/alplakes/cropped/sentinel3/geneva/OC3_chla_S3B_20200122T102551_sui_geneva.tif
2020-01-15T10:07:00.000+00:00,S3B,3.74098,1.27299,10.90888,15,https://eawagrs.s3.eu-central-1.amazonaws.com/alplakes/cropped/sentinel3/geneva/OC3_chla_S3B_20200115T100709_sui_geneva.tif
2020-01-23T09:59:00.000+00:00,S3B,7.22495,7.22495,7.22495,1,https://eawagrs.s3.eu-central-1.amazonaws.com/alplakes/cropped/sentinel3/geneva/OC3_chla_S3B_20200123T095940_sui_geneva.tif
2020-01-20T09:37:00.000+00:00,S3B,4.1259,1.0211,14.7657,18,https://eawagrs.s3.eu-central-1.amazonaws.com/alplakes/cropped/sentinel3/geneva/OC3_chla_S3B_20200120T093713_sui_geneva.tif
2020-01-31T09:52:00.000+00:00,S3B,4.53408,2.04651,9.53852,1,https://eawagrs.s3.eu-central-1.amazonaws.com/alplakes/cropped/sentinel3/geneva/OC3_chla_S3B_20200131T095210_sui_geneva.tif
2020-01-30T10:18:00.000+00:00,S3B,6.98082,2.73466,8.8437,1,https://eawagrs.s3.eu-central-1.amazonaws.com/alplakes/cropped/sentinel3/geneva/OC3_chla_S3B_20200130T101821_sui_geneva.tif
2020-02-04T09:48:00.000+00:00,S3B,5.24522,2.03962,13.37531,2,https://eawagrs.s3.eu-central-1.amazonaws.com/alplakes/cropped/sentinel3/geneva/OC3_chla_S3B_20200204T094824_sui_geneva.tif
2020-02-05T09:22:00.000+00:00,S3B,7.41438,2.19357,13.50135,26,https://eawagrs.s3.eu-central-1.amazonaws.com/alplakes/cropped/sentinel3/geneva/OC3_chla_S3B_20200205T092213_sui_geneva.tif
2020-02-08T09:44:00.000+00:00,S3B,2.88095,1.47228,10.53426,7,https://eawagrs.s3.eu-central-1.amazonaws.com/alplakes/cropped/sentinel3/geneva/OC3_chla_S3B_20200208T094441_sui_geneva.tif
2020-02-07T10:10:00.000+00:00,S3B,2.21089,0.31557,13.09436,26,https://eawagrs.s3.eu-central-1.amazonaws.com/alplakes/cropped/sentinel3/geneva/OC3_chla_S3B_20200207T101051_sui_geneva.tif
2020-02-09T09:18:00.000+00:00,S3B,3.1857,1.11389,8.90354,1,https://eawagrs.s3.eu-central-1.amazonaws.com/alplakes/cropped/sentinel3/geneva/OC3_chla_S3B_20200209T091830_sui_geneva.tif
2020-02-11T10:07:00.000+00:00,S3B,3.06891,2.17888,4.06682,1,https://eawagrs.s3.eu-central-1.amazonaws.com/alplakes/cropped/sentinel3/geneva/OC3_chla_S3B_20200211T100708_sui_geneva.tif
2020-02-12T09:40:00.000+00:00,S3B,3.1743,1.12754,10.79171,9,https://eawagrs.s3.eu-central-1.amazonaws.com/alplakes/cropped/sentinel3/geneva/OC3_chla_S3B_20200212T094057_sui_geneva.tif
2020-02-15T10:03:00.000+00:00,S3B,2.00215,0.72209,9.28507,32,https://eawagrs.s3.eu-central-1.amazonaws.com/alplakes/cropped/sentinel3/geneva/OC3_chla_S3B_20200215T100324_sui_geneva.tif
2020-02-18T10:25:00.000+00:00,S3B,1.9265,0.71468,8.55114,37,https://eawagrs.s3.eu-central-1.amazonaws.com/alplakes/cropped/sentinel3/geneva/OC3_chla_S3B_20200218T102551_sui_geneva.tif
2020-02-20T09:33:00.000+00:00,S3B,2.71547,1.72528,9.29886,6,https://eawagrs.s3.eu-central-1.amazonaws.com/alplakes/cropped/sentinel3/geneva/OC3_chla_S3B_20200220T093329_sui_geneva.tif
2020-02-22T10:22:00.000+00:00,S3B,2.28337,1.42801,10.73519,45,https://eawagrs.s3.eu-central-1.amazonaws.com/alplakes/cropped/sentinel3/geneva/OC3_chla_S3B_20200222T102207_sui_geneva.tif
2020-02-23T09:55:00.000+00:00,S3B,3.51995,1.65889,14.55416,35,https://eawagrs.s3.eu-central-1.amazonaws.com/alplakes/cropped/sentinel3/geneva/OC3_chla_S3B_20200223T095556_sui_geneva.tif
2020-02-19T09:59:00.000+00:00,S3B,2.93832,0.7458,11.1011,14,https://eawagrs.s3.eu-central-1.amazonaws.com/alplakes/cropped/sentinel3/geneva/OC3_chla_S3B_20200219T095940_sui_geneva.tif
2020-02-24T09:29:00.000+00:00,S3B,6.31516,2.12174,11.49446,50,https://eawagrs.s3.eu-central-1.amazonaws.com/alplakes/cropped/sentinel3/geneva/OC3_chla_S3B_20200224T092945_sui_geneva.tif
2020-02-26T10:18:00.000+00:00,S3B,1.9126,1.9126,1.9126,1,https://eawagrs.s3.eu-central-1.amazonaws.com/alplakes/cropped/sentinel3/geneva/OC3_chla_S3B_20200226T101823_sui_geneva.tif
2020-02-28T09:26:00.000+00:00,S3B,4.65381,1.72906,12.43247,54,https://eawagrs.s3.eu-central-1.amazonaws.com/alplakes/cropped/sentinel3/geneva/OC3_chla_S3B_20200228T092602_sui_geneva.tif
2020-03-01T10:14:00.000+00:00,S3B,2.52385,0.75506,14.66938,63,https://eawagrs.s3.eu-central-1.amazonaws.com/alplakes/cropped/sentinel3/geneva/OC3_chla_S3B_20200301T101439_sui_geneva.tif
2020-03-03T09:22:00.000+00:00,S3B,2.31381,0,8.81769,19,https://eawagrs.s3.eu-central-1.amazonaws.com/alplakes/cropped/sentinel3/geneva/OC3_chla_S3B_20200303T092218_sui_geneva.tif
2020-03-07T09:18:00.000+00:00,S3B,2.90379,1.84649,8.52373,11,https://eawagrs.s3.eu-central-1.amazonaws.com/alplakes/cropped/sentinel3/geneva/OC3_chla_S3B_20200307T091833_sui_geneva.tif
2020-03-06T09:44:00.000+00:00,S3B,2.76903,0.71316,29.26906,18,https://eawagrs.s3.eu-central-1.amazonaws.com/alplakes/cropped/sentinel3/geneva/OC3_chla_S3B_20200306T094444_sui_geneva.tif
2020-03-09T10:07:00.000+00:00,S3B,2.92401,1.60568,9.85507,7,https://eawagrs.s3.eu-central-1.amazonaws.com/alplakes/cropped/sentinel3/geneva/OC3_chla_S3B_20200309T100711_sui_geneva.tif
2020-03-14T09:37:00.000+00:00,S3B,6.92658,3.97882,8.40823,1,https://eawagrs.s3.eu-central-1.amazonaws.com/alplakes/cropped/sentinel3/geneva/OC3_chla_S3B_20200314T093716_sui_geneva.tif
2020-03-13T10:03:00.000+00:00,S3B,5.25299,2.27831,8.57932,1,https://eawagrs.s3.eu-central-1.amazonaws.com/alplakes/cropped/sentinel3/geneva/OC3_chla_S3B_20200313T100327_sui_geneva.tif
2020-03-16T10:25:00.000+00:00,S3B,5.7421,2.36699,9.57255,72,https://eawagrs.s3.eu-central-1.amazonaws.com/alplakes/cropped/sentinel3/geneva/OC3_chla_S3B_20200316T102554_sui_geneva.tif
2020-03-20T10:22:00.000+00:00,S3B,5.72883,2.68379,9.10556,28,https://eawagrs.s3.eu-central-1.amazonaws.com/alplakes/cropped/sentinel3/geneva/OC3_chla_S3B_20200320T102209_sui_geneva.tif
2020-03-21T09:55:00.000+00:00,S3B,5.04578,2.74127,13.85259,49,https://eawagrs.s3.eu-central-1.amazonaws.com/alplakes/cropped/sentinel3/geneva/OC3_chla_S3B_20200321T095558_sui_geneva.tif
2020-03-18T09:33:00.000+00:00,S3B,7.46704,2.85377,12.51218,71,https://eawagrs.s3.eu-central-1.amazonaws.com/alplakes/cropped/sentinel3/geneva/OC3_chla_S3B_20200318T093332_sui_geneva.tif
2020-03-17T09:59:00.000+00:00,S3B,7.04009,3.08769,12.04556,64,https://eawagrs.s3.eu-central-1.amazonaws.com/alplakes/cropped/sentinel3/geneva/OC3_chla_S3B_20200317T095943_sui_geneva.tif
2020-03-24T10:18:00.000+00:00,S3B,2.57152,1.13352,9.35669,72,https://eawagrs.s3.eu-central-1.amazonaws.com/alplakes/cropped/sentinel3/geneva/OC3_chla_S3B_20200324T101825_sui_geneva.tif
2020-03-25T09:52:00.000+00:00,S3B,2.66749,1.61565,12.53926,74,https://eawagrs.s3.eu-central-1.amazonaws.com/alplakes/cropped/sentinel3/geneva/OC3_chla_S3B_20200325T095214_sui_geneva.tif
2020-03-28T10:14:00.000+00:00,S3B,3.25024,2.15278,13.36522,10,https://eawagrs.s3.eu-central-1.amazonaws.com/alplakes/cropped/sentinel3/geneva/OC3_chla_S3B_20200328T101441_sui_geneva.tif
2020-03-26T09:26:00.000+00:00,S3B,2.63382,1.68843,11.61934,36,https://eawagrs.s3.eu-central-1.amazonaws.com/alplakes/cropped/sentinel3/geneva/OC3_chla_S3B_20200326T092603_sui_geneva.tif
2020-03-29T09:48:00.000+00:00,S3B,4.91326,2.78092,10.85421,1,https://eawagrs.s3.eu-central-1.amazonaws.com/alplakes/cropped/sentinel3/geneva/OC3_chla_S3B_20200329T094830_sui_geneva.tif
2020-04-01T10:10:00.000+00:00,S3B,2.3713,1.48552,12.3706,83,https://eawagrs.s3.eu-central-1.amazonaws.com/alplakes/cropped/sentinel3/geneva/OC3_chla_S3B_20200401T101056_sui_geneva.tif
2020-04-03T09:18:00.000+00:00,S3B,3.59805,2.01938,12.10061,16,https://eawagrs.s3.eu-central-1.amazonaws.com/alplakes/cropped/sentinel3/geneva/OC3_chla_S3B_20200403T091834_sui_geneva.tif
2020-04-02T09:44:00.000+00:00,S3B,2.52249,1.52509,12.33272,71,https://eawagrs.s3.eu-central-1.amazonaws.com/alplakes/cropped/sentinel3/geneva/OC3_chla_S3B_20200402T094445_sui_geneva.tif
2020-04-05T10:07:00.000+00:00,S3B,4.1649,2.22997,14.09924,89,https://eawagrs.s3.eu-central-1.amazonaws.com/alplakes/cropped/sentinel3/geneva/OC3_chla_S3B_20200405T100712_sui_geneva.tif
2020-04-06T09:41:00.000+00:00,S3B,4.32439,2.27555,10.2973,75,https://eawagrs.s3.eu-central-1.amazonaws.com/alplakes/cropped/sentinel3/geneva/OC3_chla_S3B_20200406T094101_sui_geneva.tif
2020-04-09T10:03:00.000+00:00,S3B,6.23792,3.33396,16.16599,89,https://eawagrs.s3.eu-central-1.amazonaws.com/alplakes/cropped/sentinel3/geneva/OC3_chla_S3B_20200409T100327_sui_geneva.tif
2020-04-10T09:37:00.000+00:00,S3B,6.11684,3.46755,14.72091,82,https://eawagrs.s3.eu-central-1.amazonaws.com/alplakes/cropped/sentinel3/geneva/OC3_chla_S3B_20200410T093717_sui_geneva.tif
2020-04-12T10:25:00.000+00:00,S3B,5.82355,3.33836,11.65978,73,https://eawagrs.s3.eu-central-1.amazonaws.com/alplakes/cropped/sentinel3/geneva/OC3_chla_S3B_20200412T102555_sui_geneva.tif
2020-04-14T09:33:00.000+00:00,S3B,8.05343,2.21303,11.35861,79,https://eawagrs.s3.eu-central-1.amazonaws.com/alplakes/cropped/sentinel3/geneva/OC3_chla_S3B_20200414T093333_sui_geneva.tif
2020-04-13T09:59:00.000+00:00,S3B,6.87294,3.44499,13.26368,40,https://eawagrs.s3.eu-central-1.amazonaws.com/alplakes/cropped/sentinel3/geneva/OC3_chla_S3B_20200413T095944_sui_geneva.tif
2020-04-16T10:22:00.000+00:00,S3B,6.82106,4.16279,10.105,8,https://eawagrs.s3.eu-central-1.amazonaws.com/alplakes/cropped/sentinel3/geneva/OC3_chla_S3B_20200416T102211_sui_geneva.tif
2020-04-17T09:56:00.000+00:00,S3B,7.65304,3.20036,11.65755,74,https://eawagrs.s3.eu-central-1.amazonaws.com/alplakes/cropped/sentinel3/geneva/OC3_chla_S3B_20200417T095600_sui_geneva.tif
2020-04-18T09:29:00.000+00:00,S3B,7.5386,4.53411,11.27818,69,https://eawagrs.s3.eu-central-1.amazonaws.com/alplakes/cropped/sentinel3/geneva/OC3_chla_S3B_20200418T092949_sui_geneva.tif
2020-04-22T09:26:00.000+00:00,S3B,7.85443,4.01699,10.57891,72,https://eawagrs.s3.eu-central-1.amazonaws.com/alplakes/cropped/sentinel3/geneva/OC3_chla_S3B_20200422T092606_sui_geneva.tif
2020-04-24T10:14:00.000+00:00,S3B,6.0336,3.08705,15.50468,68,https://eawagrs.s3.eu-central-1.amazonaws.com/alplakes/cropped/sentinel3/geneva/OC3_chla_S3B_20200424T101444_sui_geneva.tif
2020-04-25T09:48:00.000+00:00,S3B,3.91711,3.91711,3.91711,1,https://eawagrs.s3.eu-central-1.amazonaws.com/alplakes/cropped/sentinel3/geneva/OC3_chla_S3B_20200425T094833_sui_geneva.tif
2020-04-29T09:44:00.000+00:00,S3B,7.06766,4.38072,9.65908,3,https://eawagrs.s3.eu-central-1.amazonaws.com/alplakes/cropped/sentinel3/geneva/OC3_chla_S3B_20200429T094449_sui_geneva.tif
2020-05-06T10:03:00.000+00:00,S3B,5.29815,2.68869,11.7377,77,https://eawagrs.s3.eu-central-1.amazonaws.com/alplakes/cropped/sentinel3/geneva/OC3_chla_S3B_20200506T100332_sui_geneva.tif
2020-05-07T09:37:00.000+00:00,S3B,4.89944,2.62798,9.37515,79,https://eawagrs.s3.eu-central-1.amazonaws.com/alplakes/cropped/sentinel3/geneva/OC3_chla_S3B_20200507T093721_sui_geneva.tif
2020-05-09T10:25:00.000+00:00,S3B,3.73464,2.44536,10.0271,32,https://eawagrs.s3.eu-central-1.amazonaws.com/alplakes/cropped/sentinel3/geneva/OC3_chla_S3B_20200509T102559_sui_geneva.tif
2020-05-10T09:59:00.000+00:00,S3B,3.99758,2.42713,9.13171,15,https://eawagrs.s3.eu-central-1.amazonaws.com/alplakes/cropped/sentinel3/geneva/OC3_chla_S3B_20200510T095948_sui_geneva.tif
2020-05-17T10:18:00.000+00:00,S3B,4.17351,2.32778,9.5844,72,https://eawagrs.s3.eu-central-1.amazonaws.com/alplakes/cropped/sentinel3/geneva/OC3_chla_S3B_20200517T101830_sui_geneva.tif
2020-05-18T09:52:00.000+00:00,S3B,4.308,2.37751,9.17496,69,https://eawagrs.s3.eu-central-1.amazonaws.com/alplakes/cropped/sentinel3/geneva/OC3_chla_S3B_20200518T095219_sui_geneva.tif
2020-05-19T09:26:00.000+00:00,S3B,4.76785,2.49631,8.70172,53,https://eawagrs.s3.eu-central-1.amazonaws.com/alplakes/cropped/sentinel3/geneva/OC3_chla_S3B_20200519T092609_sui_geneva.tif
2020-05-25T10:11:00.000+00:00,S3B,3.9456,2.43426,8.77048,75,https://eawagrs.s3.eu-central-1.amazonaws.com/alplakes/cropped/sentinel3/geneva/OC3_chla_S3B_20200525T101102_sui_geneva.tif
2020-05-21T10:14:00.000+00:00,S3B,4.20271,2.30863,11.57819,86,https://eawagrs.s3.eu-central-1.amazonaws.com/alplakes/cropped/sentinel3/geneva/OC3_chla_S3B_20200521T101446_sui_geneva.tif
2020-05-26T09:44:00.000+00:00,S3B,3.31631,2.41062,8.88551,34,https://eawagrs.s3.eu-central-1.amazonaws.com/alplakes/cropped/sentinel3/geneva/OC3_chla_S3B_20200526T094451_sui_geneva.tif
2020-05-27T09:18:00.000+00:00,S3B,3.56421,2.24293,5.96747,15,https://eawagrs.s3.eu-central-1.amazonaws.com/alplakes/cropped/sentinel3/geneva/OC3_chla_S3B_20200527T091840_sui_geneva.tif
2020-05-30T09:41:00.000+00:00,S3B,2.64357,2.19339,6.75488,49,https://eawagrs.s3.eu-central-1.amazonaws.com/alplakes/cropped/sentinel3/geneva/OC3_chla_S3B_20200530T094107_sui_geneva.tif
2020-05-29T10:07:00.000+00:00,S3B,2.99416,1.99226,8.57568,83,https://eawagrs.s3.eu-central-1.amazonaws.com/alplakes/cropped/sentinel3/geneva/OC3_chla_S3B_20200529T100718_sui_geneva.tif
2020-06-03T09:37:00.000+00:00,S3B,2.22757,1.92327,7.11542,2,https://eawagrs.s3.eu-central-1.amazonaws.com/alplakes/cropped/sentinel3/geneva/OC3_chla_S3B_20200603T093723_sui_geneva.tif
2020-06-02T10:03:00.000+00:00,S3B,2.32484,1.86542,11.79674,51,https://eawagrs.s3.eu-central-1.amazonaws.com/alplakes/cropped/sentinel3/geneva/OC3_chla_S3B_20200602T100334_sui_geneva.tif
2020-06-06T09:59:00.000+00:00,S3B,3.04593,2.39805,9.34719,2,https://eawagrs.s3.eu-central-1.amazonaws.com/alplakes/cropped/sentinel3/geneva/OC3_chla_S3B_20200606T095950_sui_geneva.tif
2020-06-11T09:29:00.000+00:00,S3B,3.02314,2.36673,5.44405,23,https://eawagrs.s3.eu-central-1.amazonaws.com/alplakes/cropped/sentinel3/geneva/OC3_chla_S3B_20200611T092956_sui_geneva.tif
2020-06-14T09:52:00.000+00:00,S3B,2.76918,2.7522,2.78617,1,https://eawagrs.s3.eu-central-1.amazonaws.com/alplakes/cropped/sentinel3/geneva/OC3_chla_S3B_20200614T095223_sui_geneva.tif
2020-06-15T09:26:00.000+00:00,S3B,3.20756,2.46248,3.95264,1,https://eawagrs.s3.eu-central-1.amazonaws.com/alplakes/cropped/sentinel3/geneva/OC3_chla_S3B_20200615T092612_sui_geneva.tif
2020-06-19T09:22:00.000+00:00,S3B,2.81568,2.28284,7.30347,5,https://eawagrs.s3.eu-central-1.amazonaws.com/alplakes/cropped/sentinel3/geneva/OC3_chla_S3B_20200619T092228_sui_geneva.tif
2020-06-18T09:48:00.000+00:00,S3B,2.6526,2.07758,8.23192,54,https://eawagrs.s3.eu-central-1.amazonaws.com/alplakes/cropped/sentinel3/geneva/OC3_chla_S3B_20200618T094839_sui_geneva.tif
2020-06-21T10:11:00.000+00:00,S3B,2.48656,2.06666,8.56366,63,https://eawagrs.s3.eu-central-1.amazonaws.com/alplakes/cropped/sentinel3/geneva/OC3_chla_S3B_20200621T101105_sui_geneva.tif
2020-06-25T10:07:00.000+00:00,S3B,2.3345,1.89335,8.62117,10,https://eawagrs.s3.eu-central-1.amazonaws.com/alplakes/cropped/sentinel3/geneva/OC3_chla_S3B_20200625T100721_sui_geneva.tif
2020-06-22T09:44:00.000+00:00,S3B,2.39924,1.95982,8.9301,59,https://eawagrs.s3.eu-central-1.amazonaws.com/alplakes/cropped/sentinel3/geneva/OC3_chla_S3B_20200622T094455_sui_geneva.tif
2020-06-23T09:18:00.000+00:00,S3B,2.45308,2.23943,2.56941,1,https://eawagrs.s3.eu-central-1.amazonaws.com/alplakes/cropped/sentinel3/geneva/OC3_chla_S3B_20200623T091844_sui_geneva.tif
2020-06-29T10:03:00.000+00:00,S3B,2.22454,1.01188,7.08847,26,https://eawagrs.s3.eu-central-1.amazonaws.com/alplakes/cropped/sentinel3/geneva/OC3_chla_S3B_20200629T100337_sui_geneva.tif
2020-06-30T09:37:00.000+00:00,S3B,2.07161,1.29913,4.91171,32,https://eawagrs.s3.eu-central-1.amazonaws.com/alplakes/cropped/sentinel3/geneva/OC3_chla_S3B_20200630T093726_sui_geneva.tif
2020-07-02T10:26:00.000+00:00,S3B,1.80248,1.42947,2.14227,2,https://eawagrs.s3.eu-central-1.amazonaws.com/alplakes/cropped/sentinel3/geneva/OC3_chla_S3B_20200702T102604_sui_geneva.tif
2020-07-03T09:59:00.000+00:00,S3B,1.88403,1.64994,2.16727,1,https://eawagrs.s3.eu-central-1.amazonaws.com/alplakes/cropped/sentinel3/geneva/OC3_chla_S3B_20200703T095953_sui_geneva.tif
2020-07-04T09:33:00.000+00:00,S3B,1.93826,1.30782,2.6344,27,https://eawagrs.s3.eu-central-1.amazonaws.com/alplakes/cropped/sentinel3/geneva/OC3_chla_S3B_20200704T093342_sui_geneva.tif
2020-07-07T09:56:00.000+00:00,S3B,1.74585,0.59876,8.49559,64,https://eawagrs.s3.eu-central-1.amazonaws.com/alplakes/cropped/sentinel3/geneva/OC3_chla_S3B_20200707T095609_sui_geneva.tif
2020-07-06T10:22:00.000+00:00,S3B,1.75928,0.95028,2.20602,2,https://eawagrs.s3.eu-central-1.amazonaws.com/alplakes/cropped/sentinel3/geneva/OC3_chla_S3B_20200706T102220_sui_geneva.tif
2020-07-08T09:29:00.000+00:00,S3B,1.65958,0.79525,6.11499,25,https://eawagrs.s3.eu-central-1.amazonaws.com/alplakes/cropped/sentinel3/geneva/OC3_chla_S3B_20200708T092958_sui_geneva.tif
2020-07-11T09:52:00.000+00:00,S3B,1.64713,0.63583,9.4146,43,https://eawagrs.s3.eu-central-1.amazonaws.com/alplakes/cropped/sentinel3/geneva/OC3_chla_S3B_20200711T095224_sui_geneva.tif
2020-07-14T10:14:00.000+00:00,S3B,1.73854,0.89509,8.97967,31,https://eawagrs.s3.eu-central-1.amazonaws.com/alplakes/cropped/sentinel3/geneva/OC3_chla_S3B_20200714T101451_sui_geneva.tif
2020-07-12T09:26:00.000+00:00,S3B,1.70485,0.86186,5.28203,28,https://eawagrs.s3.eu-central-1.amazonaws.com/alplakes/cropped/sentinel3/geneva/OC3_chla_S3B_20200712T092614_sui_geneva.tif
2020-07-18T10:11:00.000+00:00,S3B,2.20342,1.56517,10.07385,45,https://eawagrs.s3.eu-central-1.amazonaws.com/alplakes/cropped/sentinel3/geneva/OC3_chla_S3B_20200718T101107_sui_geneva.tif
2020-07-19T09:44:00.000+00:00,S3B,2.31082,1.69884,9.17405,50,https://eawagrs.s3.eu-central-1.amazonaws.com/alplakes/cropped/sentinel3/geneva/OC3_chla_S3B_20200719T094456_sui_geneva.tif
2020-07-20T09:18:00.000+00:00,S3B,2.65132,2.39387,3.52495,2,https://eawagrs.s3.eu-central-1.amazonaws.com/alplakes/cropped/sentinel3/geneva/OC3_chla_S3B_20200720T091845_sui_geneva.tif
2020-07-22T10:07:00.000+00:00,S3B,2.53176,2.26575,2.98863,3,https://eawagrs.s3.eu-central-1.amazonaws.com/alplakes/cropped/sentinel3/geneva/OC3_chla_S3B_20200722T100722_sui_geneva.tif
2020-07-23T09:41:00.000+00:00,S3B,2.53673,2.09108,8.61294,24,https://eawagrs.s3.eu-central-1.amazonaws.com/alplakes/cropped/sentinel3/geneva/OC3_chla_S3B_20200723T094111_sui_geneva.tif
2020-07-26T10:03:00.000+00:00,S3B,3.62003,2.28038,7.82679,2,https://eawagrs.s3.eu-central-1.amazonaws.com/alplakes/cropped/sentinel3/geneva/OC3_chla_S3B_20200726T100337_sui_geneva.tif
2020-07-27T09:37:00.000+00:00,S3B,2.70378,2.13154,7.33056,72,https://eawagrs.s3.eu-central-1.amazonaws.com/alplakes/cropped/sentinel3/geneva/OC3_chla_S3B_20200727T093726_sui_geneva.tif
2020-07-29T10:26:00.000+00:00,S3B,2.61484,2.33407,3.07543,5,https://eawagrs.s3.eu-central-1.amazonaws.com/alplakes/cropped/sentinel3/geneva/OC3_chla_S3B_20200729T102604_sui_geneva.tif
2020-07-31T09:33:00.000+00:00,S3B,2.44716,2.0702,7.58696,24,https://eawagrs.s3.eu-central-1.amazonaws.com/alplakes/cropped/sentinel3/geneva/OC3_chla_S3B_20200731T093342_sui_geneva.tif
2020-07-30T09:59:00.000+00:00,S3B,2.61881,2.38767,2.8019,1,https://eawagrs.s3.eu-central-1.amazonaws.com/alplakes/cropped/sentinel3/geneva/OC3_chla_S3B_20200730T095953_sui_geneva.tif
2020-08-06T10:18:00.000+00:00,S3B,3.18447,2.25892,9.63865,82,https://eawagrs.s3.eu-central-1.amazonaws.com/alplakes/cropped/sentinel3/geneva/OC3_chla_S3B_20200806T101835_sui_geneva.tif
2020-08-07T09:52:00.000+00:00,S3B,3.29812,2.23398,9.13702,84,https://eawagrs.s3.eu-central-1.amazonaws.com/alplakes/cropped/sentinel3/geneva/OC3_chla_S3B_20200807T095224_sui_geneva.tif
2020-08-08T09:26:00.000+00:00,S3B,3.23503,2.47066,6.04157,20,https://eawagrs.s3.eu-central-1.amazonaws.com/alplakes/cropped/sentinel3/geneva/OC3_chla_S3B_20200808T092614_sui_geneva.tif
2020-08-10T10:14:00.000+00:00,S3B,3.25809,2.69262,4.38232,1,https://eawagrs.s3.eu-central-1.amazonaws.com/alplakes/cropped/sentinel3/geneva/OC3_chla_S3B_20200810T101451_sui_geneva.tif
2020-08-11T09:48:00.000+00:00,S3B,3.30243,2.48996,7.73383,11,https://eawagrs.s3.eu-central-1.amazonaws.com/alplakes/cropped/sentinel3/geneva/OC3_chla_S3B_20200811T094840_sui_geneva.tif
2020-08-14T10:11:00.000+00:00,S3B,3.40172,2.48492,6.66013,29,https://eawagrs.s3.eu-central-1.amazonaws.com/alplakes/cropped/sentinel3/geneva/OC3_chla_S3B_20200814T101107_sui_geneva.tif
2020-08-15T09:44:00.000+00:00,S3B,4.00481,2.47393,10.04829,71,https://eawagrs.s3.eu-central-1.amazonaws.com/alplakes/cropped/sentinel3/geneva/OC3_chla_S3B_20200815T094456_sui_geneva.tif
2020-08-18T10:07:00.000+00:00,S3B,5.00468,2.65016,9.8768,79,https://eawagrs.s3.eu-central-1.amazonaws.com/alplakes/cropped/sentinel3/geneva/OC3_chla_S3B_20200818T100722_sui_geneva.tif
2020-08-19T09:41:00.000+00:00,S3B,3.92375,3.17302,6.45529,1,https://eawagrs.s3.eu-central-1.amazonaws.com/alplakes/cropped/sentinel3/geneva/OC3_chla_S3B_20200819T094111_sui_geneva.tif
2020-08-23T09:37:00.000+00:00,S3B,4.16346,2.44664,8.13587,45,https://eawagrs.s3.eu-central-1.amazonaws.com/alplakes/cropped/sentinel3/geneva/OC3_chla_S3B_20200823T093727_sui_geneva.tif
2020-08-27T09:33:00.000+00:00,S3B,4.17044,2.67347,8.47639,53,https://eawagrs.s3.eu-central-1.amazonaws.com/alplakes/cropped/sentinel3/geneva/OC3_chla_S3B_20200827T093342_sui_geneva.tif
2020-08-26T09:59:00.000+00:00,S3B,4.11495,2.47055,12.39284,70,https://eawagrs.s3.eu-central-1.amazonaws.com/alplakes/cropped/sentinel3/geneva/OC3_chla_S3B_20200826T095953_sui_geneva.tif
2020-08-31T09:29:00.000+00:00,S3B,3.57862,2.23697,8.45637,25,https://eawagrs.s3.eu-central-1.amazonaws.com/alplakes/cropped/sentinel3/geneva/OC3_chla_S3B_20200831T092957_sui_geneva.tif
2020-09-02T10:18:00.000+00:00,S3B,3.56548,2.25031,9.87683,79,https://eawagrs.s3.eu-central-1.amazonaws.com/alplakes/cropped/sentinel3/geneva/OC3_chla_S3B_20200902T101835_sui_geneva.tif
2020-09-03T09:52:00.000+00:00,S3B,4.29956,2.53064,8.8693,24,https://eawagrs.s3.eu-central-1.amazonaws.com/alplakes/cropped/sentinel3/geneva/OC3_chla_S3B_20200903T095224_sui_geneva.tif
2020-09-04T09:26:00.000+00:00,S3B,5.78164,3.07645,9.23448,66,https://eawagrs.s3.eu-central-1.amazonaws.com/alplakes/cropped/sentinel3/geneva/OC3_chla_S3B_20200904T092613_sui_geneva.tif
2020-09-06T10:14:00.000+00:00,S3B,6.51943,5.26284,8.80558,1,https://eawagrs.s3.eu-central-1.amazonaws.com/alplakes/cropped/sentinel3/geneva/OC3_chla_S3B_20200906T101450_sui_geneva.tif
2020-09-07T09:48:00.000+00:00,S3B,3.46313,2.41766,10.70696,29,https://eawagrs.s3.eu-central-1.amazonaws.com/alplakes/cropped/sentinel3/geneva/OC3_chla_S3B_20200907T094839_sui_geneva.tif
2020-09-08T09:22:00.000+00:00,S3B,3.57987,2.42252,7.15608,31,https://eawagrs.s3.eu-central-1.amazonaws.com/alplakes/cropped/sentinel3/geneva/OC3_chla_S3B_20200908T092228_sui_geneva.tif
2020-09-10T10:11:00.000+00:00,S3B,4.07033,2.92059,7.01714,4,https://eawagrs.s3.eu-central-1.amazonaws.com/alplakes/cropped/sentinel3/geneva/OC3_chla_S3B_20200910T101105_sui_geneva.tif
2020-09-11T09:44:00.000+00:00,S3B,5.04741,3.77847,6.88631,1,https://eawagrs.s3.eu-central-1.amazonaws.com/alplakes/cropped/sentinel3/geneva/OC3_chla_S3B_20200911T094454_sui_geneva.tif
2020-09-14T10:07:00.000+00:00,S3B,6.48221,3.89297,9.66891,48,https://eawagrs.s3.eu-central-1.amazonaws.com/alplakes/cropped/sentinel3/geneva/OC3_chla_S3B_20200914T100720_sui_geneva.tif
2020-09-15T09:41:00.000+00:00,S3B,6.99649,3.95759,9.28071,45,https://eawagrs.s3.eu-central-1.amazonaws.com/alplakes/cropped/sentinel3/geneva/OC3_chla_S3B_20200915T094109_sui_geneva.tif
2020-09-18T10:03:00.000+00:00,S3B,4.57612,3.43835,8.80162,2,https://eawagrs.s3.eu-central-1.amazonaws.com/alplakes/cropped/sentinel3/geneva/OC3_chla_S3B_20200918T100335_sui_geneva.tif
2020-09-21T10:26:00.000+00:00,S3B,4.05305,2.64076,6.64729,25,https://eawagrs.s3.eu-central-1.amazonaws.com/alplakes/cropped/sentinel3/geneva/OC3_chla_S3B_20200921T102602_sui_geneva.tif
2020-09-22T09:59:00.000+00:00,S3B,3.91047,2.37118,6.34183,6,https://eawagrs.s3.eu-central-1.amazonaws.com/alplakes/cropped/sentinel3/geneva/OC3_chla_S3B_20200922T095950_sui_geneva.tif
2020-09-26T09:56:00.000+00:00,S3B,3.16581,1.68847,12.98963,28,https://eawagrs.s3.eu-central-1.amazonaws.com/alplakes/cropped/sentinel3/geneva/OC3_chla_S3B_20200926T095605_sui_geneva.tif
2020-09-30T09:52:00.000+00:00,S3B,9.13184,8.12289,10.38011,1,https://eawagrs.s3.eu-central-1.amazonaws.com/alplakes/cropped/sentinel3/geneva/OC3_chla_S3B_20200930T095220_sui_geneva.tif
2020-10-04T09:48:00.000+00:00,S3B,2.64183,2.04579,5.26985,5,https://eawagrs.s3.eu-central-1.amazonaws.com/alplakes/cropped/sentinel3/geneva/OC3_chla_S3B_20201004T094835_sui_geneva.tif
2020-10-08T09:44:00.000+00:00,S3B,2.52926,2.02484,8.41543,23,https://eawagrs.s3.eu-central-1.amazonaws.com/alplakes/cropped/sentinel3/geneva/OC3_chla_S3B_20201008T094450_sui_geneva.tif
2020-10-11T10:07:00.000+00:00,S3B,3.29313,2.19056,10.18892,28,https://eawagrs.s3.eu-central-1.amazonaws.com/alplakes/cropped/sentinel3/geneva/OC3_chla_S3B_20201011T100718_sui_geneva.tif
2020-10-12T09:41:00.000+00:00,S3B,2.99556,2.15964,9.84982,49,https://eawagrs.s3.eu-central-1.amazonaws.com/alplakes/cropped/sentinel3/geneva/OC3_chla_S3B_20201012T094107_sui_geneva.tif
2020-10-07T10:11:00.000+00:00,S3B,5.11568,5.11568,5.11568,1,https://eawagrs.s3.eu-central-1.amazonaws.com/alplakes/cropped/sentinel3/geneva/OC3_chla_S3B_20201007T101101_sui_geneva.tif
2020-10-15T10:03:00.000+00:00,S3B,5.50188,2.28868,10.44693,7,https://eawagrs.s3.eu-central-1.amazonaws.com/alplakes/cropped/sentinel3/geneva/OC3_chla_S3B_20201015T100334_sui_geneva.tif
2020-10-16T09:37:00.000+00:00,S3B,3.09004,2.09481,12.00259,8,https://eawagrs.s3.eu-central-1.amazonaws.com/alplakes/cropped/sentinel3/geneva/OC3_chla_S3B_20201016T093724_sui_geneva.tif
2020-10-18T10:26:00.000+00:00,S3B,2.94384,1.0432,9.09649,3,https://eawagrs.s3.eu-central-1.amazonaws.com/alplakes/cropped/sentinel3/geneva/OC3_chla_S3B_20201018T102602_sui_geneva.tif
2020-10-19T09:59:00.000+00:00,S3B,2.73364,1.86952,10.80214,65,https://eawagrs.s3.eu-central-1.amazonaws.com/alplakes/cropped/sentinel3/geneva/OC3_chla_S3B_20201019T095951_sui_geneva.tif
2020-10-24T09:29:00.000+00:00,S3B,4.36489,2.2677,10.75241,34,https://eawagrs.s3.eu-central-1.amazonaws.com/alplakes/cropped/sentinel3/geneva/OC3_chla_S3B_20201024T092956_sui_geneva.tif
2020-10-30T10:14:00.000+00:00,S3B,3.65305,2.2171,10.25701,35,https://eawagrs.s3.eu-central-1.amazonaws.com/alplakes/cropped/sentinel3/geneva/OC3_chla_S3B_20201030T101451_sui_geneva.tif
2020-10-27T09:52:00.000+00:00,S3B,3.67457,2.01695,9.29082,8,https://eawagrs.s3.eu-central-1.amazonaws.com/alplakes/cropped/sentinel3/geneva/OC3_chla_S3B_20201027T095224_sui_geneva.tif
2020-10-31T09:48:00.000+00:00,S3B,5.67961,2.74032,10.92365,13,https://eawagrs.s3.eu-central-1.amazonaws.com/alplakes/cropped/sentinel3/geneva/OC3_chla_S3B_20201031T094840_sui_geneva.tif
2020-11-11T10:03:00.000+00:00,S3B,8.94887,3.55326,12.83437,29,https://eawagrs.s3.eu-central-1.amazonaws.com/alplakes/cropped/sentinel3/geneva/OC3_chla_S3B_20201111T100339_sui_geneva.tif
2020-11-12T09:37:00.000+00:00,S3B,9.67604,4.54409,13.54217,67,https://eawagrs.s3.eu-central-1.amazonaws.com/alplakes/cropped/sentinel3/geneva/OC3_chla_S3B_20201112T093728_sui_geneva.tif
2020-11-15T09:59:00.000+00:00,S3B,8.91462,4.21124,13.28853,49,https://eawagrs.s3.eu-central-1.amazonaws.com/alplakes/cropped/sentinel3/geneva/OC3_chla_S3B_20201115T095955_sui_geneva.tif
2020-11-14T10:26:00.000+00:00,S3B,8.18209,3.58437,11.83325,47,https://eawagrs.s3.eu-central-1.amazonaws.com/alplakes/cropped/sentinel3/geneva/OC3_chla_S3B_20201114T102605_sui_geneva.tif
2020-11-16T09:33:00.000+00:00,S3B,9.88565,4.76138,13.4874,7,https://eawagrs.s3.eu-central-1.amazonaws.com/alplakes/cropped/sentinel3/geneva/OC3_chla_S3B_20201116T093344_sui_geneva.tif
2020-11-18T10:22:00.000+00:00,S3B,8.40141,3.18064,12.77753,42,https://eawagrs.s3.eu-central-1.amazonaws.com/alplakes/cropped/sentinel3/geneva/OC3_chla_S3B_20201118T102221_sui_geneva.tif
2020-11-20T09:29:00.000+00:00,S3B,10.69544,4.28823,15.80014,13,https://eawagrs.s3.eu-central-1.amazonaws.com/alplakes/cropped/sentinel3/geneva/OC3_chla_S3B_20201120T092959_sui_geneva.tif
2020-11-23T09:52:00.000+00:00,S3B,7.94257,2.98456,12.43308,15,https://eawagrs.s3.eu-central-1.amazonaws.com/alplakes/cropped/sentinel3/geneva/OC3_chla_S3B_20201123T095226_sui_geneva.tif
2020-11-22T10:18:00.000+00:00,S3B,8.08799,2.73258,13.43883,15,https://eawagrs.s3.eu-central-1.amazonaws.com/alplakes/cropped/sentinel3/geneva/OC3_chla_S3B_20201122T101837_sui_geneva.tif
2020-11-26T10:14:00.000+00:00,S3B,8.63401,3.9662,14.00701,5,https://eawagrs.s3.eu-central-1.amazonaws.com/alplakes/cropped/sentinel3/geneva/OC3_chla_S3B_20201126T101452_sui_geneva.tif
2020-11-27T09:48:00.000+00:00,S3B,9.35573,5.56128,12.2976,3,https://eawagrs.s3.eu-central-1.amazonaws.com/alplakes/cropped/sentinel3/geneva/OC3_chla_S3B_20201127T094842_sui_geneva.tif
2020-12-01T09:44:00.000+00:00,S3B,10.5775,10.5775,10.5775,1,https://eawagrs.s3.eu-central-1.amazonaws.com/alplakes/cropped/sentinel3/geneva/OC3_chla_S3B_20201201T094457_sui_geneva.tif
2020-11-28T09:22:00.000+00:00,S3B,11.55177,8.19509,14.65316,8,https://eawagrs.s3.eu-central-1.amazonaws.com/alplakes/cropped/sentinel3/geneva/OC3_chla_S3B_20201128T092231_sui_geneva.tif
2020-12-02T09:18:00.000+00:00,S3B,11.472,5.55901,16.02786,5,https://eawagrs.s3.eu-central-1.amazonaws.com/alplakes/cropped/sentinel3/geneva/OC3_chla_S3B_20201202T091846_sui_geneva.tif
2020-12-08T10:03:00.000+00:00,S3B,9.22749,2.93794,14.49972,15,https://eawagrs.s3.eu-central-1.amazonaws.com/alplakes/cropped/sentinel3/geneva/OC3_chla_S3B_20201208T100338_sui_geneva.tif
2020-12-13T09:33:00.000+00:00,S3B,12.28438,8.56805,15.6623,2,https://eawagrs.s3.eu-central-1.amazonaws.com/alplakes/cropped/sentinel3/geneva/OC3_chla_S3B_20201213T093342_sui_geneva.tif
2020-11-24T09:26:00.000+00:00,S3B,11.13095,7.73252,14.80829,7,https://eawagrs.s3.eu-central-1.amazonaws.com/alplakes/cropped/sentinel3/geneva/OC3_chla_S3B_20201124T092615_sui_geneva.tif
2020-12-16T09:56:00.000+00:00,S3B,9.66424,3.33203,14.91686,5,https://eawagrs.s3.eu-central-1.amazonaws.com/alplakes/cropped/sentinel3/geneva/OC3_chla_S3B_20201216T095608_sui_geneva.tif
2020-12-19T10:18:00.000+00:00,S3B,10.3482,9.3045,11.3919,1,https://eawagrs.s3.eu-central-1.amazonaws.com/alplakes/cropped/sentinel3/geneva/OC3_chla_S3B_20201219T101835_sui_geneva.tif
2020-12-23T10:14:00.000+00:00,S3B,12.51059,9.3317,14.7974,2,https://eawagrs.s3.eu-central-1.amazonaws.com/alplakes/cropped/sentinel3/geneva/OC3_chla_S3B_20201223T101451_sui_geneva.tif
2020-12-31T10:07:00.000+00:00,S3B,10.26016,3.4214,14.74756,3,https://eawagrs.s3.eu-central-1.amazonaws.com/alplakes/cropped/sentinel3/geneva/OC3_chla_S3B_20201231T100722_sui_geneva.tif
2020-12-28T09:44:00.000+00:00,S3B,12.91917,8.44079,16.51179,6,https://eawagrs.s3.eu-central-1.amazonaws.com/alplakes/cropped/sentinel3/geneva/OC3_chla_S3B_20201228T094456_sui_geneva.tif
2020-12-25T09:22:00.000+00:00,S3B,26.64293,9.63655,43.20206,1,https://eawagrs.s3.eu-central-1.amazonaws.com/alplakes/cropped/sentinel3/geneva/OC3_chla_S3B_20201225T092229_sui_geneva.tif
2021-01-01T09:41:00.000+00:00,S3B,22.69783,8.42638,37.01791,1,https://eawagrs.s3.eu-central-1.amazonaws.com/alplakes/cropped/sentinel3/geneva/OC3_chla_S3B_20210101T094112_sui_geneva.tif
2021-01-08T09:59:00.000+00:00,S3B,8.10055,2.13889,19.1293,42,https://eawagrs.s3.eu-central-1.amazonaws.com/alplakes/cropped/sentinel3/geneva/OC3_chla_S3B_20210108T095954_sui_geneva.tif
2021-01-09T09:33:00.000+00:00,S3B,11.40246,8.15948,16.07391,17,https://eawagrs.s3.eu-central-1.amazonaws.com/alplakes/cropped/sentinel3/geneva/OC3_chla_S3B_20210109T093343_sui_geneva.tif
2021-01-07T10:26:00.000+00:00,S3B,7.69349,2.29146,260.70645,9,https://eawagrs.s3.eu-central-1.amazonaws.com/alplakes/cropped/sentinel3/geneva/OC3_chla_S3B_20210107T102604_sui_geneva.tif
2021-01-11T10:22:00.000+00:00,S3B,5.91171,0.00121,14.21659,4,https://eawagrs.s3.eu-central-1.amazonaws.com/alplakes/cropped/sentinel3/geneva/OC3_chla_S3B_20210111T102220_sui_geneva.tif
2021-01-16T09:52:00.000+00:00,S3B,7.65109,2.04933,13.53652,9,https://eawagrs.s3.eu-central-1.amazonaws.com/alplakes/cropped/sentinel3/geneva/OC3_chla_S3B_20210116T095224_sui_geneva.tif
2021-01-23T10:11:00.000+00:00,S3B,5.44842,1.96445,14.02202,22,https://eawagrs.s3.eu-central-1.amazonaws.com/alplakes/cropped/sentinel3/geneva/OC3_chla_S3B_20210123T101105_sui_geneva.tif
2021-01-24T09:44:00.000+00:00,S3B,8.63012,2.18778,15.91725,25,https://eawagrs.s3.eu-central-1.amazonaws.com/alplakes/cropped/sentinel3/geneva/OC3_chla_S3B_20210124T094453_sui_geneva.tif
2021-01-31T10:03:00.000+00:00,S3B,3.6852,2.5477,7.23865,1,https://eawagrs.s3.eu-central-1.amazonaws.com/alplakes/cropped/sentinel3/geneva/OC3_chla_S3B_20210131T100334_sui_geneva.tif
2021-01-19T10:14:00.000+00:00,S3B,5.74541,1.99013,12.8505,32,https://eawagrs.s3.eu-central-1.amazonaws.com/alplakes/cropped/sentinel3/geneva/OC3_chla_S3B_20210119T101450_sui_geneva.tif
2021-02-08T09:56:00.000+00:00,S3B,3.69155,1.7373,12.71036,66,https://eawagrs.s3.eu-central-1.amazonaws.com/alplakes/cropped/sentinel3/geneva/OC3_chla_S3B_20210208T095605_sui_geneva.tif
2021-02-09T09:29:00.000+00:00,S3B,5.81162,1.91612,11.79856,21,https://eawagrs.s3.eu-central-1.amazonaws.com/alplakes/cropped/sentinel3/geneva/OC3_chla_S3B_20210209T092954_sui_geneva.tif
2021-02-11T10:18:00.000+00:00,S3B,2.00787,0.03852,7.31088,2,https://eawagrs.s3.eu-central-1.amazonaws.com/alplakes/cropped/sentinel3/geneva/OC3_chla_S3B_20210211T101832_sui_geneva.tif
2021-02-16T09:48:00.000+00:00,S3B,3.0597,1.53804,10.42772,3,https://eawagrs.s3.eu-central-1.amazonaws.com/alplakes/cropped/sentinel3/geneva/OC3_chla_S3B_20210216T094838_sui_geneva.tif
2021-02-17T09:22:00.000+00:00,S3B,4.93504,2.1951,11.62803,16,https://eawagrs.s3.eu-central-1.amazonaws.com/alplakes/cropped/sentinel3/geneva/OC3_chla_S3B_20210217T092227_sui_geneva.tif
2021-02-19T10:11:00.000+00:00,S3B,3.34386,1.78359,10.76717,3,https://eawagrs.s3.eu-central-1.amazonaws.com/alplakes/cropped/sentinel3/geneva/OC3_chla_S3B_20210219T101105_sui_geneva.tif
2021-02-24T09:41:00.000+00:00,S3B,12.08344,8.2001,14.91448,23,https://eawagrs.s3.eu-central-1.amazonaws.com/alplakes/cropped/sentinel3/geneva/OC3_chla_S3B_20210224T094110_sui_geneva.tif
2021-02-21T09:18:00.000+00:00,S3B,7.56041,2.80633,11.36611,10,https://eawagrs.s3.eu-central-1.amazonaws.com/alplakes/cropped/sentinel3/geneva/OC3_chla_S3B_20210221T091843_sui_geneva.tif
2021-02-20T09:44:00.000+00:00,S3B,3.35342,1.58757,11.93232,53,https://eawagrs.s3.eu-central-1.amazonaws.com/alplakes/cropped/sentinel3/geneva/OC3_chla_S3B_20210220T094454_sui_geneva.tif
2021-02-23T10:07:00.000+00:00,S3B,9.39302,5.54204,12.47107,5,https://eawagrs.s3.eu-central-1.amazonaws.com/alplakes/cropped/sentinel3/geneva/OC3_chla_S3B_20210223T100721_sui_geneva.tif
2021-02-27T10:03:00.000+00:00,S3B,6.13522,1.69691,13.68258,25,https://eawagrs.s3.eu-central-1.amazonaws.com/alplakes/cropped/sentinel3/geneva/OC3_chla_S3B_20210227T100337_sui_geneva.tif
2021-02-28T09:37:00.000+00:00,S3B,8.22491,2.86336,11.54103,4,https://eawagrs.s3.eu-central-1.amazonaws.com/alplakes/cropped/sentinel3/geneva/OC3_chla_S3B_20210228T093726_sui_geneva.tif
2021-03-02T10:26:00.000+00:00,S3B,5.39687,2.14937,10.3512,29,https://eawagrs.s3.eu-central-1.amazonaws.com/alplakes/cropped/sentinel3/geneva/OC3_chla_S3B_20210302T102603_sui_geneva.tif
2021-03-04T09:33:00.000+00:00,S3B,10.6445,5.80935,13.27553,1,https://eawagrs.s3.eu-central-1.amazonaws.com/alplakes/cropped/sentinel3/geneva/OC3_chla_S3B_20210304T093342_sui_geneva.tif
2021-03-07T09:56:00.000+00:00,S3B,5.54279,2.03177,12.21115,19,https://eawagrs.s3.eu-central-1.amazonaws.com/alplakes/cropped/sentinel3/geneva/OC3_chla_S3B_20210307T095608_sui_geneva.tif
2021-03-10T10:18:00.000+00:00,S3B,3.86605,2.27862,11.85853,26,https://eawagrs.s3.eu-central-1.amazonaws.com/alplakes/cropped/sentinel3/geneva/OC3_chla_S3B_20210310T101835_sui_geneva.tif
2021-03-12T09:26:00.000+00:00,S3B,5.18733,1.72836,10.6435,49,https://eawagrs.s3.eu-central-1.amazonaws.com/alplakes/cropped/sentinel3/geneva/OC3_chla_S3B_20210312T092613_sui_geneva.tif
2021-03-14T10:14:00.000+00:00,S3B,2.80391,1.81623,7.44677,2,https://eawagrs.s3.eu-central-1.amazonaws.com/alplakes/cropped/sentinel3/geneva/OC3_chla_S3B_20210314T101451_sui_geneva.tif
2021-03-16T09:22:00.000+00:00,S3B,5.59614,3.86526,8.55856,1,https://eawagrs.s3.eu-central-1.amazonaws.com/alplakes/cropped/sentinel3/geneva/OC3_chla_S3B_20210316T092229_sui_geneva.tif
2021-03-18T10:11:00.000+00:00,S3B,3.49658,0.97922,11.13147,49,https://eawagrs.s3.eu-central-1.amazonaws.com/alplakes/cropped/sentinel3/geneva/OC3_chla_S3B_20210318T101106_sui_geneva.tif
2021-03-20T09:18:00.000+00:00,S3B,5.49618,2.50517,10.1995,15,https://eawagrs.s3.eu-central-1.amazonaws.com/alplakes/cropped/sentinel3/geneva/OC3_chla_S3B_20210320T091845_sui_geneva.tif
2021-03-19T09:44:00.000+00:00,S3B,3.99716,1.69379,11.4648,77,https://eawagrs.s3.eu-central-1.amazonaws.com/alplakes/cropped/sentinel3/geneva/OC3_chla_S3B_20210319T094455_sui_geneva.tif
2021-03-22T10:07:00.000+00:00,S3B,3.00872,1.77268,11.25011,16,https://eawagrs.s3.eu-central-1.amazonaws.com/alplakes/cropped/sentinel3/geneva/OC3_chla_S3B_20210322T100722_sui_geneva.tif
2021-03-23T09:41:00.000+00:00,S3B,3.4698,1.33713,11.26627,75,https://eawagrs.s3.eu-central-1.amazonaws.com/alplakes/cropped/sentinel3/geneva/OC3_chla_S3B_20210323T094111_sui_geneva.tif
2021-03-26T10:03:00.000+00:00,S3B,5.5818,2.54162,12.2065,8,https://eawagrs.s3.eu-central-1.amazonaws.com/alplakes/cropped/sentinel3/geneva/OC3_chla_S3B_20210326T100337_sui_geneva.tif
2021-03-27T09:37:00.000+00:00,S3B,6.7113,2.2127,11.1575,55,https://eawagrs.s3.eu-central-1.amazonaws.com/alplakes/cropped/sentinel3/geneva/OC3_chla_S3B_20210327T093726_sui_geneva.tif
2021-03-29T10:26:00.000+00:00,S3B,6.92308,3.64163,9.68965,23,https://eawagrs.s3.eu-central-1.amazonaws.com/alplakes/cropped/sentinel3/geneva/OC3_chla_S3B_20210329T102604_sui_geneva.tif
2021-03-30T09:59:00.000+00:00,S3B,8.85051,2.85489,14.20167,89,https://eawagrs.s3.eu-central-1.amazonaws.com/alplakes/cropped/sentinel3/geneva/OC3_chla_S3B_20210330T095953_sui_geneva.tif
2021-03-31T09:33:00.000+00:00,S3B,9.27614,4.0232,12.75174,74,https://eawagrs.s3.eu-central-1.amazonaws.com/alplakes/cropped/sentinel3/geneva/OC3_chla_S3B_20210331T093342_sui_geneva.tif
2021-04-02T10:22:00.000+00:00,S3B,9.16897,5.36674,12.65325,52,https://eawagrs.s3.eu-central-1.amazonaws.com/alplakes/cropped/sentinel3/geneva/OC3_chla_S3B_20210402T102219_sui_geneva.tif
2021-04-03T09:56:00.000+00:00,S3B,8.28369,1.93771,16.41048,75,https://eawagrs.s3.eu-central-1.amazonaws.com/alplakes/cropped/sentinel3/geneva/OC3_chla_S3B_20210403T095608_sui_geneva.tif
2021-04-04T09:29:00.000+00:00,S3B,7.86164,2.15683,11.68998,77,https://eawagrs.s3.eu-central-1.amazonaws.com/alplakes/cropped/sentinel3/geneva/OC3_chla_S3B_20210404T092957_sui_geneva.tif
2021-04-07T09:52:00.000+00:00,S3B,7.27022,2.24506,12.31279,81,https://eawagrs.s3.eu-central-1.amazonaws.com/alplakes/cropped/sentinel3/geneva/OC3_chla_S3B_20210407T095223_sui_geneva.tif
2021-04-06T10:18:00.000+00:00,S3B,7.21392,2.12408,10.64908,88,https://eawagrs.s3.eu-central-1.amazonaws.com/alplakes/cropped/sentinel3/geneva/OC3_chla_S3B_20210406T101834_sui_geneva.tif
2021-04-08T09:26:00.000+00:00,S3B,8.48488,4.04187,11.45206,78,https://eawagrs.s3.eu-central-1.amazonaws.com/alplakes/cropped/sentinel3/geneva/OC3_chla_S3B_20210408T092612_sui_geneva.tif
2021-04-11T09:48:00.000+00:00,S3B,7.72362,2.41568,11.48153,70,https://eawagrs.s3.eu-central-1.amazonaws.com/alplakes/cropped/sentinel3/geneva/OC3_chla_S3B_20210411T094838_sui_geneva.tif
2021-04-10T10:14:00.000+00:00,S3B,6.7382,3.95816,12.11607,5,https://eawagrs.s3.eu-central-1.amazonaws.com/alplakes/cropped/sentinel3/geneva/OC3_chla_S3B_20210410T101449_sui_geneva.tif
2021-04-15T09:44:00.000+00:00,S3B,7.87078,2.66432,10.41751,68,https://eawagrs.s3.eu-central-1.amazonaws.com/alplakes/cropped/sentinel3/geneva/OC3_chla_S3B_20210415T094453_sui_geneva.tif
2021-04-14T10:11:00.000+00:00,S3B,7.72232,2.24265,12.38181,84,https://eawagrs.s3.eu-central-1.amazonaws.com/alplakes/cropped/sentinel3/geneva/OC3_chla_S3B_20210414T101104_sui_geneva.tif
2021-04-18T10:07:00.000+00:00,S3B,7.15763,2.40217,12.17509,47,https://eawagrs.s3.eu-central-1.amazonaws.com/alplakes/cropped/sentinel3/geneva/OC3_chla_S3B_20210418T100721_sui_geneva.tif
2021-04-19T09:41:00.000+00:00,S3B,7.40257,2.48672,11.86121,74,https://eawagrs.s3.eu-central-1.amazonaws.com/alplakes/cropped/sentinel3/geneva/OC3_chla_S3B_20210419T094110_sui_geneva.tif
2021-04-16T09:18:00.000+00:00,S3B,8.20067,4.47089,10.89779,14,https://eawagrs.s3.eu-central-1.amazonaws.com/alplakes/cropped/sentinel3/geneva/OC3_chla_S3B_20210416T091843_sui_geneva.tif
2021-04-22T10:03:00.000+00:00,S3B,7.45441,2.79061,12.2762,82,https://eawagrs.s3.eu-central-1.amazonaws.com/alplakes/cropped/sentinel3/geneva/OC3_chla_S3B_20210422T100337_sui_geneva.tif
2021-04-23T09:37:00.000+00:00,S3B,8.09678,3.08909,11.4384,77,https://eawagrs.s3.eu-central-1.amazonaws.com/alplakes/cropped/sentinel3/geneva/OC3_chla_S3B_20210423T093726_sui_geneva.tif
2021-04-25T10:26:00.000+00:00,S3B,6.85421,2.71087,9.38323,60,https://eawagrs.s3.eu-central-1.amazonaws.com/alplakes/cropped/sentinel3/geneva/OC3_chla_S3B_20210425T102604_sui_geneva.tif
2021-04-27T09:33:00.000+00:00,S3B,7.92816,3.39495,10.33231,56,https://eawagrs.s3.eu-central-1.amazonaws.com/alplakes/cropped/sentinel3/geneva/OC3_chla_S3B_20210427T093342_sui_geneva.tif
2021-05-03T10:18:00.000+00:00,S3B,4.02869,2.22008,11.01986,85,https://eawagrs.s3.eu-central-1.amazonaws.com/alplakes/cropped/sentinel3/geneva/OC3_chla_S3B_20210503T101836_sui_geneva.tif
2021-05-05T09:26:00.000+00:00,S3B,5.85618,2.34559,7.61147,1,https://eawagrs.s3.eu-central-1.amazonaws.com/alplakes/cropped/sentinel3/geneva/OC3_chla_S3B_20210505T092615_sui_geneva.tif
2021-05-08T09:48:00.000+00:00,S3B,2.67935,2.17472,9.36362,13,https://eawagrs.s3.eu-central-1.amazonaws.com/alplakes/cropped/sentinel3/geneva/OC3_chla_S3B_20210508T094841_sui_geneva.tif
2021-05-12T09:44:00.000+00:00,S3B,2.41794,2.0367,9.4026,41,https://eawagrs.s3.eu-central-1.amazonaws.com/alplakes/cropped/sentinel3/geneva/OC3_chla_S3B_20210512T094457_sui_geneva.tif
2021-05-20T09:37:00.000+00:00,S3B,4.4609,2.25519,9.82414,76,https://eawagrs.s3.eu-central-1.amazonaws.com/alplakes/cropped/sentinel3/geneva/OC3_chla_S3B_20210520T093729_sui_geneva.tif
2021-05-22T10:26:00.000+00:00,S3B,5.37449,2.92637,13.49234,25,https://eawagrs.s3.eu-central-1.amazonaws.com/alplakes/cropped/sentinel3/geneva/OC3_chla_S3B_20210522T102607_sui_geneva.tif
2021-05-23T09:59:00.000+00:00,S3B,5.6921,2.02791,12.97229,83,https://eawagrs.s3.eu-central-1.amazonaws.com/alplakes/cropped/sentinel3/geneva/OC3_chla_S3B_20210523T095956_sui_geneva.tif
2021-05-27T09:56:00.000+00:00,S3B,4.73185,3.88732,5.57639,1,https://eawagrs.s3.eu-central-1.amazonaws.com/alplakes/cropped/sentinel3/geneva/OC3_chla_S3B_20210527T095613_sui_geneva.tif
2021-05-28T09:30:00.000+00:00,S3B,8.73324,2.66122,13.22237,69,https://eawagrs.s3.eu-central-1.amazonaws.com/alplakes/cropped/sentinel3/geneva/OC3_chla_S3B_20210528T093002_sui_geneva.tif
2021-05-26T10:22:00.000+00:00,S3B,7.13366,3.87813,8.45272,1,https://eawagrs.s3.eu-central-1.amazonaws.com/alplakes/cropped/sentinel3/geneva/OC3_chla_S3B_20210526T102224_sui_geneva.tif
2021-05-31T09:52:00.000+00:00,S3B,9.53928,2.96765,14.72553,86,https://eawagrs.s3.eu-central-1.amazonaws.com/alplakes/cropped/sentinel3/geneva/OC3_chla_S3B_20210531T095229_sui_geneva.tif
2021-06-01T09:26:00.000+00:00,S3B,10.24146,3.87065,14.89345,76,https://eawagrs.s3.eu-central-1.amazonaws.com/alplakes/cropped/sentinel3/geneva/OC3_chla_S3B_20210601T092619_sui_geneva.tif
2021-05-30T10:18:00.000+00:00,S3B,9.09036,2.31905,14.99452,86,https://eawagrs.s3.eu-central-1.amazonaws.com/alplakes/cropped/sentinel3/geneva/OC3_chla_S3B_20210530T101840_sui_geneva.tif
2021-06-03T10:14:00.000+00:00,S3B,9.78332,8.17007,11.88746,16,https://eawagrs.s3.eu-central-1.amazonaws.com/alplakes/cropped/sentinel3/geneva/OC3_chla_S3B_20210603T101457_sui_geneva.tif
2021-06-04T09:48:00.000+00:00,S3B,8.91974,4.03687,11.52448,53,https://eawagrs.s3.eu-central-1.amazonaws.com/alplakes/cropped/sentinel3/geneva/OC3_chla_S3B_20210604T094846_sui_geneva.tif
2021-06-05T09:22:00.000+00:00,S3B,8.83563,4.90294,11.43865,15,https://eawagrs.s3.eu-central-1.amazonaws.com/alplakes/cropped/sentinel3/geneva/OC3_chla_S3B_20210605T092235_sui_geneva.tif
2021-06-07T10:11:00.000+00:00,S3B,5.06722,2.89327,8.83695,8,https://eawagrs.s3.eu-central-1.amazonaws.com/alplakes/cropped/sentinel3/geneva/OC3_chla_S3B_20210607T101113_sui_geneva.tif
2021-06-08T09:45:00.000+00:00,S3B,3.15526,2.34264,10.04773,10,https://eawagrs.s3.eu-central-1.amazonaws.com/alplakes/cropped/sentinel3/geneva/OC3_chla_S3B_20210608T094502_sui_geneva.tif
2021-06-12T09:41:00.000+00:00,S3B,3.22122,2.31348,8.61485,65,https://eawagrs.s3.eu-central-1.amazonaws.com/alplakes/cropped/sentinel3/geneva/OC3_chla_S3B_20210612T094118_sui_geneva.tif
2021-06-11T10:07:00.000+00:00,S3B,3.243,2.25317,10.46041,86,https://eawagrs.s3.eu-central-1.amazonaws.com/alplakes/cropped/sentinel3/geneva/OC3_chla_S3B_20210611T100729_sui_geneva.tif
2021-06-15T10:03:00.000+00:00,S3B,3.79214,2.35212,11.09211,55,https://eawagrs.s3.eu-central-1.amazonaws.com/alplakes/cropped/sentinel3/geneva/OC3_chla_S3B_20210615T100345_sui_geneva.tif
2021-06-16T09:37:00.000+00:00,S3B,3.60285,2.35645,8.1683,68,https://eawagrs.s3.eu-central-1.amazonaws.com/alplakes/cropped/sentinel3/geneva/OC3_chla_S3B_20210616T093735_sui_geneva.tif
2021-06-22T10:22:00.000+00:00,S3B,3.11136,2.29284,8.89384,27,https://eawagrs.s3.eu-central-1.amazonaws.com/alplakes/cropped/sentinel3/geneva/OC3_chla_S3B_20210622T102228_sui_geneva.tif
2021-06-23T09:56:00.000+00:00,S3B,3.12598,2.3048,9.37458,65,https://eawagrs.s3.eu-central-1.amazonaws.com/alplakes/cropped/sentinel3/geneva/OC3_chla_S3B_20210623T095617_sui_geneva.tif
2021-06-26T10:18:00.000+00:00,S3B,3.6544,2.56054,9.27346,12,https://eawagrs.s3.eu-central-1.amazonaws.com/alplakes/cropped/sentinel3/geneva/OC3_chla_S3B_20210626T101844_sui_geneva.tif
2021-06-30T10:15:00.000+00:00,S3B,4.07474,2.3658,8.29792,14,https://eawagrs.s3.eu-central-1.amazonaws.com/alplakes/cropped/sentinel3/geneva/OC3_chla_S3B_20210630T101500_sui_geneva.tif
2021-07-02T09:22:00.000+00:00,S3B,3.42862,2.5038,6.90738,57,https://eawagrs.s3.eu-central-1.amazonaws.com/alplakes/cropped/sentinel3/geneva/OC3_chla_S3B_20210702T092238_sui_geneva.tif
2021-07-08T10:07:00.000+00:00,S3B,2.48492,2.12716,6.90277,6,https://eawagrs.s3.eu-central-1.amazonaws.com/alplakes/cropped/sentinel3/geneva/OC3_chla_S3B_20210708T100731_sui_geneva.tif
2021-07-09T09:41:00.000+00:00,S3B,2.43959,1.96656,6.36581,35,https://eawagrs.s3.eu-central-1.amazonaws.com/alplakes/cropped/sentinel3/geneva/OC3_chla_S3B_20210709T094120_sui_geneva.tif
2021-07-16T10:00:00.000+00:00,S3B,3.37619,2.14967,9.76642,4,https://eawagrs.s3.eu-central-1.amazonaws.com/alplakes/cropped/sentinel3/geneva/OC3_chla_S3B_20210716T100002_sui_geneva.tif
2021-07-17T09:33:00.000+00:00,S3B,2.87952,2.10992,9.04407,19,https://eawagrs.s3.eu-central-1.amazonaws.com/alplakes/cropped/sentinel3/geneva/OC3_chla_S3B_20210717T093351_sui_geneva.tif
2021-07-19T10:22:00.000+00:00,S3B,3.5966,2.26635,14.1,58,https://eawagrs.s3.eu-central-1.amazonaws.com/alplakes/cropped/sentinel3/geneva/OC3_chla_S3B_20210719T102229_sui_geneva.tif
2021-07-20T09:56:00.000+00:00,S3B,3.23584,2.17761,10.11433,70,https://eawagrs.s3.eu-central-1.amazonaws.com/alplakes/cropped/sentinel3/geneva/OC3_chla_S3B_20210720T095618_sui_geneva.tif
2021-07-21T09:30:00.000+00:00,S3B,3.2967,2.76278,3.70019,2,https://eawagrs.s3.eu-central-1.amazonaws.com/alplakes/cropped/sentinel3/geneva/OC3_chla_S3B_20210721T093007_sui_geneva.tif
2021-07-23T10:18:00.000+00:00,S3B,3.07828,2.57532,3.54388,3,https://eawagrs.s3.eu-central-1.amazonaws.com/alplakes/cropped/sentinel3/geneva/OC3_chla_S3B_20210723T101845_sui_geneva.tif
2021-07-31T10:11:00.000+00:00,S3B,2.98408,2.41795,4.2038,2,https://eawagrs.s3.eu-central-1.amazonaws.com/alplakes/cropped/sentinel3/geneva/OC3_chla_S3B_20210731T101117_sui_geneva.tif
2021-08-02T09:18:00.000+00:00,S3B,3.18096,3.18096,3.18096,1,https://eawagrs.s3.eu-central-1.amazonaws.com/alplakes/cropped/sentinel3/geneva/OC3_chla_S3B_20210802T091855_sui_geneva.tif
2021-08-08T10:03:00.000+00:00,S3B,3.04855,2.26564,6.98215,13,https://eawagrs.s3.eu-central-1.amazonaws.com/alplakes/cropped/sentinel3/geneva/OC3_chla_S3B_20210808T100349_sui_geneva.tif
2021-08-11T10:26:00.000+00:00,S3B,3.42245,2.2469,9.5005,35,https://eawagrs.s3.eu-central-1.amazonaws.com/alplakes/cropped/sentinel3/geneva/OC3_chla_S3B_20210811T102615_sui_geneva.tif
2021-08-12T10:00:00.000+00:00,S3B,3.96923,2.29996,10.07306,63,https://eawagrs.s3.eu-central-1.amazonaws.com/alplakes/cropped/sentinel3/geneva/OC3_chla_S3B_20210812T100004_sui_geneva.tif
2021-08-15T10:22:00.000+00:00,S3B,4.06207,2.61962,9.24436,38,https://eawagrs.s3.eu-central-1.amazonaws.com/alplakes/cropped/sentinel3/geneva/OC3_chla_S3B_20210815T102231_sui_geneva.tif
2021-08-17T09:30:00.000+00:00,S3B,5.30607,2.9486,7.80304,12,https://eawagrs.s3.eu-central-1.amazonaws.com/alplakes/cropped/sentinel3/geneva/OC3_chla_S3B_20210817T093009_sui_geneva.tif
2021-08-16T09:56:00.000+00:00,S3B,8.47123,7.79638,8.99745,1,https://eawagrs.s3.eu-central-1.amazonaws.com/alplakes/cropped/sentinel3/geneva/OC3_chla_S3B_20210816T095620_sui_geneva.tif
2021-08-23T10:15:00.000+00:00,S3B,2.72298,2.23801,9.98724,78,https://eawagrs.s3.eu-central-1.amazonaws.com/alplakes/cropped/sentinel3/geneva/OC3_chla_S3B_20210823T101502_sui_geneva.tif
2021-08-27T10:11:00.000+00:00,S3B,3.4077,2.27417,9.19629,57,https://eawagrs.s3.eu-central-1.amazonaws.com/alplakes/cropped/sentinel3/geneva/OC3_chla_S3B_20210827T101118_sui_geneva.tif
2021-08-28T09:45:00.000+00:00,S3B,3.44778,2.18072,7.15759,68,https://eawagrs.s3.eu-central-1.amazonaws.com/alplakes/cropped/sentinel3/geneva/OC3_chla_S3B_20210828T094507_sui_geneva.tif
2021-08-29T09:18:00.000+00:00,S3B,4.10914,2.76806,6.60937,10,https://eawagrs.s3.eu-central-1.amazonaws.com/alplakes/cropped/sentinel3/geneva/OC3_chla_S3B_20210829T091856_sui_geneva.tif
2021-08-31T10:07:00.000+00:00,S3B,4.604,2.34333,9.92165,49,https://eawagrs.s3.eu-central-1.amazonaws.com/alplakes/cropped/sentinel3/geneva/OC3_chla_S3B_20210831T100733_sui_geneva.tif
2021-09-01T09:41:00.000+00:00,S3B,4.59074,2.41979,9.63971,62,https://eawagrs.s3.eu-central-1.amazonaws.com/alplakes/cropped/sentinel3/geneva/OC3_chla_S3B_20210901T094122_sui_geneva.tif
2021-09-04T10:03:00.000+00:00,S3B,8.71303,3.06005,12.63594,40,https://eawagrs.s3.eu-central-1.amazonaws.com/alplakes/cropped/sentinel3/geneva/OC3_chla_S3B_20210904T100348_sui_geneva.tif
2021-09-05T09:37:00.000+00:00,S3B,9.65145,2.71682,14.76867,76,https://eawagrs.s3.eu-central-1.amazonaws.com/alplakes/cropped/sentinel3/geneva/OC3_chla_S3B_20210905T093737_sui_geneva.tif
2021-09-07T10:26:00.000+00:00,S3B,10.14983,5.92496,13.52508,16,https://eawagrs.s3.eu-central-1.amazonaws.com/alplakes/cropped/sentinel3/geneva/OC3_chla_S3B_20210907T102615_sui_geneva.tif
2021-09-08T10:00:00.000+00:00,S3B,9.76705,3.58744,15.34528,83,https://eawagrs.s3.eu-central-1.amazonaws.com/alplakes/cropped/sentinel3/geneva/OC3_chla_S3B_20210908T100004_sui_geneva.tif
2021-09-11T10:22:00.000+00:00,S3B,9.19772,3.11988,12.44043,41,https://eawagrs.s3.eu-central-1.amazonaws.com/alplakes/cropped/sentinel3/geneva/OC3_chla_S3B_20210911T102230_sui_geneva.tif
2021-09-13T09:30:00.000+00:00,S3B,9.47807,4.95395,14.01639,76,https://eawagrs.s3.eu-central-1.amazonaws.com/alplakes/cropped/sentinel3/geneva/OC3_chla_S3B_20210913T093008_sui_geneva.tif
2021-09-12T09:56:00.000+00:00,S3B,8.82193,3.22288,12.79479,85,https://eawagrs.s3.eu-central-1.amazonaws.com/alplakes/cropped/sentinel3/geneva/OC3_chla_S3B_20210912T095619_sui_geneva.tif
2021-09-17T09:26:00.000+00:00,S3B,4.13569,2.52032,8.54532,25,https://eawagrs.s3.eu-central-1.amazonaws.com/alplakes/cropped/sentinel3/geneva/OC3_chla_S3B_20210917T092623_sui_geneva.tif
2021-09-23T10:11:00.000+00:00,S3B,2.79882,2.09849,9.73046,42,https://eawagrs.s3.eu-central-1.amazonaws.com/alplakes/cropped/sentinel3/geneva/OC3_chla_S3B_20210923T101115_sui_geneva.tif
2021-09-24T09:45:00.000+00:00,S3B,3.16671,2.12431,9.97037,76,https://eawagrs.s3.eu-central-1.amazonaws.com/alplakes/cropped/sentinel3/geneva/OC3_chla_S3B_20210924T094504_sui_geneva.tif
2021-09-21T09:22:00.000+00:00,S3B,2.98526,2.52204,3.72747,1,https://eawagrs.s3.eu-central-1.amazonaws.com/alplakes/cropped/sentinel3/geneva/OC3_chla_S3B_20210921T092238_sui_geneva.tif
2021-10-01T10:03:00.000+00:00,S3B,3.36548,2.22457,10.3574,72,https://eawagrs.s3.eu-central-1.amazonaws.com/alplakes/cropped/sentinel3/geneva/OC3_chla_S3B_20211001T100344_sui_geneva.tif
2021-10-02T09:37:00.000+00:00,S3B,4.38219,4.15366,4.63663,1,https://eawagrs.s3.eu-central-1.amazonaws.com/alplakes/cropped/sentinel3/geneva/OC3_chla_S3B_20211002T093733_sui_geneva.tif
2021-10-05T10:00:00.000+00:00,S3B,4.09753,2.26082,12.63067,18,https://eawagrs.s3.eu-central-1.amazonaws.com/alplakes/cropped/sentinel3/geneva/OC3_chla_S3B_20211005T100000_sui_geneva.tif
2021-10-06T09:33:00.000+00:00,S3B,4.36331,2.15345,12.75472,5,https://eawagrs.s3.eu-central-1.amazonaws.com/alplakes/cropped/sentinel3/geneva/OC3_chla_S3B_20211006T093348_sui_geneva.tif
2021-10-08T10:22:00.000+00:00,S3B,2.76646,2.02085,9.54177,16,https://eawagrs.s3.eu-central-1.amazonaws.com/alplakes/cropped/sentinel3/geneva/OC3_chla_S3B_20211008T102226_sui_geneva.tif
2021-10-10T09:30:00.000+00:00,S3B,4.89263,2.37781,8.51547,1,https://eawagrs.s3.eu-central-1.amazonaws.com/alplakes/cropped/sentinel3/geneva/OC3_chla_S3B_20211010T093003_sui_geneva.tif
2021-10-12T10:18:00.000+00:00,S3B,3.40879,2.20751,10.10919,64,https://eawagrs.s3.eu-central-1.amazonaws.com/alplakes/cropped/sentinel3/geneva/OC3_chla_S3B_20211012T101840_sui_geneva.tif
2021-10-09T09:56:00.000+00:00,S3B,3.77369,3.77369,3.77369,1,https://eawagrs.s3.eu-central-1.amazonaws.com/alplakes/cropped/sentinel3/geneva/OC3_chla_S3B_20211009T095614_sui_geneva.tif
2021-10-13T09:52:00.000+00:00,S3B,3.61147,2.02558,8.74684,9,https://eawagrs.s3.eu-central-1.amazonaws.com/alplakes/cropped/sentinel3/geneva/OC3_chla_S3B_20211013T095229_sui_geneva.tif
2021-10-14T09:26:00.000+00:00,S3B,4.78164,2.5143,10.91743,51,https://eawagrs.s3.eu-central-1.amazonaws.com/alplakes/cropped/sentinel3/geneva/OC3_chla_S3B_20211014T092618_sui_geneva.tif
2021-10-16T10:14:00.000+00:00,S3B,3.70797,2.10472,10.53691,77,https://eawagrs.s3.eu-central-1.amazonaws.com/alplakes/cropped/sentinel3/geneva/OC3_chla_S3B_20211016T101455_sui_geneva.tif
2021-10-22T09:18:00.000+00:00,S3B,4.74125,2.41288,9.43317,7,https://eawagrs.s3.eu-central-1.amazonaws.com/alplakes/cropped/sentinel3/geneva/OC3_chla_S3B_20211022T091848_sui_geneva.tif
2021-10-24T10:07:00.000+00:00,S3B,3.19722,2.09821,10.26688,68,https://eawagrs.s3.eu-central-1.amazonaws.com/alplakes/cropped/sentinel3/geneva/OC3_chla_S3B_20211024T100726_sui_geneva.tif
2021-10-18T09:22:00.000+00:00,S3B,5.92625,2.6968,10.38112,61,https://eawagrs.s3.eu-central-1.amazonaws.com/alplakes/cropped/sentinel3/geneva/OC3_chla_S3B_20211018T092233_sui_geneva.tif
2021-10-21T09:44:00.000+00:00,S3B,3.64692,1.57705,17.73493,39,https://eawagrs.s3.eu-central-1.amazonaws.com/alplakes/cropped/sentinel3/geneva/OC3_chla_S3B_20211021T094459_sui_geneva.tif
2021-10-17T09:48:00.000+00:00,S3B,4.04769,2.25982,9.19765,74,https://eawagrs.s3.eu-central-1.amazonaws.com/alplakes/cropped/sentinel3/geneva/OC3_chla_S3B_20211017T094844_sui_geneva.tif
2021-10-20T10:11:00.000+00:00,S3B,3.74165,2.40674,9.5804,17,https://eawagrs.s3.eu-central-1.amazonaws.com/alplakes/cropped/sentinel3/geneva/OC3_chla_S3B_20211020T101110_sui_geneva.tif
2021-10-25T09:41:00.000+00:00,S3B,3.9764,2.12859,8.84624,53,https://eawagrs.s3.eu-central-1.amazonaws.com/alplakes/cropped/sentinel3/geneva/OC3_chla_S3B_20211025T094115_sui_geneva.tif
2021-10-29T09:37:00.000+00:00,S3B,6.3275,2.97316,9.54839,3,https://eawagrs.s3.eu-central-1.amazonaws.com/alplakes/cropped/sentinel3/geneva/OC3_chla_S3B_20211029T093732_sui_geneva.tif
2021-10-28T10:03:00.000+00:00,S3B,3.53567,2.23594,8.92774,2,https://eawagrs.s3.eu-central-1.amazonaws.com/alplakes/cropped/sentinel3/geneva/OC3_chla_S3B_20211028T100343_sui_geneva.tif
2021-10-31T10:26:00.000+00:00,S3B,4.6011,3.9,5.17674,1,https://eawagrs.s3.eu-central-1.amazonaws.com/alplakes/cropped/sentinel3/geneva/OC3_chla_S3B_20211031T102610_sui_geneva.tif
2021-11-02T09:33:00.000+00:00,S3B,7.81018,4.62906,9.88884,1,https://eawagrs.s3.eu-central-1.amazonaws.com/alplakes/cropped/sentinel3/geneva/OC3_chla_S3B_20211102T093348_sui_geneva.tif
2021-11-05T09:56:00.000+00:00,S3B,3.35842,1.99821,10.87716,69,https://eawagrs.s3.eu-central-1.amazonaws.com/alplakes/cropped/sentinel3/geneva/OC3_chla_S3B_20211105T095615_sui_geneva.tif
2021-11-04T10:22:00.000+00:00,S3B,7.08885,2.16017,12.73226,1,https://eawagrs.s3.eu-central-1.amazonaws.com/alplakes/cropped/sentinel3/geneva/OC3_chla_S3B_20211104T102226_sui_geneva.tif
2021-11-06T09:30:00.000+00:00,S3B,4.15377,2.01511,11.44315,45,https://eawagrs.s3.eu-central-1.amazonaws.com/alplakes/cropped/sentinel3/geneva/OC3_chla_S3B_20211106T093004_sui_geneva.tif
2021-11-08T10:18:00.000+00:00,S3B,3.13612,0.49877,11.41648,23,https://eawagrs.s3.eu-central-1.amazonaws.com/alplakes/cropped/sentinel3/geneva/OC3_chla_S3B_20211108T101842_sui_geneva.tif
2021-11-09T09:52:00.000+00:00,S3B,3.04078,1.89932,10.74121,10,https://eawagrs.s3.eu-central-1.amazonaws.com/alplakes/cropped/sentinel3/geneva/OC3_chla_S3B_20211109T095231_sui_geneva.tif
2021-11-20T10:07:00.000+00:00,S3B,7.80967,2.85288,10.88331,1,https://eawagrs.s3.eu-central-1.amazonaws.com/alplakes/cropped/sentinel3/geneva/OC3_chla_S3B_20211120T100729_sui_geneva.tif
2021-11-21T09:41:00.000+00:00,S3B,6.79451,2.93722,10.09212,3,https://eawagrs.s3.eu-central-1.amazonaws.com/alplakes/cropped/sentinel3/geneva/OC3_chla_S3B_20211121T094118_sui_geneva.tif
2021-11-24T10:03:00.000+00:00,S3B,5.83849,3.0229,8.77963,1,https://eawagrs.s3.eu-central-1.amazonaws.com/alplakes/cropped/sentinel3/geneva/OC3_chla_S3B_20211124T100344_sui_geneva.tif
2021-11-27T10:26:00.000+00:00,S3B,6.77844,1.96622,12.31603,1,https://eawagrs.s3.eu-central-1.amazonaws.com/alplakes/cropped/sentinel3/geneva/OC3_chla_S3B_20211127T102610_sui_geneva.tif
2021-11-29T09:33:00.000+00:00,S3B,10.42894,9.1235,11.82299,1,https://eawagrs.s3.eu-central-1.amazonaws.com/alplakes/cropped/sentinel3/geneva/OC3_chla_S3B_20211129T093348_sui_geneva.tif
2021-12-02T09:56:00.000+00:00,S3B,11.06064,8.51124,14.82343,1,https://eawagrs.s3.eu-central-1.amazonaws.com/alplakes/cropped/sentinel3/geneva/OC3_chla_S3B_20211202T095615_sui_geneva.tif
2021-12-03T09:30:00.000+00:00,S3B,10.43215,4.20901,18.34565,14,https://eawagrs.s3.eu-central-1.amazonaws.com/alplakes/cropped/sentinel3/geneva/OC3_chla_S3B_20211203T093004_sui_geneva.tif
2021-12-01T10:22:00.000+00:00,S3B,5.40443,2.11086,13.00221,2,https://eawagrs.s3.eu-central-1.amazonaws.com/alplakes/cropped/sentinel3/geneva/OC3_chla_S3B_20211201T102226_sui_geneva.tif
2021-12-06T09:52:00.000+00:00,S3B,4.94649,1.49107,12.23253,2,https://eawagrs.s3.eu-central-1.amazonaws.com/alplakes/cropped/sentinel3/geneva/OC3_chla_S3B_20211206T095231_sui_geneva.tif
2021-12-07T09:26:00.000+00:00,S3B,11.96408,6.16288,14.78429,2,https://eawagrs.s3.eu-central-1.amazonaws.com/alplakes/cropped/sentinel3/geneva/OC3_chla_S3B_20211207T092620_sui_geneva.tif
2021-12-09T10:14:00.000+00:00,S3B,7.36087,0,111.17789,1,https://eawagrs.s3.eu-central-1.amazonaws.com/alplakes/cropped/sentinel3/geneva/OC3_chla_S3B_20211209T101458_sui_geneva.tif
2021-12-13T10:11:00.000+00:00,S3B,6.86695,2.42267,17.18717,6,https://eawagrs.s3.eu-central-1.amazonaws.com/alplakes/cropped/sentinel3/geneva/OC3_chla_S3B_20211213T101114_sui_geneva.tif
2021-12-14T09:45:00.000+00:00,S3B,8.79893,3.08488,11.8186,1,https://eawagrs.s3.eu-central-1.amazonaws.com/alplakes/cropped/sentinel3/geneva/OC3_chla_S3B_20211214T094503_sui_geneva.tif
2021-12-15T09:18:00.000+00:00,S3B,16.03119,16.03119,16.03119,1,https://eawagrs.s3.eu-central-1.amazonaws.com/alplakes/cropped/sentinel3/geneva/OC3_chla_S3B_20211215T091852_sui_geneva.tif
2021-12-18T09:41:00.000+00:00,S3B,9.95076,5.26194,15.71448,2,https://eawagrs.s3.eu-central-1.amazonaws.com/alplakes/cropped/sentinel3/geneva/OC3_chla_S3B_20211218T094119_sui_geneva.tif
2021-12-21T10:03:00.000+00:00,S3B,7.83735,2.64005,12.40058,1,https://eawagrs.s3.eu-central-1.amazonaws.com/alplakes/cropped/sentinel3/geneva/OC3_chla_S3B_20211221T100345_sui_geneva.tif
2021-12-22T09:37:00.000+00:00,S3B,9.95909,3.03578,13.43335,4,https://eawagrs.s3.eu-central-1.amazonaws.com/alplakes/cropped/sentinel3/geneva/OC3_chla_S3B_20211222T093734_sui_geneva.tif
2021-12-24T10:26:00.000+00:00,S3B,12.21098,12.21098,12.21098,1,https://eawagrs.s3.eu-central-1.amazonaws.com/alplakes/cropped/sentinel3/geneva/OC3_chla_S3B_20211224T102612_sui_geneva.tif
2021-12-25T10:00:00.000+00:00,S3B,12.23684,10.30962,13.94001,2,https://eawagrs.s3.eu-central-1.amazonaws.com/alplakes/cropped/sentinel3/geneva/OC3_chla_S3B_20211225T100001_sui_geneva.tif
2021-12-26T09:33:00.000+00:00,S3B,13.76411,13.76411,13.76411,1,https://eawagrs.s3.eu-central-1.amazonaws.com/alplakes/cropped/sentinel3/geneva/OC3_chla_S3B_20211226T093350_sui_geneva.tif
2022-01-01T10:18:00.000+00:00,S3B,6.7035,2.2256,12.67669,5,https://eawagrs.s3.eu-central-1.amazonaws.com/alplakes/cropped/sentinel3/geneva/OC3_chla_S3B_20220101T101842_sui_geneva.tif
2022-01-02T09:52:00.000+00:00,S3B,10.45347,4.6683,13.41366,2,https://eawagrs.s3.eu-central-1.amazonaws.com/alplakes/cropped/sentinel3/geneva/OC3_chla_S3B_20220102T095231_sui_geneva.tif
2022-01-06T09:48:00.000+00:00,S3B,6.66635,2.10254,17.8676,23,https://eawagrs.s3.eu-central-1.amazonaws.com/alplakes/cropped/sentinel3/geneva/OC3_chla_S3B_20220106T094846_sui_geneva.tif
2022-01-05T10:14:00.000+00:00,S3B,9.0353,7.52338,10.54722,1,https://eawagrs.s3.eu-central-1.amazonaws.com/alplakes/cropped/sentinel3/geneva/OC3_chla_S3B_20220105T101457_sui_geneva.tif
2022-01-07T09:22:00.000+00:00,S3B,15.18597,8.09416,45.51636,4,https://eawagrs.s3.eu-central-1.amazonaws.com/alplakes/cropped/sentinel3/geneva/OC3_chla_S3B_20220107T092235_sui_geneva.tif
2022-01-09T10:11:00.000+00:00,S3B,4.78574,1.56232,17.75756,19,https://eawagrs.s3.eu-central-1.amazonaws.com/alplakes/cropped/sentinel3/geneva/OC3_chla_S3B_20220109T101112_sui_geneva.tif
2022-01-11T09:18:00.000+00:00,S3B,11.17845,3.74164,26.48943,2,https://eawagrs.s3.eu-central-1.amazonaws.com/alplakes/cropped/sentinel3/geneva/OC3_chla_S3B_20220111T091850_sui_geneva.tif
2022-01-10T09:45:00.000+00:00,S3B,5.44401,0.94096,21.70439,27,https://eawagrs.s3.eu-central-1.amazonaws.com/alplakes/cropped/sentinel3/geneva/OC3_chla_S3B_20220110T094501_sui_geneva.tif
2022-01-13T10:07:00.000+00:00,S3B,5.16412,1.73333,24.96451,18,https://eawagrs.s3.eu-central-1.amazonaws.com/alplakes/cropped/sentinel3/geneva/OC3_chla_S3B_20220113T100727_sui_geneva.tif
2022-01-18T09:37:00.000+00:00,S3B,6.90745,1.80371,14.69633,22,https://eawagrs.s3.eu-central-1.amazonaws.com/alplakes/cropped/sentinel3/geneva/OC3_chla_S3B_20220118T093731_sui_geneva.tif
2022-01-20T10:26:00.000+00:00,S3B,8.29951,8.29951,8.29951,1,https://eawagrs.s3.eu-central-1.amazonaws.com/alplakes/cropped/sentinel3/geneva/OC3_chla_S3B_20220120T102608_sui_geneva.tif
2022-01-21T09:59:00.000+00:00,S3B,3.84888,1.13484,20.11691,52,https://eawagrs.s3.eu-central-1.amazonaws.com/alplakes/cropped/sentinel3/geneva/OC3_chla_S3B_20220121T095957_sui_geneva.tif
2022-01-22T09:33:00.000+00:00,S3B,7.95731,2.51846,12.92255,34,https://eawagrs.s3.eu-central-1.amazonaws.com/alplakes/cropped/sentinel3/geneva/OC3_chla_S3B_20220122T093346_sui_geneva.tif
2022-01-28T10:18:00.000+00:00,S3B,3.05471,1.02419,21.82893,27,https://eawagrs.s3.eu-central-1.amazonaws.com/alplakes/cropped/sentinel3/geneva/OC3_chla_S3B_20220128T101838_sui_geneva.tif
2022-01-25T09:56:00.000+00:00,S3B,4.05104,1.90463,11.2365,5,https://eawagrs.s3.eu-central-1.amazonaws.com/alplakes/cropped/sentinel3/geneva/OC3_chla_S3B_20220125T095612_sui_geneva.tif
2022-01-26T09:30:00.000+00:00,S3B,8.38685,2.94571,12.79517,5,https://eawagrs.s3.eu-central-1.amazonaws.com/alplakes/cropped/sentinel3/geneva/OC3_chla_S3B_20220126T093001_sui_geneva.tif
2022-01-24T10:22:00.000+00:00,S3B,4.14666,1.96584,12.75348,3,https://eawagrs.s3.eu-central-1.amazonaws.com/alplakes/cropped/sentinel3/geneva/OC3_chla_S3B_20220124T102223_sui_geneva.tif
2022-01-29T09:52:00.000+00:00,S3B,4.82902,1.81779,12.67585,21,https://eawagrs.s3.eu-central-1.amazonaws.com/alplakes/cropped/sentinel3/geneva/OC3_chla_S3B_20220129T095227_sui_geneva.tif
2022-02-05T10:11:00.000+00:00,S3B,2.95869,1.14177,14.86969,42,https://eawagrs.s3.eu-central-1.amazonaws.com/alplakes/cropped/sentinel3/geneva/OC3_chla_S3B_20220205T101109_sui_geneva.tif
2022-02-13T10:03:00.000+00:00,S3B,3.29619,1.49731,13.15888,61,https://eawagrs.s3.eu-central-1.amazonaws.com/alplakes/cropped/sentinel3/geneva/OC3_chla_S3B_20220213T100342_sui_geneva.tif
2022-02-17T09:59:00.000+00:00,S3B,11.38416,3.61679,14.90917,2,https://eawagrs.s3.eu-central-1.amazonaws.com/alplakes/cropped/sentinel3/geneva/OC3_chla_S3B_20220217T095958_sui_geneva.tif
2022-02-21T09:56:00.000+00:00,S3B,5.07051,0,14.2844,5,https://eawagrs.s3.eu-central-1.amazonaws.com/alplakes/cropped/sentinel3/geneva/OC3_chla_S3B_20220221T095614_sui_geneva.tif
2022-02-22T09:30:00.000+00:00,S3B,5.272,1.92825,10.32258,39,https://eawagrs.s3.eu-central-1.amazonaws.com/alplakes/cropped/sentinel3/geneva/OC3_chla_S3B_20220222T093003_sui_geneva.tif
2022-03-05T09:45:00.000+00:00,S3B,2.78852,1.06698,11.40419,71,https://eawagrs.s3.eu-central-1.amazonaws.com/alplakes/cropped/sentinel3/geneva/OC3_chla_S3B_20220305T094501_sui_geneva.tif
2022-02-28T10:14:00.000+00:00,S3B,2.79302,0.94803,11.639,72,https://eawagrs.s3.eu-central-1.amazonaws.com/alplakes/cropped/sentinel3/geneva/OC3_chla_S3B_20220228T101457_sui_geneva.tif
2022-03-06T09:18:00.000+00:00,S3B,3.99503,2.0135,10.92815,14,https://eawagrs.s3.eu-central-1.amazonaws.com/alplakes/cropped/sentinel3/geneva/OC3_chla_S3B_20220306T091850_sui_geneva.tif
2022-03-09T09:41:00.000+00:00,S3B,2.45341,0.75336,10.49384,51,https://eawagrs.s3.eu-central-1.amazonaws.com/alplakes/cropped/sentinel3/geneva/OC3_chla_S3B_20220309T094117_sui_geneva.tif
2022-03-08T10:07:00.000+00:00,S3B,2.39378,0.51178,10.82596,76,https://eawagrs.s3.eu-central-1.amazonaws.com/alplakes/cropped/sentinel3/geneva/OC3_chla_S3B_20220308T100728_sui_geneva.tif
2022-03-12T10:03:00.000+00:00,S3B,2.92282,2.24885,4.58845,1,https://eawagrs.s3.eu-central-1.amazonaws.com/alplakes/cropped/sentinel3/geneva/OC3_chla_S3B_20220312T100343_sui_geneva.tif
2022-03-20T09:56:00.000+00:00,S3B,3.63255,1.98302,12.70828,70,https://eawagrs.s3.eu-central-1.amazonaws.com/alplakes/cropped/sentinel3/geneva/OC3_chla_S3B_20220320T095614_sui_geneva.tif
2022-03-21T09:30:00.000+00:00,S3B,4.81624,2.6436,10.71936,1,https://eawagrs.s3.eu-central-1.amazonaws.com/alplakes/cropped/sentinel3/geneva/OC3_chla_S3B_20220321T093003_sui_geneva.tif
2022-03-24T09:52:00.000+00:00,S3B,3.60332,2.25391,12.02115,71,https://eawagrs.s3.eu-central-1.amazonaws.com/alplakes/cropped/sentinel3/geneva/OC3_chla_S3B_20220324T095230_sui_geneva.tif
2022-03-25T09:26:00.000+00:00,S3B,4.01562,2.3525,12.68737,54,https://eawagrs.s3.eu-central-1.amazonaws.com/alplakes/cropped/sentinel3/geneva/OC3_chla_S3B_20220325T092619_sui_geneva.tif
2022-03-27T10:14:00.000+00:00,S3B,3.38797,2.19591,11.82096,72,https://eawagrs.s3.eu-central-1.amazonaws.com/alplakes/cropped/sentinel3/geneva/OC3_chla_S3B_20220327T101456_sui_geneva.tif
2022-04-04T10:07:00.000+00:00,S3B,2.29187,0.18896,12.0734,66,https://eawagrs.s3.eu-central-1.amazonaws.com/alplakes/cropped/sentinel3/geneva/OC3_chla_S3B_20220404T100727_sui_geneva.tif
2022-04-05T09:41:00.000+00:00,S3B,2.5429,1.911,8.44291,8,https://eawagrs.s3.eu-central-1.amazonaws.com/alplakes/cropped/sentinel3/geneva/OC3_chla_S3B_20220405T094116_sui_geneva.tif
2022-04-09T09:37:00.000+00:00,S3B,2.47065,1.79568,4.34118,1,https://eawagrs.s3.eu-central-1.amazonaws.com/alplakes/cropped/sentinel3/geneva/OC3_chla_S3B_20220409T093733_sui_geneva.tif
2022-04-12T10:00:00.000+00:00,S3B,4.25866,2.15853,10.8068,1,https://eawagrs.s3.eu-central-1.amazonaws.com/alplakes/cropped/sentinel3/geneva/OC3_chla_S3B_20220412T100000_sui_geneva.tif
2022-04-13T09:33:00.000+00:00,S3B,8.75228,8.75228,8.75228,1,https://eawagrs.s3.eu-central-1.amazonaws.com/alplakes/cropped/sentinel3/geneva/OC3_chla_S3B_20220413T093349_sui_geneva.tif
2022-04-15T10:22:00.000+00:00,S3B,3.54124,2.2108,11.86104,3,https://eawagrs.s3.eu-central-1.amazonaws.com/alplakes/cropped/sentinel3/geneva/OC3_chla_S3B_20220415T102227_sui_geneva.tif
2022-04-17T09:30:00.000+00:00,S3B,3.30661,1.98397,10.35348,69,https://eawagrs.s3.eu-central-1.amazonaws.com/alplakes/cropped/sentinel3/geneva/OC3_chla_S3B_20220417T093006_sui_geneva.tif
2022-04-16T09:56:00.000+00:00,S3B,3.42203,1.95484,12.33103,87,https://eawagrs.s3.eu-central-1.amazonaws.com/alplakes/cropped/sentinel3/geneva/OC3_chla_S3B_20220416T095616_sui_geneva.tif
2022-04-19T10:18:00.000+00:00,S3B,3.1686,2.30543,12.36406,9,https://eawagrs.s3.eu-central-1.amazonaws.com/alplakes/cropped/sentinel3/geneva/OC3_chla_S3B_20220419T101843_sui_geneva.tif
2022-04-20T09:52:00.000+00:00,S3B,6.41867,3.04347,10.84985,1,https://eawagrs.s3.eu-central-1.amazonaws.com/alplakes/cropped/sentinel3/geneva/OC3_chla_S3B_20220420T095232_sui_geneva.tif
2022-04-21T09:26:00.000+00:00,S3B,5.32343,3.64222,10.59157,1,https://eawagrs.s3.eu-central-1.amazonaws.com/alplakes/cropped/sentinel3/geneva/OC3_chla_S3B_20220421T092622_sui_geneva.tif
2022-04-27T10:11:00.000+00:00,S3B,2.59624,1.43376,12.34476,74,https://eawagrs.s3.eu-central-1.amazonaws.com/alplakes/cropped/sentinel3/geneva/OC3_chla_S3B_20220427T101115_sui_geneva.tif
2022-04-29T09:18:00.000+00:00,S3B,5.84842,5.84842,5.84842,1,https://eawagrs.s3.eu-central-1.amazonaws.com/alplakes/cropped/sentinel3/geneva/OC3_chla_S3B_20220429T091854_sui_geneva.tif
2022-05-01T10:07:00.000+00:00,S3B,2.27897,1.71666,12.12946,80,https://eawagrs.s3.eu-central-1.amazonaws.com/alplakes/cropped/sentinel3/geneva/OC3_chla_S3B_20220501T100732_sui_geneva.tif
2022-05-02T09:41:00.000+00:00,S3B,2.20984,1.91251,5.43566,7,https://eawagrs.s3.eu-central-1.amazonaws.com/alplakes/cropped/sentinel3/geneva/OC3_chla_S3B_20220502T094121_sui_geneva.tif
2022-04-28T09:45:00.000+00:00,S3B,2.43151,1.52986,11.13109,70,https://eawagrs.s3.eu-central-1.amazonaws.com/alplakes/cropped/sentinel3/geneva/OC3_chla_S3B_20220428T094504_sui_geneva.tif
2022-05-10T09:33:00.000+00:00,S3B,3.54883,2.3589,9.04509,47,https://eawagrs.s3.eu-central-1.amazonaws.com/alplakes/cropped/sentinel3/geneva/OC3_chla_S3B_20220510T093355_sui_geneva.tif
2022-05-09T10:00:00.000+00:00,S3B,3.69512,2.81577,9.468,3,https://eawagrs.s3.eu-central-1.amazonaws.com/alplakes/cropped/sentinel3/geneva/OC3_chla_S3B_20220509T100005_sui_geneva.tif
2022-05-12T10:22:00.000+00:00,S3B,3.91519,2.6833,10.51888,2,https://eawagrs.s3.eu-central-1.amazonaws.com/alplakes/cropped/sentinel3/geneva/OC3_chla_S3B_20220512T102232_sui_geneva.tif
2022-05-14T09:30:00.000+00:00,S3B,3.28618,2.73568,3.94674,1,https://eawagrs.s3.eu-central-1.amazonaws.com/alplakes/cropped/sentinel3/geneva/OC3_chla_S3B_20220514T093011_sui_geneva.tif
2022-05-18T09:26:00.000+00:00,S3B,3.59667,2.64332,6.30325,5,https://eawagrs.s3.eu-central-1.amazonaws.com/alplakes/cropped/sentinel3/geneva/OC3_chla_S3B_20220518T092627_sui_geneva.tif
2022-05-21T09:48:00.000+00:00,S3B,3.57544,2.10939,9.10572,36,https://eawagrs.s3.eu-central-1.amazonaws.com/alplakes/cropped/sentinel3/geneva/OC3_chla_S3B_20220521T094853_sui_geneva.tif
2022-06-02T09:37:00.000+00:00,S3B,2.15997,2.10015,2.18989,1,https://eawagrs.s3.eu-central-1.amazonaws.com/alplakes/cropped/sentinel3/geneva/OC3_chla_S3B_20220602T093742_sui_geneva.tif
2022-06-10T09:30:00.000+00:00,S3B,2.165,1.69134,7.74696,56,https://eawagrs.s3.eu-central-1.amazonaws.com/alplakes/cropped/sentinel3/geneva/OC3_chla_S3B_20220610T093015_sui_geneva.tif
2022-06-14T09:26:00.000+00:00,S3B,2.05788,1.42617,8.45509,34,https://eawagrs.s3.eu-central-1.amazonaws.com/alplakes/cropped/sentinel3/geneva/OC3_chla_S3B_20220614T092631_sui_geneva.tif
2022-06-13T09:52:00.000+00:00,S3B,2.12659,1.31129,8.90076,6,https://eawagrs.s3.eu-central-1.amazonaws.com/alplakes/cropped/sentinel3/geneva/OC3_chla_S3B_20220613T095242_sui_geneva.tif
2022-06-20T10:11:00.000+00:00,S3B,1.84943,0.9365,11.24449,6,https://eawagrs.s3.eu-central-1.amazonaws.com/alplakes/cropped/sentinel3/geneva/OC3_chla_S3B_20220620T101124_sui_geneva.tif
2022-06-25T09:41:00.000+00:00,S3B,2.38903,1.74092,9.97169,69,https://eawagrs.s3.eu-central-1.amazonaws.com/alplakes/cropped/sentinel3/geneva/OC3_chla_S3B_20220625T094128_sui_geneva.tif
2022-06-29T09:37:00.000+00:00,S3B,2.39558,1.697,8.41815,32,https://eawagrs.s3.eu-central-1.amazonaws.com/alplakes/cropped/sentinel3/geneva/OC3_chla_S3B_20220629T093743_sui_geneva.tif
2022-06-28T10:03:00.000+00:00,S3B,2.65291,2.6183,2.68751,1,https://eawagrs.s3.eu-central-1.amazonaws.com/alplakes/cropped/sentinel3/geneva/OC3_chla_S3B_20220628T100354_sui_geneva.tif
2022-07-01T10:26:00.000+00:00,S3B,1.70255,1.30623,1.92711,1,https://eawagrs.s3.eu-central-1.amazonaws.com/alplakes/cropped/sentinel3/geneva/OC3_chla_S3B_20220701T102621_sui_geneva.tif
2022-07-02T10:00:00.000+00:00,S3B,1.80777,0.85844,9.96906,77,https://eawagrs.s3.eu-central-1.amazonaws.com/alplakes/cropped/sentinel3/geneva/OC3_chla_S3B_20220702T100011_sui_geneva.tif
2022-07-03T09:34:00.000+00:00,S3B,1.58716,1.01439,2.0037,3,https://eawagrs.s3.eu-central-1.amazonaws.com/alplakes/cropped/sentinel3/geneva/OC3_chla_S3B_20220703T093400_sui_geneva.tif
2022-07-07T09:30:00.000+00:00,S3B,1.8781,1.25058,6.63733,15,https://eawagrs.s3.eu-central-1.amazonaws.com/alplakes/cropped/sentinel3/geneva/OC3_chla_S3B_20220707T093016_sui_geneva.tif
2022-07-05T10:22:00.000+00:00,S3B,1.82752,0.9088,9.74538,4,https://eawagrs.s3.eu-central-1.amazonaws.com/alplakes/cropped/sentinel3/geneva/OC3_chla_S3B_20220705T102238_sui_geneva.tif
2022-07-06T09:56:00.000+00:00,S3B,1.68758,0.67255,9.26079,60,https://eawagrs.s3.eu-central-1.amazonaws.com/alplakes/cropped/sentinel3/geneva/OC3_chla_S3B_20220706T095627_sui_geneva.tif
2022-07-09T10:18:00.000+00:00,S3B,2.28683,2.28683,2.28683,1,https://eawagrs.s3.eu-central-1.amazonaws.com/alplakes/cropped/sentinel3/geneva/OC3_chla_S3B_20220709T101854_sui_geneva.tif
2022-07-10T09:52:00.000+00:00,S3B,1.99037,1.16142,8.36476,69,https://eawagrs.s3.eu-central-1.amazonaws.com/alplakes/cropped/sentinel3/geneva/OC3_chla_S3B_20220710T095244_sui_geneva.tif
2022-07-11T09:26:00.000+00:00,S3B,2.06306,1.57349,6.05065,26,https://eawagrs.s3.eu-central-1.amazonaws.com/alplakes/cropped/sentinel3/geneva/OC3_chla_S3B_20220711T092633_sui_geneva.tif
2022-07-15T09:22:00.000+00:00,S3B,2.10818,1.55303,3.25127,6,https://eawagrs.s3.eu-central-1.amazonaws.com/alplakes/cropped/sentinel3/geneva/OC3_chla_S3B_20220715T092249_sui_geneva.tif
2022-07-17T10:11:00.000+00:00,S3B,2.22667,1.40191,9.01503,83,https://eawagrs.s3.eu-central-1.amazonaws.com/alplakes/cropped/sentinel3/geneva/OC3_chla_S3B_20220717T101127_sui_geneva.tif
2022-07-14T09:49:00.000+00:00,S3B,1.99085,1.29487,8.39242,70,https://eawagrs.s3.eu-central-1.amazonaws.com/alplakes/cropped/sentinel3/geneva/OC3_chla_S3B_20220714T094900_sui_geneva.tif
2022-07-18T09:45:00.000+00:00,S3B,2.2418,1.71822,7.68076,57,https://eawagrs.s3.eu-central-1.amazonaws.com/alplakes/cropped/sentinel3/geneva/OC3_chla_S3B_20220718T094516_sui_geneva.tif
2022-07-13T10:15:00.000+00:00,S3B,2.04843,1.08691,10.19842,76,https://eawagrs.s3.eu-central-1.amazonaws.com/alplakes/cropped/sentinel3/geneva/OC3_chla_S3B_20220713T101511_sui_geneva.tif
2022-07-21T10:07:00.000+00:00,S3B,2.43687,1.84702,8.85057,80,https://eawagrs.s3.eu-central-1.amazonaws.com/alplakes/cropped/sentinel3/geneva/OC3_chla_S3B_20220721T100742_sui_geneva.tif
2022-07-22T09:41:00.000+00:00,S3B,2.33685,1.78499,7.66298,67,https://eawagrs.s3.eu-central-1.amazonaws.com/alplakes/cropped/sentinel3/geneva/OC3_chla_S3B_20220722T094131_sui_geneva.tif
2022-07-25T10:03:00.000+00:00,S3B,2.20063,1.73687,8.09756,13,https://eawagrs.s3.eu-central-1.amazonaws.com/alplakes/cropped/sentinel3/geneva/OC3_chla_S3B_20220725T100358_sui_geneva.tif
2022-07-26T09:37:00.000+00:00,S3B,2.4609,1.78272,6.01793,41,https://eawagrs.s3.eu-central-1.amazonaws.com/alplakes/cropped/sentinel3/geneva/OC3_chla_S3B_20220726T093747_sui_geneva.tif
2022-07-28T10:26:00.000+00:00,S3B,2.34728,1.79004,3.3437,21,https://eawagrs.s3.eu-central-1.amazonaws.com/alplakes/cropped/sentinel3/geneva/OC3_chla_S3B_20220728T102624_sui_geneva.tif
2022-08-01T10:22:00.000+00:00,S3B,2.57836,1.60821,12.26168,82,https://eawagrs.s3.eu-central-1.amazonaws.com/alplakes/cropped/sentinel3/geneva/OC3_chla_S3B_20220801T102239_sui_geneva.tif
2022-07-30T09:34:00.000+00:00,S3B,2.63877,1.95621,4.66195,50,https://eawagrs.s3.eu-central-1.amazonaws.com/alplakes/cropped/sentinel3/geneva/OC3_chla_S3B_20220730T093402_sui_geneva.tif
2022-08-03T09:30:00.000+00:00,S3B,2.50178,1.75011,8.75311,38,https://eawagrs.s3.eu-central-1.amazonaws.com/alplakes/cropped/sentinel3/geneva/OC3_chla_S3B_20220803T093017_sui_geneva.tif
2022-08-02T09:56:00.000+00:00,S3B,2.59544,1.60185,10.27189,81,https://eawagrs.s3.eu-central-1.amazonaws.com/alplakes/cropped/sentinel3/geneva/OC3_chla_S3B_20220802T095628_sui_geneva.tif
2022-08-05T10:18:00.000+00:00,S3B,2.40744,1.79908,4.39814,11,https://eawagrs.s3.eu-central-1.amazonaws.com/alplakes/cropped/sentinel3/geneva/OC3_chla_S3B_20220805T101854_sui_geneva.tif
2022-08-06T09:52:00.000+00:00,S3B,2.40008,2.03391,3.89528,22,https://eawagrs.s3.eu-central-1.amazonaws.com/alplakes/cropped/sentinel3/geneva/OC3_chla_S3B_20220806T095243_sui_geneva.tif
2022-08-09T10:15:00.000+00:00,S3B,2.61925,2.15616,10.5627,81,https://eawagrs.s3.eu-central-1.amazonaws.com/alplakes/cropped/sentinel3/geneva/OC3_chla_S3B_20220809T101509_sui_geneva.tif
2022-08-10T09:48:00.000+00:00,S3B,2.56625,2.06884,8.26077,75,https://eawagrs.s3.eu-central-1.amazonaws.com/alplakes/cropped/sentinel3/geneva/OC3_chla_S3B_20220810T094859_sui_geneva.tif
2022-08-11T09:22:00.000+00:00,S3B,2.51226,2.25053,2.93961,3,https://eawagrs.s3.eu-central-1.amazonaws.com/alplakes/cropped/sentinel3/geneva/OC3_chla_S3B_20220811T092248_sui_geneva.tif
2022-08-13T10:11:00.000+00:00,S3B,2.59636,2.12161,11.04657,86,https://eawagrs.s3.eu-central-1.amazonaws.com/alplakes/cropped/sentinel3/geneva/OC3_chla_S3B_20220813T101126_sui_geneva.tif
2022-08-22T09:37:00.000+00:00,S3B,2.62301,1.97984,9.8007,67,https://eawagrs.s3.eu-central-1.amazonaws.com/alplakes/cropped/sentinel3/geneva/OC3_chla_S3B_20220822T093747_sui_geneva.tif
2022-08-21T10:03:00.000+00:00,S3B,2.61417,1.96142,10.53615,87,https://eawagrs.s3.eu-central-1.amazonaws.com/alplakes/cropped/sentinel3/geneva/OC3_chla_S3B_20220821T100358_sui_geneva.tif
2022-08-25T10:00:00.000+00:00,S3B,2.6776,1.99462,12.34728,35,https://eawagrs.s3.eu-central-1.amazonaws.com/alplakes/cropped/sentinel3/geneva/OC3_chla_S3B_20220825T100013_sui_geneva.tif
2022-08-29T09:56:00.000+00:00,S3B,2.52186,1.98201,12.65613,42,https://eawagrs.s3.eu-central-1.amazonaws.com/alplakes/cropped/sentinel3/geneva/OC3_chla_S3B_20220829T095629_sui_geneva.tif
2022-09-01T10:18:00.000+00:00,S3B,2.7508,2.07924,8.67015,2,https://eawagrs.s3.eu-central-1.amazonaws.com/alplakes/cropped/sentinel3/geneva/OC3_chla_S3B_20220901T101855_sui_geneva.tif
2022-09-02T09:52:00.000+00:00,S3B,2.24932,2.24932,2.24932,1,https://eawagrs.s3.eu-central-1.amazonaws.com/alplakes/cropped/sentinel3/geneva/OC3_chla_S3B_20220902T095244_sui_geneva.tif
2022-09-06T09:48:00.000+00:00,S3B,2.36166,2.26271,2.70339,1,https://eawagrs.s3.eu-central-1.amazonaws.com/alplakes/cropped/sentinel3/geneva/OC3_chla_S3B_20220906T094859_sui_geneva.tif
2022-09-05T10:15:00.000+00:00,S3B,2.33044,1.72721,12.419,59,https://eawagrs.s3.eu-central-1.amazonaws.com/alplakes/cropped/sentinel3/geneva/OC3_chla_S3B_20220905T101510_sui_geneva.tif
2022-09-10T09:45:00.000+00:00,S3B,2.55581,1.99597,5.44121,22,https://eawagrs.s3.eu-central-1.amazonaws.com/alplakes/cropped/sentinel3/geneva/OC3_chla_S3B_20220910T094515_sui_geneva.tif
2022-09-09T10:11:00.000+00:00,S3B,2.56504,1.88787,13.63896,75,https://eawagrs.s3.eu-central-1.amazonaws.com/alplakes/cropped/sentinel3/geneva/OC3_chla_S3B_20220909T101126_sui_geneva.tif
2022-09-11T09:19:00.000+00:00,S3B,2.54661,2.18901,8.00913,15,https://eawagrs.s3.eu-central-1.amazonaws.com/alplakes/cropped/sentinel3/geneva/OC3_chla_S3B_20220911T091903_sui_geneva.tif
2022-09-18T09:37:00.000+00:00,S3B,2.52514,2.05913,6.52843,44,https://eawagrs.s3.eu-central-1.amazonaws.com/alplakes/cropped/sentinel3/geneva/OC3_chla_S3B_20220918T093744_sui_geneva.tif
2022-09-17T10:03:00.000+00:00,S3B,2.89974,2.13691,8.78275,22,https://eawagrs.s3.eu-central-1.amazonaws.com/alplakes/cropped/sentinel3/geneva/OC3_chla_S3B_20220917T100355_sui_geneva.tif
2022-09-20T10:26:00.000+00:00,S3B,2.75024,2.12462,9.48701,67,https://eawagrs.s3.eu-central-1.amazonaws.com/alplakes/cropped/sentinel3/geneva/OC3_chla_S3B_20220920T102621_sui_geneva.tif
2022-09-21T10:00:00.000+00:00,S3B,2.7691,2.0941,13.05334,84,https://eawagrs.s3.eu-central-1.amazonaws.com/alplakes/cropped/sentinel3/geneva/OC3_chla_S3B_20220921T100009_sui_geneva.tif
2022-09-22T09:33:00.000+00:00,S3B,2.68014,2.08389,8.41287,61,https://eawagrs.s3.eu-central-1.amazonaws.com/alplakes/cropped/sentinel3/geneva/OC3_chla_S3B_20220922T093359_sui_geneva.tif
2022-09-24T10:22:00.000+00:00,S3B,4.6601,2.52602,8.88376,1,https://eawagrs.s3.eu-central-1.amazonaws.com/alplakes/cropped/sentinel3/geneva/OC3_chla_S3B_20220924T102236_sui_geneva.tif
2022-09-25T09:56:00.000+00:00,S3B,2.77545,2.20125,7.87042,3,https://eawagrs.s3.eu-central-1.amazonaws.com/alplakes/cropped/sentinel3/geneva/OC3_chla_S3B_20220925T095625_sui_geneva.tif
2022-10-03T09:48:00.000+00:00,S3B,3.55925,2.18818,8.78903,28,https://eawagrs.s3.eu-central-1.amazonaws.com/alplakes/cropped/sentinel3/geneva/OC3_chla_S3B_20221003T094855_sui_geneva.tif
2022-10-06T10:11:00.000+00:00,S3B,4.68454,2.58519,10.18529,58,https://eawagrs.s3.eu-central-1.amazonaws.com/alplakes/cropped/sentinel3/geneva/OC3_chla_S3B_20221006T101121_sui_geneva.tif
2022-10-02T10:15:00.000+00:00,S3B,3.21608,1.98479,9.78319,27,https://eawagrs.s3.eu-central-1.amazonaws.com/alplakes/cropped/sentinel3/geneva/OC3_chla_S3B_20221002T101506_sui_geneva.tif
2022-10-04T09:22:00.000+00:00,S3B,4.44754,2.553,7.70689,2,https://eawagrs.s3.eu-central-1.amazonaws.com/alplakes/cropped/sentinel3/geneva/OC3_chla_S3B_20221004T092244_sui_geneva.tif
2022-10-07T09:45:00.000+00:00,S3B,5.02463,2.75523,8.91561,16,https://eawagrs.s3.eu-central-1.amazonaws.com/alplakes/cropped/sentinel3/geneva/OC3_chla_S3B_20221007T094510_sui_geneva.tif
2022-10-11T09:41:00.000+00:00,S3B,5.81582,3.03825,8.61595,4,https://eawagrs.s3.eu-central-1.amazonaws.com/alplakes/cropped/sentinel3/geneva/OC3_chla_S3B_20221011T094127_sui_geneva.tif
2022-10-10T10:07:00.000+00:00,S3B,4.6333,2.18491,10.93285,76,https://eawagrs.s3.eu-central-1.amazonaws.com/alplakes/cropped/sentinel3/geneva/OC3_chla_S3B_20221010T100738_sui_geneva.tif
2022-10-17T10:26:00.000+00:00,S3B,5.70402,2.50382,10.01544,21,https://eawagrs.s3.eu-central-1.amazonaws.com/alplakes/cropped/sentinel3/geneva/OC3_chla_S3B_20221017T102620_sui_geneva.tif
2022-10-18T10:00:00.000+00:00,S3B,6.56957,2.4133,11.36706,45,https://eawagrs.s3.eu-central-1.amazonaws.com/alplakes/cropped/sentinel3/geneva/OC3_chla_S3B_20221018T100009_sui_geneva.tif
2022-10-19T09:33:00.000+00:00,S3B,6.33538,3.47397,10.85187,2,https://eawagrs.s3.eu-central-1.amazonaws.com/alplakes/cropped/sentinel3/geneva/OC3_chla_S3B_20221019T093358_sui_geneva.tif
2022-10-22T09:56:00.000+00:00,S3B,5.69581,2.39637,11.85528,83,https://eawagrs.s3.eu-central-1.amazonaws.com/alplakes/cropped/sentinel3/geneva/OC3_chla_S3B_20221022T095625_sui_geneva.tif
2022-10-25T10:18:00.000+00:00,S3B,4.34968,2.29929,10.95567,26,https://eawagrs.s3.eu-central-1.amazonaws.com/alplakes/cropped/sentinel3/geneva/OC3_chla_S3B_20221025T101853_sui_geneva.tif
2022-10-27T09:26:00.000+00:00,S3B,8.96385,8.46764,9.42903,1,https://eawagrs.s3.eu-central-1.amazonaws.com/alplakes/cropped/sentinel3/geneva/OC3_chla_S3B_20221027T092632_sui_geneva.tif
2022-10-26T09:52:00.000+00:00,S3B,5.79693,2.60392,9.68416,18,https://eawagrs.s3.eu-central-1.amazonaws.com/alplakes/cropped/sentinel3/geneva/OC3_chla_S3B_20221026T095242_sui_geneva.tif
2022-11-06T10:07:00.000+00:00,S3B,7.52753,4.505,9.43048,1,https://eawagrs.s3.eu-central-1.amazonaws.com/alplakes/cropped/sentinel3/geneva/OC3_chla_S3B_20221106T100742_sui_geneva.tif
2022-11-07T09:41:00.000+00:00,S3B,6.75822,3.64507,9.02476,1,https://eawagrs.s3.eu-central-1.amazonaws.com/alplakes/cropped/sentinel3/geneva/OC3_chla_S3B_20221107T094131_sui_geneva.tif
2022-11-11T09:37:00.000+00:00,S3B,7.79094,4.8423,9.76187,1,https://eawagrs.s3.eu-central-1.amazonaws.com/alplakes/cropped/sentinel3/geneva/OC3_chla_S3B_20221111T093747_sui_geneva.tif
2022-11-10T10:03:00.000+00:00,S3B,4.20566,2.02534,12.9097,7,https://eawagrs.s3.eu-central-1.amazonaws.com/alplakes/cropped/sentinel3/geneva/OC3_chla_S3B_20221110T100358_sui_geneva.tif
2022-11-18T09:56:00.000+00:00,S3B,6.32537,1.61208,13.75994,5,https://eawagrs.s3.eu-central-1.amazonaws.com/alplakes/cropped/sentinel3/geneva/OC3_chla_S3B_20221118T095628_sui_geneva.tif
2022-11-19T09:30:00.000+00:00,S3B,10.27848,3.23324,13.48964,1,https://eawagrs.s3.eu-central-1.amazonaws.com/alplakes/cropped/sentinel3/geneva/OC3_chla_S3B_20221119T093017_sui_geneva.tif
2022-11-21T10:18:00.000+00:00,S3B,8.60877,7.85744,9.36011,1,https://eawagrs.s3.eu-central-1.amazonaws.com/alplakes/cropped/sentinel3/geneva/OC3_chla_S3B_20221121T101854_sui_geneva.tif
2022-11-22T09:52:00.000+00:00,S3B,5.95498,2.35425,9.94021,1,https://eawagrs.s3.eu-central-1.amazonaws.com/alplakes/cropped/sentinel3/geneva/OC3_chla_S3B_20221122T095242_sui_geneva.tif
2022-11-23T09:26:00.000+00:00,S3B,11.77231,8.51326,14.10811,1,https://eawagrs.s3.eu-central-1.amazonaws.com/alplakes/cropped/sentinel3/geneva/OC3_chla_S3B_20221123T092632_sui_geneva.tif
2022-11-26T09:48:00.000+00:00,S3B,9.137,3.37376,14.83942,2,https://eawagrs.s3.eu-central-1.amazonaws.com/alplakes/cropped/sentinel3/geneva/OC3_chla_S3B_20221126T094859_sui_geneva.tif
2022-11-25T10:15:00.000+00:00,S3B,6.98208,6.98208,6.98208,1,https://eawagrs.s3.eu-central-1.amazonaws.com/alplakes/cropped/sentinel3/geneva/OC3_chla_S3B_20221125T101510_sui_geneva.tif
2022-11-27T09:22:00.000+00:00,S3B,12.53262,8.85504,14.05043,1,https://eawagrs.s3.eu-central-1.amazonaws.com/alplakes/cropped/sentinel3/geneva/OC3_chla_S3B_20221127T092248_sui_geneva.tif
2022-11-30T09:45:00.000+00:00,S3B,9.81918,5.51106,13.22766,1,https://eawagrs.s3.eu-central-1.amazonaws.com/alplakes/cropped/sentinel3/geneva/OC3_chla_S3B_20221130T094515_sui_geneva.tif
2022-12-07T10:03:00.000+00:00,S3B,10.68447,7.42918,13.00154,1,https://eawagrs.s3.eu-central-1.amazonaws.com/alplakes/cropped/sentinel3/geneva/OC3_chla_S3B_20221207T100358_sui_geneva.tif
2022-12-08T09:37:00.000+00:00,S3B,8.8467,2.72176,14.23332,21,https://eawagrs.s3.eu-central-1.amazonaws.com/alplakes/cropped/sentinel3/geneva/OC3_chla_S3B_20221208T093747_sui_geneva.tif
2022-12-11T10:00:00.000+00:00,S3B,7.68383,1.9479,18.01121,42,https://eawagrs.s3.eu-central-1.amazonaws.com/alplakes/cropped/sentinel3/geneva/OC3_chla_S3B_20221211T100013_sui_geneva.tif
2022-12-19T09:52:00.000+00:00,S3B,11.46934,9.23717,14.52256,1,https://eawagrs.s3.eu-central-1.amazonaws.com/alplakes/cropped/sentinel3/geneva/OC3_chla_S3B_20221219T095243_sui_geneva.tif
2022-12-12T09:34:00.000+00:00,S3B,9.23151,3.3305,14.72491,1,https://eawagrs.s3.eu-central-1.amazonaws.com/alplakes/cropped/sentinel3/geneva/OC3_chla_S3B_20221212T093402_sui_geneva.tif
2022-12-18T10:18:00.000+00:00,S3B,3.50904,1.57501,11.08468,3,https://eawagrs.s3.eu-central-1.amazonaws.com/alplakes/cropped/sentinel3/geneva/OC3_chla_S3B_20221218T101854_sui_geneva.tif
2022-12-20T09:26:00.000+00:00,S3B,14.86909,11.36115,26.20141,1,https://eawagrs.s3.eu-central-1.amazonaws.com/alplakes/cropped/sentinel3/geneva/OC3_chla_S3B_20221220T092632_sui_geneva.tif
2022-12-27T09:45:00.000+00:00,S3B,8.00242,2.20135,12.74699,5,https://eawagrs.s3.eu-central-1.amazonaws.com/alplakes/cropped/sentinel3/geneva/OC3_chla_S3B_20221227T094514_sui_geneva.tif
2025-01-07T09:46:00.000+00:00,S3A,3.73333,1.36901,25.81424,13,https://eawagrs.s3.eu-central-1.amazonaws.com/alplakes/cropped/sentinel3/geneva/OC3_chla_S3A_20250107T094656_geneva.tif
2024-12-25T09:45:00.000+00:00,S3B,3.48666,1.15636,107.39722,20,https://eawagrs.s3.eu-central-1.amazonaws.com/alplakes/cropped/sentinel3/geneva/OC3_chla_S3B_20241225T094536_geneva.tif
2023-01-02T09:28:00.000+00:00,S3A,38.02837,33.98981,44.08588,1,https://eawagrs.s3.eu-central-1.amazonaws.com/alplakes/cropped/sentinel3/geneva/OC3_chla_S3A_20230102T092814_sui_geneva.tif
2023-01-01T09:54:00.000+00:00,S3A,7.19419,3.16432,10.41967,1,https://eawagrs.s3.eu-central-1.amazonaws.com/alplakes/cropped/sentinel3/geneva/OC3_chla_S3A_20230101T095425_sui_geneva.tif
2023-01-05T09:50:00.000+00:00,S3A,12.64804,11.09523,14.20084,1,https://eawagrs.s3.eu-central-1.amazonaws.com/alplakes/cropped/sentinel3/geneva/OC3_chla_S3A_20230105T095041_sui_geneva.tif
2023-01-06T09:24:00.000+00:00,S3A,12.98334,9.5308,15.61732,1,https://eawagrs.s3.eu-central-1.amazonaws.com/alplakes/cropped/sentinel3/geneva/OC3_chla_S3A_20230106T092431_sui_geneva.tif
2023-01-08T10:13:00.000+00:00,S3A,19.59736,8.22014,28.64553,1,https://eawagrs.s3.eu-central-1.amazonaws.com/alplakes/cropped/sentinel3/geneva/OC3_chla_S3A_20230108T101308_sui_geneva.tif
2023-01-10T09:20:00.000+00:00,S3A,12.69246,8.64431,35.78727,2,https://eawagrs.s3.eu-central-1.amazonaws.com/alplakes/cropped/sentinel3/geneva/OC3_chla_S3A_20230110T092047_sui_geneva.tif
2023-01-13T09:43:00.000+00:00,S3A,8.44089,7.5558,8.88603,1,https://eawagrs.s3.eu-central-1.amazonaws.com/alplakes/cropped/sentinel3/geneva/OC3_chla_S3A_20230113T094313_sui_geneva.tif
2023-01-19T10:28:00.000+00:00,S3A,2.64906,0.16246,9.02496,2,https://eawagrs.s3.eu-central-1.amazonaws.com/alplakes/cropped/sentinel3/geneva/OC3_chla_S3A_20230119T102806_sui_geneva.tif
2023-01-20T10:01:00.000+00:00,S3A,2.92899,0.33341,12.1874,4,https://eawagrs.s3.eu-central-1.amazonaws.com/alplakes/cropped/sentinel3/geneva/OC3_chla_S3A_20230120T100155_sui_geneva.tif
2023-01-21T09:35:00.000+00:00,S3A,4.73224,1.83793,19.41798,22,https://eawagrs.s3.eu-central-1.amazonaws.com/alplakes/cropped/sentinel3/geneva/OC3_chla_S3A_20230121T093545_sui_geneva.tif
2023-01-23T10:24:00.000+00:00,S3A,2.22607,0.13574,9.60004,5,https://eawagrs.s3.eu-central-1.amazonaws.com/alplakes/cropped/sentinel3/geneva/OC3_chla_S3A_20230123T102423_sui_geneva.tif
2023-01-24T09:58:00.000+00:00,S3A,2.28777,0.07862,8.45399,11,https://eawagrs.s3.eu-central-1.amazonaws.com/alplakes/cropped/sentinel3/geneva/OC3_chla_S3A_20230124T095812_sui_geneva.tif
2023-01-25T09:32:00.000+00:00,S3A,7.07256,2.35324,13.90048,2,https://eawagrs.s3.eu-central-1.amazonaws.com/alplakes/cropped/sentinel3/geneva/OC3_chla_S3A_20230125T093201_sui_geneva.tif
2023-01-27T10:20:00.000+00:00,S3A,5.01294,0.34939,9.61353,1,https://eawagrs.s3.eu-central-1.amazonaws.com/alplakes/cropped/sentinel3/geneva/OC3_chla_S3A_20230127T102039_sui_geneva.tif
2023-01-28T09:54:00.000+00:00,S3A,4.09313,0,12.19442,2,https://eawagrs.s3.eu-central-1.amazonaws.com/alplakes/cropped/sentinel3/geneva/OC3_chla_S3A_20230128T095428_sui_geneva.tif
2023-01-29T09:28:00.000+00:00,S3A,3.59637,1.493,11.99439,5,https://eawagrs.s3.eu-central-1.amazonaws.com/alplakes/cropped/sentinel3/geneva/OC3_chla_S3A_20230129T092817_sui_geneva.tif
2023-01-31T10:16:00.000+00:00,S3A,1.94045,0.0001,11.1685,21,https://eawagrs.s3.eu-central-1.amazonaws.com/alplakes/cropped/sentinel3/geneva/OC3_chla_S3A_20230131T101655_sui_geneva.tif
2023-02-01T09:50:00.000+00:00,S3A,3.55081,1.31643,13.24314,4,https://eawagrs.s3.eu-central-1.amazonaws.com/alplakes/cropped/sentinel3/geneva/OC3_chla_S3A_20230201T095044_sui_geneva.tif
2023-02-02T09:24:00.000+00:00,S3A,9.89027,3.319,12.85016,2,https://eawagrs.s3.eu-central-1.amazonaws.com/alplakes/cropped/sentinel3/geneva/OC3_chla_S3A_20230202T092433_sui_geneva.tif
2023-02-05T09:47:00.000+00:00,S3A,3.17363,1.37791,13.93497,31,https://eawagrs.s3.eu-central-1.amazonaws.com/alplakes/cropped/sentinel3/geneva/OC3_chla_S3A_20230205T094700_sui_geneva.tif
2023-02-06T09:20:00.000+00:00,S3A,9.17798,3.82167,12.8217,2,https://eawagrs.s3.eu-central-1.amazonaws.com/alplakes/cropped/sentinel3/geneva/OC3_chla_S3A_20230206T092049_sui_geneva.tif
2023-02-04T10:13:00.000+00:00,S3A,3.99717,0.4267,13.61582,3,https://eawagrs.s3.eu-central-1.amazonaws.com/alplakes/cropped/sentinel3/geneva/OC3_chla_S3A_20230204T101311_sui_geneva.tif
2023-02-08T10:09:00.000+00:00,S3A,3.26204,1.16475,10.07871,2,https://eawagrs.s3.eu-central-1.amazonaws.com/alplakes/cropped/sentinel3/geneva/OC3_chla_S3A_20230208T100926_sui_geneva.tif
2023-02-09T09:43:00.000+00:00,S3A,2.74806,0.62663,11.1433,20,https://eawagrs.s3.eu-central-1.amazonaws.com/alplakes/cropped/sentinel3/geneva/OC3_chla_S3A_20230209T094315_sui_geneva.tif
2023-02-12T10:05:00.000+00:00,S3A,2.26075,0.44175,11.29695,21,https://eawagrs.s3.eu-central-1.amazonaws.com/alplakes/cropped/sentinel3/geneva/OC3_chla_S3A_20230212T100540_sui_geneva.tif
2023-02-13T09:39:00.000+00:00,S3A,3.11132,1.04283,10.65643,23,https://eawagrs.s3.eu-central-1.amazonaws.com/alplakes/cropped/sentinel3/geneva/OC3_chla_S3A_20230213T093929_sui_geneva.tif
2023-02-15T10:28:00.000+00:00,S3A,3.02479,2.00444,6.88373,1,https://eawagrs.s3.eu-central-1.amazonaws.com/alplakes/cropped/sentinel3/geneva/OC3_chla_S3A_20230215T102806_sui_geneva.tif
2023-02-16T10:01:00.000+00:00,S3A,2.55286,0.52803,10.32239,36,https://eawagrs.s3.eu-central-1.amazonaws.com/alplakes/cropped/sentinel3/geneva/OC3_chla_S3A_20230216T100154_sui_geneva.tif
2023-02-19T10:24:00.000+00:00,S3A,3.82725,1.77545,13.26085,63,https://eawagrs.s3.eu-central-1.amazonaws.com/alplakes/cropped/sentinel3/geneva/OC3_chla_S3A_20230219T102421_sui_geneva.tif
2023-02-20T09:58:00.000+00:00,S3A,5.14026,1.91767,10.85946,47,https://eawagrs.s3.eu-central-1.amazonaws.com/alplakes/cropped/sentinel3/geneva/OC3_chla_S3A_20230220T095810_sui_geneva.tif
2023-02-21T09:31:00.000+00:00,S3A,8.56241,3.4771,12.3722,24,https://eawagrs.s3.eu-central-1.amazonaws.com/alplakes/cropped/sentinel3/geneva/OC3_chla_S3A_20230221T093159_sui_geneva.tif
2023-02-23T10:20:00.000+00:00,S3A,7.82005,2.8308,10.69256,2,https://eawagrs.s3.eu-central-1.amazonaws.com/alplakes/cropped/sentinel3/geneva/OC3_chla_S3A_20230223T102037_sui_geneva.tif
2023-02-24T09:54:00.000+00:00,S3A,8.01887,2.43032,12.56111,57,https://eawagrs.s3.eu-central-1.amazonaws.com/alplakes/cropped/sentinel3/geneva/OC3_chla_S3A_20230224T095426_sui_geneva.tif
2023-02-25T09:28:00.000+00:00,S3A,7.94269,2.27635,13.59737,21,https://eawagrs.s3.eu-central-1.amazonaws.com/alplakes/cropped/sentinel3/geneva/OC3_chla_S3A_20230225T092815_sui_geneva.tif
2023-02-28T09:50:00.000+00:00,S3A,2.04168,0.03141,7.93599,9,https://eawagrs.s3.eu-central-1.amazonaws.com/alplakes/cropped/sentinel3/geneva/OC3_chla_S3A_20230228T095041_sui_geneva.tif
2023-02-27T10:16:00.000+00:00,S3A,1.78393,0,9.76105,23,https://eawagrs.s3.eu-central-1.amazonaws.com/alplakes/cropped/sentinel3/geneva/OC3_chla_S3A_20230227T101652_sui_geneva.tif
2023-03-03T10:13:00.000+00:00,S3A,1.4767,0.12828,2.14247,1,https://eawagrs.s3.eu-central-1.amazonaws.com/alplakes/cropped/sentinel3/geneva/OC3_chla_S3A_20230303T101308_sui_geneva.tif
2023-03-04T09:46:00.000+00:00,S3A,1.90037,0.54206,6.11144,12,https://eawagrs.s3.eu-central-1.amazonaws.com/alplakes/cropped/sentinel3/geneva/OC3_chla_S3A_20230304T094657_sui_geneva.tif
2023-03-05T09:20:00.000+00:00,S3A,2.91613,2.16729,4.8471,1,https://eawagrs.s3.eu-central-1.amazonaws.com/alplakes/cropped/sentinel3/geneva/OC3_chla_S3A_20230305T092046_sui_geneva.tif
2023-03-12T09:39:00.000+00:00,S3A,1.45987,0.0111,3.35249,7,https://eawagrs.s3.eu-central-1.amazonaws.com/alplakes/cropped/sentinel3/geneva/OC3_chla_S3A_20230312T093929_sui_geneva.tif
2023-03-15T10:01:00.000+00:00,S3A,1.80288,0.38587,8.44085,36,https://eawagrs.s3.eu-central-1.amazonaws.com/alplakes/cropped/sentinel3/geneva/OC3_chla_S3A_20230315T100155_sui_geneva.tif
2023-03-18T10:24:00.000+00:00,S3A,2.28274,1.3667,3.61507,4,https://eawagrs.s3.eu-central-1.amazonaws.com/alplakes/cropped/sentinel3/geneva/OC3_chla_S3A_20230318T102423_sui_geneva.tif
2023-03-20T09:32:00.000+00:00,S3A,7.78424,1.53302,12.89279,36,https://eawagrs.s3.eu-central-1.amazonaws.com/alplakes/cropped/sentinel3/geneva/OC3_chla_S3A_20230320T093202_sui_geneva.tif
2023-03-23T09:54:00.000+00:00,S3A,8.25142,6.85919,9.20184,1,https://eawagrs.s3.eu-central-1.amazonaws.com/alplakes/cropped/sentinel3/geneva/OC3_chla_S3A_20230323T095430_sui_geneva.tif
2023-03-22T10:20:00.000+00:00,S3A,7.37739,2.33411,13.4048,59,https://eawagrs.s3.eu-central-1.amazonaws.com/alplakes/cropped/sentinel3/geneva/OC3_chla_S3A_20230322T102041_sui_geneva.tif
2023-03-27T09:50:00.000+00:00,S3A,3.22964,0.40023,9.1899,2,https://eawagrs.s3.eu-central-1.amazonaws.com/alplakes/cropped/sentinel3/geneva/OC3_chla_S3A_20230327T095046_sui_geneva.tif
2023-03-28T09:24:00.000+00:00,S3A,4.26777,1.81,8.95029,7,https://eawagrs.s3.eu-central-1.amazonaws.com/alplakes/cropped/sentinel3/geneva/OC3_chla_S3A_20230328T092436_sui_geneva.tif
2023-03-31T09:47:00.000+00:00,S3A,9.15264,9.15264,9.15264,1,https://eawagrs.s3.eu-central-1.amazonaws.com/alplakes/cropped/sentinel3/geneva/OC3_chla_S3A_20230331T094702_sui_geneva.tif
2023-04-03T10:09:00.000+00:00,S3A,2.77984,1.38959,8.14916,11,https://eawagrs.s3.eu-central-1.amazonaws.com/alplakes/cropped/sentinel3/geneva/OC3_chla_S3A_20230403T100928_sui_geneva.tif
2023-04-04T09:43:00.000+00:00,S3A,2.39137,0.06071,10.16733,63,https://eawagrs.s3.eu-central-1.amazonaws.com/alplakes/cropped/sentinel3/geneva/OC3_chla_S3A_20230404T094317_sui_geneva.tif
2023-04-08T09:39:00.000+00:00,S3A,3.85556,2.00714,8.37979,65,https://eawagrs.s3.eu-central-1.amazonaws.com/alplakes/cropped/sentinel3/geneva/OC3_chla_S3A_20230408T093934_sui_geneva.tif
2023-04-14T10:24:00.000+00:00,S3A,6.27354,0.44519,11.32788,71,https://eawagrs.s3.eu-central-1.amazonaws.com/alplakes/cropped/sentinel3/geneva/OC3_chla_S3A_20230414T102428_sui_geneva.tif
2023-04-18T10:20:00.000+00:00,S3A,7.63688,2.46397,11.32343,71,https://eawagrs.s3.eu-central-1.amazonaws.com/alplakes/cropped/sentinel3/geneva/OC3_chla_S3A_20230418T102043_sui_geneva.tif
2023-04-19T09:54:00.000+00:00,S3A,9.11067,3.30397,11.32003,30,https://eawagrs.s3.eu-central-1.amazonaws.com/alplakes/cropped/sentinel3/geneva/OC3_chla_S3A_20230419T095432_sui_geneva.tif
2023-04-23T09:50:00.000+00:00,S3A,8.63465,6.09853,10.93154,4,https://eawagrs.s3.eu-central-1.amazonaws.com/alplakes/cropped/sentinel3/geneva/OC3_chla_S3A_20230423T095047_sui_geneva.tif
2023-04-24T09:24:00.000+00:00,S3A,11.47822,7.54698,13.69285,4,https://eawagrs.s3.eu-central-1.amazonaws.com/alplakes/cropped/sentinel3/geneva/OC3_chla_S3A_20230424T092436_sui_geneva.tif
2023-04-27T09:47:00.000+00:00,S3A,7.26659,4.14993,9.32774,7,https://eawagrs.s3.eu-central-1.amazonaws.com/alplakes/cropped/sentinel3/geneva/OC3_chla_S3A_20230427T094702_sui_geneva.tif
2023-04-26T10:13:00.000+00:00,S3A,6.58635,2.84315,9.51567,18,https://eawagrs.s3.eu-central-1.amazonaws.com/alplakes/cropped/sentinel3/geneva/OC3_chla_S3A_20230426T101313_sui_geneva.tif
2023-05-04T10:05:00.000+00:00,S3A,3.549,2.31743,7.81927,57,https://eawagrs.s3.eu-central-1.amazonaws.com/alplakes/cropped/sentinel3/geneva/OC3_chla_S3A_20230504T100545_sui_geneva.tif
2023-05-08T10:02:00.000+00:00,S3A,2.79498,2.12372,7.26503,23,https://eawagrs.s3.eu-central-1.amazonaws.com/alplakes/cropped/sentinel3/geneva/OC3_chla_S3A_20230508T100200_sui_geneva.tif
2023-05-11T10:24:00.000+00:00,S3A,2.52959,2.14122,4.9824,8,https://eawagrs.s3.eu-central-1.amazonaws.com/alplakes/cropped/sentinel3/geneva/OC3_chla_S3A_20230511T102426_sui_geneva.tif
2023-05-12T09:58:00.000+00:00,S3A,2.7042,2.17689,4.83298,5,https://eawagrs.s3.eu-central-1.amazonaws.com/alplakes/cropped/sentinel3/geneva/OC3_chla_S3A_20230512T095815_sui_geneva.tif
2023-05-13T09:32:00.000+00:00,S3A,3.47919,2.72411,4.66009,2,https://eawagrs.s3.eu-central-1.amazonaws.com/alplakes/cropped/sentinel3/geneva/OC3_chla_S3A_20230513T093204_sui_geneva.tif
2023-05-15T10:20:00.000+00:00,S3A,3.29152,2.37835,4.92517,4,https://eawagrs.s3.eu-central-1.amazonaws.com/alplakes/cropped/sentinel3/geneva/OC3_chla_S3A_20230515T102041_sui_geneva.tif
2023-05-19T10:16:00.000+00:00,S3A,3.52329,2.84899,4.47165,1,https://eawagrs.s3.eu-central-1.amazonaws.com/alplakes/cropped/sentinel3/geneva/OC3_chla_S3A_20230519T101657_sui_geneva.tif
2023-05-20T09:50:00.000+00:00,S3A,4.60299,2.87082,5.49907,1,https://eawagrs.s3.eu-central-1.amazonaws.com/alplakes/cropped/sentinel3/geneva/OC3_chla_S3A_20230520T095046_sui_geneva.tif
2023-05-23T10:13:00.000+00:00,S3A,5.29542,3.83003,8.74952,1,https://eawagrs.s3.eu-central-1.amazonaws.com/alplakes/cropped/sentinel3/geneva/OC3_chla_S3A_20230523T101313_sui_geneva.tif
2023-05-25T09:20:00.000+00:00,S3A,8.82317,8.19279,10.294,1,https://eawagrs.s3.eu-central-1.amazonaws.com/alplakes/cropped/sentinel3/geneva/OC3_chla_S3A_20230525T092051_sui_geneva.tif
2023-05-27T10:09:00.000+00:00,S3A,5.37014,2.67196,10.66733,61,https://eawagrs.s3.eu-central-1.amazonaws.com/alplakes/cropped/sentinel3/geneva/OC3_chla_S3A_20230527T100928_sui_geneva.tif
2023-05-28T09:43:00.000+00:00,S3A,7.18133,6.20252,8.33776,1,https://eawagrs.s3.eu-central-1.amazonaws.com/alplakes/cropped/sentinel3/geneva/OC3_chla_S3A_20230528T094318_sui_geneva.tif
2023-05-31T10:05:00.000+00:00,S3A,3.76461,2.54079,9.33288,45,https://eawagrs.s3.eu-central-1.amazonaws.com/alplakes/cropped/sentinel3/geneva/OC3_chla_S3A_20230531T100544_sui_geneva.tif
2023-06-01T09:39:00.000+00:00,S3A,4.13031,3.17134,7.04293,7,https://eawagrs.s3.eu-central-1.amazonaws.com/alplakes/cropped/sentinel3/geneva/OC3_chla_S3A_20230601T093933_sui_geneva.tif
2023-06-04T10:01:00.000+00:00,S3A,3.6864,2.59958,5.82462,26,https://eawagrs.s3.eu-central-1.amazonaws.com/alplakes/cropped/sentinel3/geneva/OC3_chla_S3A_20230604T100159_sui_geneva.tif
2023-06-05T09:35:00.000+00:00,S3A,4.12284,2.7059,8.46015,24,https://eawagrs.s3.eu-central-1.amazonaws.com/alplakes/cropped/sentinel3/geneva/OC3_chla_S3A_20230605T093548_sui_geneva.tif
2023-06-07T10:24:00.000+00:00,S3A,3.62721,2.27277,9.21803,25,https://eawagrs.s3.eu-central-1.amazonaws.com/alplakes/cropped/sentinel3/geneva/OC3_chla_S3A_20230607T102424_sui_geneva.tif
2023-06-08T09:58:00.000+00:00,S3A,3.27113,2.14954,8.82478,52,https://eawagrs.s3.eu-central-1.amazonaws.com/alplakes/cropped/sentinel3/geneva/OC3_chla_S3A_20230608T095813_sui_geneva.tif
2023-06-09T09:32:00.000+00:00,S3A,3.48431,2.1773,8.00698,37,https://eawagrs.s3.eu-central-1.amazonaws.com/alplakes/cropped/sentinel3/geneva/OC3_chla_S3A_20230609T093202_sui_geneva.tif
2023-06-11T10:20:00.000+00:00,S3A,2.99869,2.0673,6.43238,53,https://eawagrs.s3.eu-central-1.amazonaws.com/alplakes/cropped/sentinel3/geneva/OC3_chla_S3A_20230611T102039_sui_geneva.tif
2023-06-12T09:54:00.000+00:00,S3A,2.87839,2.09925,6.75746,59,https://eawagrs.s3.eu-central-1.amazonaws.com/alplakes/cropped/sentinel3/geneva/OC3_chla_S3A_20230612T095427_sui_geneva.tif
2023-06-13T09:28:00.000+00:00,S3A,3.07496,2.4444,4.43498,9,https://eawagrs.s3.eu-central-1.amazonaws.com/alplakes/cropped/sentinel3/geneva/OC3_chla_S3A_20230613T092816_sui_geneva.tif
2023-06-15T10:16:00.000+00:00,S3A,3.52079,2.2839,8.5043,65,https://eawagrs.s3.eu-central-1.amazonaws.com/alplakes/cropped/sentinel3/geneva/OC3_chla_S3A_20230615T101653_sui_geneva.tif
2023-06-16T09:50:00.000+00:00,S3A,3.37476,2.49458,4.90354,16,https://eawagrs.s3.eu-central-1.amazonaws.com/alplakes/cropped/sentinel3/geneva/OC3_chla_S3A_20230616T095042_sui_geneva.tif
2023-06-23T10:09:00.000+00:00,S3A,4.13613,2.61899,9.17842,63,https://eawagrs.s3.eu-central-1.amazonaws.com/alplakes/cropped/sentinel3/geneva/OC3_chla_S3A_20230623T100925_sui_geneva.tif
2023-06-24T09:43:00.000+00:00,S3A,4.80766,2.79339,9.83358,77,https://eawagrs.s3.eu-central-1.amazonaws.com/alplakes/cropped/sentinel3/geneva/OC3_chla_S3A_20230624T094314_sui_geneva.tif
2023-07-02T09:35:00.000+00:00,S3A,3.74385,3.08791,4.52317,3,https://eawagrs.s3.eu-central-1.amazonaws.com/alplakes/cropped/sentinel3/geneva/OC3_chla_S3A_20230702T093544_sui_geneva.tif
2023-07-04T10:24:00.000+00:00,S3A,3.49097,2.64079,8.40516,42,https://eawagrs.s3.eu-central-1.amazonaws.com/alplakes/cropped/sentinel3/geneva/OC3_chla_S3A_20230704T102421_sui_geneva.tif
2023-07-06T09:31:00.000+00:00,S3A,3.40725,2.62688,4.96776,34,https://eawagrs.s3.eu-central-1.amazonaws.com/alplakes/cropped/sentinel3/geneva/OC3_chla_S3A_20230706T093159_sui_geneva.tif
2023-07-05T09:58:00.000+00:00,S3A,5.4719,5.4719,5.4719,1,https://eawagrs.s3.eu-central-1.amazonaws.com/alplakes/cropped/sentinel3/geneva/OC3_chla_S3A_20230705T095810_sui_geneva.tif
2023-07-09T09:54:00.000+00:00,S3A,2.56445,2.22267,7.11045,64,https://eawagrs.s3.eu-central-1.amazonaws.com/alplakes/cropped/sentinel3/geneva/OC3_chla_S3A_20230709T095425_sui_geneva.tif
2023-07-13T09:50:00.000+00:00,S3A,2.21762,1.91372,6.89001,28,https://eawagrs.s3.eu-central-1.amazonaws.com/alplakes/cropped/sentinel3/geneva/OC3_chla_S3A_20230713T095041_sui_geneva.tif
2023-07-14T09:24:00.000+00:00,S3A,2.17479,2.00129,2.53432,2,https://eawagrs.s3.eu-central-1.amazonaws.com/alplakes/cropped/sentinel3/geneva/OC3_chla_S3A_20230714T092430_sui_geneva.tif
2023-07-16T10:13:00.000+00:00,S3A,2.32958,2.28664,2.37251,1,https://eawagrs.s3.eu-central-1.amazonaws.com/alplakes/cropped/sentinel3/geneva/OC3_chla_S3A_20230716T101307_sui_geneva.tif
2023-07-20T10:09:00.000+00:00,S3A,2.44975,1.95222,8.55405,51,https://eawagrs.s3.eu-central-1.amazonaws.com/alplakes/cropped/sentinel3/geneva/OC3_chla_S3A_20230720T100922_sui_geneva.tif
2023-07-27T10:28:00.000+00:00,S3A,2.98383,2.81464,3.19987,1,https://eawagrs.s3.eu-central-1.amazonaws.com/alplakes/cropped/sentinel3/geneva/OC3_chla_S3A_20230727T102802_sui_geneva.tif
2023-07-31T10:24:00.000+00:00,S3A,4.0742,2.65027,8.68083,53,https://eawagrs.s3.eu-central-1.amazonaws.com/alplakes/cropped/sentinel3/geneva/OC3_chla_S3A_20230731T102418_sui_geneva.tif
2023-08-02T09:31:00.000+00:00,S3A,5.81485,3.23508,8.6111,36,https://eawagrs.s3.eu-central-1.amazonaws.com/alplakes/cropped/sentinel3/geneva/OC3_chla_S3A_20230802T093156_sui_geneva.tif
2023-08-04T10:20:00.000+00:00,S3A,5.62733,3.74489,7.3959,7,https://eawagrs.s3.eu-central-1.amazonaws.com/alplakes/cropped/sentinel3/geneva/OC3_chla_S3A_20230804T102033_sui_geneva.tif
2023-08-05T09:54:00.000+00:00,S3A,4.19036,2.35172,7.68313,61,https://eawagrs.s3.eu-central-1.amazonaws.com/alplakes/cropped/sentinel3/geneva/OC3_chla_S3A_20230805T095422_sui_geneva.tif
2023-08-06T09:28:00.000+00:00,S3A,6.51381,5.97402,7.0536,1,https://eawagrs.s3.eu-central-1.amazonaws.com/alplakes/cropped/sentinel3/geneva/OC3_chla_S3A_20230806T092811_sui_geneva.tif
2023-08-08T10:16:00.000+00:00,S3A,3.75944,2.42027,7.45908,6,https://eawagrs.s3.eu-central-1.amazonaws.com/alplakes/cropped/sentinel3/geneva/OC3_chla_S3A_20230808T101648_sui_geneva.tif
2023-08-10T09:24:00.000+00:00,S3A,5.82888,3.31538,9.10004,51,https://eawagrs.s3.eu-central-1.amazonaws.com/alplakes/cropped/sentinel3/geneva/OC3_chla_S3A_20230810T092426_sui_geneva.tif
2023-08-12T10:13:00.000+00:00,S3A,5.66812,2.9947,9.40898,32,https://eawagrs.s3.eu-central-1.amazonaws.com/alplakes/cropped/sentinel3/geneva/OC3_chla_S3A_20230812T101303_sui_geneva.tif
2023-08-13T09:46:00.000+00:00,S3A,5.74967,5.01245,7.00887,1,https://eawagrs.s3.eu-central-1.amazonaws.com/alplakes/cropped/sentinel3/geneva/OC3_chla_S3A_20230813T094652_sui_geneva.tif
2023-08-16T10:09:00.000+00:00,S3A,4.82127,2.9693,9.66713,54,https://eawagrs.s3.eu-central-1.amazonaws.com/alplakes/cropped/sentinel3/geneva/OC3_chla_S3A_20230816T100917_sui_geneva.tif
2023-08-20T10:05:00.000+00:00,S3A,5.84405,2.78275,10.69686,81,https://eawagrs.s3.eu-central-1.amazonaws.com/alplakes/cropped/sentinel3/geneva/OC3_chla_S3A_20230820T100533_sui_geneva.tif
2023-08-21T09:39:00.000+00:00,S3A,6.47695,3.34999,11.13629,81,https://eawagrs.s3.eu-central-1.amazonaws.com/alplakes/cropped/sentinel3/geneva/OC3_chla_S3A_20230821T093923_sui_geneva.tif
2023-08-23T10:28:00.000+00:00,S3A,7.2868,7.2868,7.2868,1,https://eawagrs.s3.eu-central-1.amazonaws.com/alplakes/cropped/sentinel3/geneva/OC3_chla_S3A_20230823T102800_sui_geneva.tif
2023-08-24T10:01:00.000+00:00,S3A,5.51188,3.32869,8.51433,72,https://eawagrs.s3.eu-central-1.amazonaws.com/alplakes/cropped/sentinel3/geneva/OC3_chla_S3A_20230824T100149_sui_geneva.tif
2023-09-01T09:54:00.000+00:00,S3A,3.43704,2.15165,9.60188,81,https://eawagrs.s3.eu-central-1.amazonaws.com/alplakes/cropped/sentinel3/geneva/OC3_chla_S3A_20230901T095421_sui_geneva.tif
2023-09-02T09:28:00.000+00:00,S3A,4.886,3.18113,8.43371,3,https://eawagrs.s3.eu-central-1.amazonaws.com/alplakes/cropped/sentinel3/geneva/OC3_chla_S3A_20230902T092811_sui_geneva.tif
2023-09-05T09:50:00.000+00:00,S3A,3.73645,2.60141,8.81004,68,https://eawagrs.s3.eu-central-1.amazonaws.com/alplakes/cropped/sentinel3/geneva/OC3_chla_S3A_20230905T095038_sui_geneva.tif
2023-09-04T10:16:00.000+00:00,S3A,3.16137,2.4524,7.02189,47,https://eawagrs.s3.eu-central-1.amazonaws.com/alplakes/cropped/sentinel3/geneva/OC3_chla_S3A_20230904T101649_sui_geneva.tif
2023-09-06T09:24:00.000+00:00,S3A,4.23134,2.92942,7.56932,65,https://eawagrs.s3.eu-central-1.amazonaws.com/alplakes/cropped/sentinel3/geneva/OC3_chla_S3A_20230906T092427_sui_geneva.tif
2023-09-08T10:13:00.000+00:00,S3A,4.31913,2.75048,8.44468,87,https://eawagrs.s3.eu-central-1.amazonaws.com/alplakes/cropped/sentinel3/geneva/OC3_chla_S3A_20230908T101305_sui_geneva.tif
2023-09-09T09:46:00.000+00:00,S3A,4.5702,3.25408,7.63732,85,https://eawagrs.s3.eu-central-1.amazonaws.com/alplakes/cropped/sentinel3/geneva/OC3_chla_S3A_20230909T094655_sui_geneva.tif
2023-09-10T09:20:00.000+00:00,S3A,4.70667,3.27978,7.63551,74,https://eawagrs.s3.eu-central-1.amazonaws.com/alplakes/cropped/sentinel3/geneva/OC3_chla_S3A_20230910T092044_sui_geneva.tif
2023-09-12T10:09:00.000+00:00,S3A,5.27585,3.14933,7.94899,67,https://eawagrs.s3.eu-central-1.amazonaws.com/alplakes/cropped/sentinel3/geneva/OC3_chla_S3A_20230912T100922_sui_geneva.tif
2023-09-16T10:05:00.000+00:00,S3A,4.81148,3.36547,6.08483,2,https://eawagrs.s3.eu-central-1.amazonaws.com/alplakes/cropped/sentinel3/geneva/OC3_chla_S3A_20230916T100538_sui_geneva.tif
2023-09-20T10:01:00.000+00:00,S3A,3.9042,2.59924,8.39833,81,https://eawagrs.s3.eu-central-1.amazonaws.com/alplakes/cropped/sentinel3/geneva/OC3_chla_S3A_20230920T100153_sui_geneva.tif
2023-09-23T10:24:00.000+00:00,S3A,4.0748,2.28333,6.99645,30,https://eawagrs.s3.eu-central-1.amazonaws.com/alplakes/cropped/sentinel3/geneva/OC3_chla_S3A_20230923T102419_sui_geneva.tif
2023-09-24T09:58:00.000+00:00,S3A,4.25452,2.2825,8.852,65,https://eawagrs.s3.eu-central-1.amazonaws.com/alplakes/cropped/sentinel3/geneva/OC3_chla_S3A_20230924T095808_sui_geneva.tif
2023-09-25T09:31:00.000+00:00,S3A,5.38642,2.85963,9.72055,65,https://eawagrs.s3.eu-central-1.amazonaws.com/alplakes/cropped/sentinel3/geneva/OC3_chla_S3A_20230925T093156_sui_geneva.tif
2023-09-27T10:20:00.000+00:00,S3A,6.32625,2.58134,10.01236,67,https://eawagrs.s3.eu-central-1.amazonaws.com/alplakes/cropped/sentinel3/geneva/OC3_chla_S3A_20230927T102033_sui_geneva.tif
2023-09-29T09:28:00.000+00:00,S3A,9.18674,5.58903,11.93401,42,https://eawagrs.s3.eu-central-1.amazonaws.com/alplakes/cropped/sentinel3/geneva/OC3_chla_S3A_20230929T092812_sui_geneva.tif
2023-10-01T10:16:00.000+00:00,S3A,6.95671,3.28963,9.54558,71,https://eawagrs.s3.eu-central-1.amazonaws.com/alplakes/cropped/sentinel3/geneva/OC3_chla_S3A_20231001T101650_sui_geneva.tif
2023-10-02T09:50:00.000+00:00,S3A,7.52032,3.49275,10.38645,82,https://eawagrs.s3.eu-central-1.amazonaws.com/alplakes/cropped/sentinel3/geneva/OC3_chla_S3A_20231002T095039_sui_geneva.tif
2023-10-03T09:24:00.000+00:00,S3A,8.96531,6.994,10.40499,2,https://eawagrs.s3.eu-central-1.amazonaws.com/alplakes/cropped/sentinel3/geneva/OC3_chla_S3A_20231003T092429_sui_geneva.tif
2023-10-05T10:13:00.000+00:00,S3A,5.22658,3.66649,7.33733,1,https://eawagrs.s3.eu-central-1.amazonaws.com/alplakes/cropped/sentinel3/geneva/OC3_chla_S3A_20231005T101306_sui_geneva.tif
2023-10-06T09:46:00.000+00:00,S3A,6.28749,2.8633,9.24294,34,https://eawagrs.s3.eu-central-1.amazonaws.com/alplakes/cropped/sentinel3/geneva/OC3_chla_S3A_20231006T094656_sui_geneva.tif
2023-10-07T09:20:00.000+00:00,S3A,7.91978,5.40824,9.6046,6,https://eawagrs.s3.eu-central-1.amazonaws.com/alplakes/cropped/sentinel3/geneva/OC3_chla_S3A_20231007T092045_sui_geneva.tif
2023-10-09T10:09:00.000+00:00,S3A,7.46988,3.67437,9.62953,22,https://eawagrs.s3.eu-central-1.amazonaws.com/alplakes/cropped/sentinel3/geneva/OC3_chla_S3A_20231009T100922_sui_geneva.tif
2023-10-13T10:05:00.000+00:00,S3A,6.28731,2.79773,11.5447,51,https://eawagrs.s3.eu-central-1.amazonaws.com/alplakes/cropped/sentinel3/geneva/OC3_chla_S3A_20231013T100537_sui_geneva.tif
2023-10-17T10:01:00.000+00:00,S3A,3.6687,2.34199,8.82438,8,https://eawagrs.s3.eu-central-1.amazonaws.com/alplakes/cropped/sentinel3/geneva/OC3_chla_S3A_20231017T100152_sui_geneva.tif
2023-10-21T09:58:00.000+00:00,S3A,3.37657,1.0531,8.45227,6,https://eawagrs.s3.eu-central-1.amazonaws.com/alplakes/cropped/sentinel3/geneva/OC3_chla_S3A_20231021T095809_sui_geneva.tif
2023-10-22T09:31:00.000+00:00,S3A,5.49014,2.2528,10.07822,18,https://eawagrs.s3.eu-central-1.amazonaws.com/alplakes/cropped/sentinel3/geneva/OC3_chla_S3A_20231022T093158_sui_geneva.tif
2023-10-28T10:16:00.000+00:00,S3A,2.76234,1.89385,10.55988,4,https://eawagrs.s3.eu-central-1.amazonaws.com/alplakes/cropped/sentinel3/geneva/OC3_chla_S3A_20231028T101652_sui_geneva.tif
2023-11-03T09:20:00.000+00:00,S3A,2.7361,1.79012,6.23414,4,https://eawagrs.s3.eu-central-1.amazonaws.com/alplakes/cropped/sentinel3/geneva/OC3_chla_S3A_20231103T092045_sui_geneva.tif
2023-11-05T10:09:00.000+00:00,S3A,2.21526,0.70495,4.59504,9,https://eawagrs.s3.eu-central-1.amazonaws.com/alplakes/cropped/sentinel3/geneva/OC3_chla_S3A_20231105T100921_sui_geneva.tif
2023-11-10T09:39:00.000+00:00,S3A,2.59262,1.75921,10.19283,14,https://eawagrs.s3.eu-central-1.amazonaws.com/alplakes/cropped/sentinel3/geneva/OC3_chla_S3A_20231110T093924_sui_geneva.tif
2023-11-17T09:58:00.000+00:00,S3A,2.28704,0.08501,6.22412,3,https://eawagrs.s3.eu-central-1.amazonaws.com/alplakes/cropped/sentinel3/geneva/OC3_chla_S3A_20231117T095807_sui_geneva.tif
2023-11-21T09:54:00.000+00:00,S3A,2.44443,1.42401,7.49114,2,https://eawagrs.s3.eu-central-1.amazonaws.com/alplakes/cropped/sentinel3/geneva/OC3_chla_S3A_20231121T095422_sui_geneva.tif
2023-11-22T09:28:00.000+00:00,S3A,2.89493,1.53477,11.62144,68,https://eawagrs.s3.eu-central-1.amazonaws.com/alplakes/cropped/sentinel3/geneva/OC3_chla_S3A_20231122T092811_sui_geneva.tif
2023-11-24T10:16:00.000+00:00,S3A,2.16237,0.79695,7.91321,35,https://eawagrs.s3.eu-central-1.amazonaws.com/alplakes/cropped/sentinel3/geneva/OC3_chla_S3A_20231124T101648_sui_geneva.tif
2023-11-25T09:50:00.000+00:00,S3A,4.03871,1.38918,13.52191,17,https://eawagrs.s3.eu-central-1.amazonaws.com/alplakes/cropped/sentinel3/geneva/OC3_chla_S3A_20231125T095037_sui_geneva.tif
2023-11-26T09:24:00.000+00:00,S3A,3.25758,1.9673,12.92272,49,https://eawagrs.s3.eu-central-1.amazonaws.com/alplakes/cropped/sentinel3/geneva/OC3_chla_S3A_20231126T092426_sui_geneva.tif
2023-11-28T10:13:00.000+00:00,S3A,3.83023,1.10782,11.99356,2,https://eawagrs.s3.eu-central-1.amazonaws.com/alplakes/cropped/sentinel3/geneva/OC3_chla_S3A_20231128T101302_sui_geneva.tif
2023-11-29T09:46:00.000+00:00,S3A,2.57841,1.57252,12.19761,58,https://eawagrs.s3.eu-central-1.amazonaws.com/alplakes/cropped/sentinel3/geneva/OC3_chla_S3A_20231129T094651_sui_geneva.tif
2023-12-03T09:43:00.000+00:00,S3A,2.54852,0.16807,11.36905,20,https://eawagrs.s3.eu-central-1.amazonaws.com/alplakes/cropped/sentinel3/geneva/OC3_chla_S3A_20231203T094308_sui_geneva.tif
2023-12-06T10:05:00.000+00:00,S3A,2.03714,0.21589,9.93233,20,https://eawagrs.s3.eu-central-1.amazonaws.com/alplakes/cropped/sentinel3/geneva/OC3_chla_S3A_20231206T100535_sui_geneva.tif
2023-12-10T10:01:00.000+00:00,S3A,2.50662,0.74584,8.53148,2,https://eawagrs.s3.eu-central-1.amazonaws.com/alplakes/cropped/sentinel3/geneva/OC3_chla_S3A_20231210T100151_sui_geneva.tif
2023-12-13T10:24:00.000+00:00,S3A,2.9203,0.09812,14.39492,2,https://eawagrs.s3.eu-central-1.amazonaws.com/alplakes/cropped/sentinel3/geneva/OC3_chla_S3A_20231213T102419_sui_geneva.tif
2023-12-15T09:31:00.000+00:00,S3A,2.93697,1.7414,12.65139,51,https://eawagrs.s3.eu-central-1.amazonaws.com/alplakes/cropped/sentinel3/geneva/OC3_chla_S3A_20231215T093158_sui_geneva.tif
2023-12-17T10:20:00.000+00:00,S3A,2.52677,1.88032,8.99362,2,https://eawagrs.s3.eu-central-1.amazonaws.com/alplakes/cropped/sentinel3/geneva/OC3_chla_S3A_20231217T102036_sui_geneva.tif
2023-12-18T09:54:00.000+00:00,S3A,2.33269,1.59669,9.01357,4,https://eawagrs.s3.eu-central-1.amazonaws.com/alplakes/cropped/sentinel3/geneva/OC3_chla_S3A_20231218T095425_sui_geneva.tif
2023-12-19T09:28:00.000+00:00,S3A,3.11794,2.08036,10.04731,3,https://eawagrs.s3.eu-central-1.amazonaws.com/alplakes/cropped/sentinel3/geneva/OC3_chla_S3A_20231219T092814_sui_geneva.tif
2023-12-29T10:09:00.000+00:00,S3A,3.72935,1.98156,10.77625,1,https://eawagrs.s3.eu-central-1.amazonaws.com/alplakes/cropped/sentinel3/geneva/OC3_chla_S3A_20231229T100923_sui_geneva.tif
2023-12-27T09:20:00.000+00:00,S3A,3.47032,1.96153,11.95572,9,https://eawagrs.s3.eu-central-1.amazonaws.com/alplakes/cropped/sentinel3/geneva/OC3_chla_S3A_20231227T092046_sui_geneva.tif
2023-12-30T09:43:00.000+00:00,S3A,2.868,1.90443,9.11683,10,https://eawagrs.s3.eu-central-1.amazonaws.com/alplakes/cropped/sentinel3/geneva/OC3_chla_S3A_20231230T094312_sui_geneva.tif
2024-01-03T09:39:00.000+00:00,S3A,3.8718,2.05741,10.03787,2,https://eawagrs.s3.eu-central-1.amazonaws.com/alplakes/cropped/sentinel3/geneva/OC3_chla_S3A_20240103T093927_sui_geneva.tif
2024-01-06T10:01:00.000+00:00,S3A,2.17984,1.528,3.45157,1,https://eawagrs.s3.eu-central-1.amazonaws.com/alplakes/cropped/sentinel3/geneva/OC3_chla_S3A_20240106T100154_sui_geneva.tif
2024-01-14T09:54:00.000+00:00,S3A,2.18046,0.56616,8.36032,2,https://eawagrs.s3.eu-central-1.amazonaws.com/alplakes/cropped/sentinel3/geneva/OC3_chla_S3A_20240114T095427_sui_geneva.tif
2024-01-13T10:20:00.000+00:00,S3A,2.21846,1.04914,8.78605,2,https://eawagrs.s3.eu-central-1.amazonaws.com/alplakes/cropped/sentinel3/geneva/OC3_chla_S3A_20240113T102038_sui_geneva.tif
2024-01-15T09:28:00.000+00:00,S3A,11.0359,5.73967,14.87117,2,https://eawagrs.s3.eu-central-1.amazonaws.com/alplakes/cropped/sentinel3/geneva/OC3_chla_S3A_20240115T092816_sui_geneva.tif
2024-01-19T09:24:00.000+00:00,S3A,3.44749,0.60114,13.7801,52,https://eawagrs.s3.eu-central-1.amazonaws.com/alplakes/cropped/sentinel3/geneva/OC3_chla_S3A_20240119T092431_sui_geneva.tif
2024-01-23T09:20:00.000+00:00,S3A,2.55094,0.87785,9.74388,7,https://eawagrs.s3.eu-central-1.amazonaws.com/alplakes/cropped/sentinel3/geneva/OC3_chla_S3A_20240123T092046_sui_geneva.tif
2024-01-25T10:09:00.000+00:00,S3A,1.68555,0.16748,8.93965,25,https://eawagrs.s3.eu-central-1.amazonaws.com/alplakes/cropped/sentinel3/geneva/OC3_chla_S3A_20240125T100923_sui_geneva.tif
2024-01-29T10:05:00.000+00:00,S3A,3.07678,1.24768,6.93478,1,https://eawagrs.s3.eu-central-1.amazonaws.com/alplakes/cropped/sentinel3/geneva/OC3_chla_S3A_20240129T100540_sui_geneva.tif
2024-01-30T09:39:00.000+00:00,S3A,5.62562,2.34412,11.12421,3,https://eawagrs.s3.eu-central-1.amazonaws.com/alplakes/cropped/sentinel3/geneva/OC3_chla_S3A_20240130T093929_sui_geneva.tif
2024-02-03T09:35:00.000+00:00,S3A,2.75811,1.57583,11.02901,19,https://eawagrs.s3.eu-central-1.amazonaws.com/alplakes/cropped/sentinel3/geneva/OC3_chla_S3A_20240203T093545_sui_geneva.tif
2024-02-05T10:24:00.000+00:00,S3A,2.23629,0.40398,8.65068,9,https://eawagrs.s3.eu-central-1.amazonaws.com/alplakes/cropped/sentinel3/geneva/OC3_chla_S3A_20240205T102423_sui_geneva.tif
2024-02-06T09:58:00.000+00:00,S3A,5.09195,4.47921,5.70469,1,https://eawagrs.s3.eu-central-1.amazonaws.com/alplakes/cropped/sentinel3/geneva/OC3_chla_S3A_20240206T095812_sui_geneva.tif
2024-02-07T09:32:00.000+00:00,S3A,5.51114,2.1443,13.85034,2,https://eawagrs.s3.eu-central-1.amazonaws.com/alplakes/cropped/sentinel3/geneva/OC3_chla_S3A_20240207T093201_sui_geneva.tif
2024-02-11T09:28:00.000+00:00,S3A,4.10539,2.49769,6.50746,1,https://eawagrs.s3.eu-central-1.amazonaws.com/alplakes/cropped/sentinel3/geneva/OC3_chla_S3A_20240211T092816_sui_geneva.tif
2024-02-13T10:16:00.000+00:00,S3A,2.16964,0.50758,9.52809,68,https://eawagrs.s3.eu-central-1.amazonaws.com/alplakes/cropped/sentinel3/geneva/OC3_chla_S3A_20240213T101653_sui_geneva.tif
2024-02-14T09:50:00.000+00:00,S3A,2.6887,1.63018,10.00368,32,https://eawagrs.s3.eu-central-1.amazonaws.com/alplakes/cropped/sentinel3/geneva/OC3_chla_S3A_20240214T095042_sui_geneva.tif
2024-02-17T10:13:00.000+00:00,S3A,5.25232,2.63367,8.56061,2,https://eawagrs.s3.eu-central-1.amazonaws.com/alplakes/cropped/sentinel3/geneva/OC3_chla_S3A_20240217T101309_sui_geneva.tif
2024-02-19T09:20:00.000+00:00,S3A,9.09223,4.38147,11.89426,3,https://eawagrs.s3.eu-central-1.amazonaws.com/alplakes/cropped/sentinel3/geneva/OC3_chla_S3A_20240219T092047_sui_geneva.tif
2024-02-25T10:05:00.000+00:00,S3A,3.29513,1.30188,10.41135,31,https://eawagrs.s3.eu-central-1.amazonaws.com/alplakes/cropped/sentinel3/geneva/OC3_chla_S3A_20240225T100539_sui_geneva.tif
2024-02-29T10:01:00.000+00:00,S3A,5.07851,2.16631,10.53865,36,https://eawagrs.s3.eu-central-1.amazonaws.com/alplakes/cropped/sentinel3/geneva/OC3_chla_S3A_20240229T100154_sui_geneva.tif
2024-03-03T10:24:00.000+00:00,S3A,5.00017,2.69793,8.88205,3,https://eawagrs.s3.eu-central-1.amazonaws.com/alplakes/cropped/sentinel3/geneva/OC3_chla_S3A_20240303T102420_sui_geneva.tif
2024-03-05T09:31:00.000+00:00,S3A,7.62906,2.16725,11.94643,30,https://eawagrs.s3.eu-central-1.amazonaws.com/alplakes/cropped/sentinel3/geneva/OC3_chla_S3A_20240305T093158_sui_geneva.tif
2024-03-08T09:54:00.000+00:00,S3A,4.21807,1.99363,8.46229,17,https://eawagrs.s3.eu-central-1.amazonaws.com/alplakes/cropped/sentinel3/geneva/OC3_chla_S3A_20240308T095424_sui_geneva.tif
2024-03-07T10:20:00.000+00:00,S3A,5.15402,1.67578,11.16235,87,https://eawagrs.s3.eu-central-1.amazonaws.com/alplakes/cropped/sentinel3/geneva/OC3_chla_S3A_20240307T102035_sui_geneva.tif
2024-03-11T10:16:00.000+00:00,S3A,3.19918,1.97807,9.19915,14,https://eawagrs.s3.eu-central-1.amazonaws.com/alplakes/cropped/sentinel3/geneva/OC3_chla_S3A_20240311T101652_sui_geneva.tif
2024-03-13T09:24:00.000+00:00,S3A,3.42773,2.02128,8.68557,38,https://eawagrs.s3.eu-central-1.amazonaws.com/alplakes/cropped/sentinel3/geneva/OC3_chla_S3A_20240313T092431_sui_geneva.tif
2024-03-15T10:13:00.000+00:00,S3A,2.79548,2.05845,11.07222,1,https://eawagrs.s3.eu-central-1.amazonaws.com/alplakes/cropped/sentinel3/geneva/OC3_chla_S3A_20240315T101308_sui_geneva.tif
2024-03-16T09:46:00.000+00:00,S3A,8.77679,7.72418,9.88508,1,https://eawagrs.s3.eu-central-1.amazonaws.com/alplakes/cropped/sentinel3/geneva/OC3_chla_S3A_20240316T094658_sui_geneva.tif
2024-03-19T10:09:00.000+00:00,S3A,2.02957,0.97311,9.14002,19,https://eawagrs.s3.eu-central-1.amazonaws.com/alplakes/cropped/sentinel3/geneva/OC3_chla_S3A_20240319T100925_sui_geneva.tif
2024-03-23T10:05:00.000+00:00,S3A,2.30645,0.01766,16.15186,19,https://eawagrs.s3.eu-central-1.amazonaws.com/alplakes/cropped/sentinel3/geneva/OC3_chla_S3A_20240323T100541_sui_geneva.tif
2024-03-28T09:35:00.000+00:00,S3A,2.28419,2.13362,2.48976,1,https://eawagrs.s3.eu-central-1.amazonaws.com/alplakes/cropped/sentinel3/geneva/OC3_chla_S3A_20240328T093546_sui_geneva.tif
2024-03-31T09:58:00.000+00:00,S3A,2.2567,1.30684,8.90701,2,https://eawagrs.s3.eu-central-1.amazonaws.com/alplakes/cropped/sentinel3/geneva/OC3_chla_S3A_20240331T095813_sui_geneva.tif
2024-04-01T09:32:00.000+00:00,S3A,2.30666,1.90934,2.83937,2,https://eawagrs.s3.eu-central-1.amazonaws.com/alplakes/cropped/sentinel3/geneva/OC3_chla_S3A_20240401T093202_sui_geneva.tif
2024-04-04T09:54:00.000+00:00,S3A,1.90357,1.22036,3.28114,1,https://eawagrs.s3.eu-central-1.amazonaws.com/alplakes/cropped/sentinel3/geneva/OC3_chla_S3A_20240404T095428_sui_geneva.tif
2024-04-11T10:13:00.000+00:00,S3A,1.99419,1.0467,9.752,27,https://eawagrs.s3.eu-central-1.amazonaws.com/alplakes/cropped/sentinel3/geneva/OC3_chla_S3A_20240411T101313_sui_geneva.tif
2024-04-12T09:47:00.000+00:00,S3A,1.99084,1.04926,9.18708,37,https://eawagrs.s3.eu-central-1.amazonaws.com/alplakes/cropped/sentinel3/geneva/OC3_chla_S3A_20240412T094702_sui_geneva.tif
2024-04-13T09:20:00.000+00:00,S3A,4.73537,4.73537,4.73537,1,https://eawagrs.s3.eu-central-1.amazonaws.com/alplakes/cropped/sentinel3/geneva/OC3_chla_S3A_20240413T092051_sui_geneva.tif
2024-04-16T09:43:00.000+00:00,S3A,1.84785,0.35045,10.19991,44,https://eawagrs.s3.eu-central-1.amazonaws.com/alplakes/cropped/sentinel3/geneva/OC3_chla_S3A_20240416T094318_sui_geneva.tif
2024-04-20T09:39:00.000+00:00,S3A,1.67895,0.00021,5.72948,24,https://eawagrs.s3.eu-central-1.amazonaws.com/alplakes/cropped/sentinel3/geneva/OC3_chla_S3A_20240420T093933_sui_geneva.tif
2024-04-23T10:01:00.000+00:00,S3A,1.64543,0.364,3.13936,37,https://eawagrs.s3.eu-central-1.amazonaws.com/alplakes/cropped/sentinel3/geneva/OC3_chla_S3A_20240423T100158_sui_geneva.tif
2024-04-24T09:35:00.000+00:00,S3A,1.93354,0.90962,3.60638,42,https://eawagrs.s3.eu-central-1.amazonaws.com/alplakes/cropped/sentinel3/geneva/OC3_chla_S3A_20240424T093547_sui_geneva.tif
2024-04-27T09:58:00.000+00:00,S3A,1.86946,0.94837,9.87556,30,https://eawagrs.s3.eu-central-1.amazonaws.com/alplakes/cropped/sentinel3/geneva/OC3_chla_S3A_20240427T095814_sui_geneva.tif
2024-05-08T10:13:00.000+00:00,S3A,2.48273,1.6317,8.24346,3,https://eawagrs.s3.eu-central-1.amazonaws.com/alplakes/cropped/sentinel3/geneva/OC3_chla_S3A_20240508T101314_sui_geneva.tif
2024-05-09T09:47:00.000+00:00,S3A,1.98821,1.23881,9.69033,22,https://eawagrs.s3.eu-central-1.amazonaws.com/alplakes/cropped/sentinel3/geneva/OC3_chla_S3A_20240509T094703_sui_geneva.tif
2024-05-10T09:20:00.000+00:00,S3A,2.12984,1.58695,7.62777,6,https://eawagrs.s3.eu-central-1.amazonaws.com/alplakes/cropped/sentinel3/geneva/OC3_chla_S3A_20240510T092052_sui_geneva.tif
2024-05-12T10:09:00.000+00:00,S3A,1.64713,1.64713,1.64713,1,https://eawagrs.s3.eu-central-1.amazonaws.com/alplakes/cropped/sentinel3/geneva/OC3_chla_S3A_20240512T100930_sui_geneva.tif
2024-05-17T09:39:00.000+00:00,S3A,2.3425,1.65724,9.21491,67,https://eawagrs.s3.eu-central-1.amazonaws.com/alplakes/cropped/sentinel3/geneva/OC3_chla_S3A_20240517T093933_sui_geneva.tif
2024-05-20T10:02:00.000+00:00,S3A,3.07458,2.36614,3.52707,1,https://eawagrs.s3.eu-central-1.amazonaws.com/alplakes/cropped/sentinel3/geneva/OC3_chla_S3A_20240520T100200_sui_geneva.tif
2024-05-21T09:35:00.000+00:00,S3A,4.531,2.19462,9.28015,12,https://eawagrs.s3.eu-central-1.amazonaws.com/alplakes/cropped/sentinel3/geneva/OC3_chla_S3A_20240521T093549_sui_geneva.tif
2024-05-24T09:58:00.000+00:00,S3A,6.52518,2.42822,10.68086,38,https://eawagrs.s3.eu-central-1.amazonaws.com/alplakes/cropped/sentinel3/geneva/OC3_chla_S3A_20240524T095815_sui_geneva.tif
2024-05-25T09:32:00.000+00:00,S3A,6.87922,2.73233,9.58967,67,https://eawagrs.s3.eu-central-1.amazonaws.com/alplakes/cropped/sentinel3/geneva/OC3_chla_S3A_20240525T093204_sui_geneva.tif
2024-05-28T09:54:00.000+00:00,S3A,4.56515,2.37848,9.74307,77,https://eawagrs.s3.eu-central-1.amazonaws.com/alplakes/cropped/sentinel3/geneva/OC3_chla_S3A_20240528T095431_sui_geneva.tif
2024-06-01T09:50:00.000+00:00,S3A,3.12443,1.86283,8.16155,25,https://eawagrs.s3.eu-central-1.amazonaws.com/alplakes/cropped/sentinel3/geneva/OC3_chla_S3A_20240601T095048_sui_geneva.tif
2024-06-04T10:13:00.000+00:00,S3A,2.65788,2.15671,9.02152,69,https://eawagrs.s3.eu-central-1.amazonaws.com/alplakes/cropped/sentinel3/geneva/OC3_chla_S3A_20240604T101315_sui_geneva.tif
2024-06-05T09:47:00.000+00:00,S3A,2.7807,2.18055,10.52316,34,https://eawagrs.s3.eu-central-1.amazonaws.com/alplakes/cropped/sentinel3/geneva/OC3_chla_S3A_20240605T094704_sui_geneva.tif
2024-06-12T10:05:00.000+00:00,S3A,3.91242,2.2791,8.91842,41,https://eawagrs.s3.eu-central-1.amazonaws.com/alplakes/cropped/sentinel3/geneva/OC3_chla_S3A_20240612T100546_sui_geneva.tif
2024-06-13T09:39:00.000+00:00,S3A,4.18804,2.49023,8.70451,83,https://eawagrs.s3.eu-central-1.amazonaws.com/alplakes/cropped/sentinel3/geneva/OC3_chla_S3A_20240613T093935_sui_geneva.tif
2024-06-16T10:02:00.000+00:00,S3A,4.56188,3.03822,9.17687,15,https://eawagrs.s3.eu-central-1.amazonaws.com/alplakes/cropped/sentinel3/geneva/OC3_chla_S3A_20240616T100201_sui_geneva.tif
2024-06-17T09:35:00.000+00:00,S3A,4.79268,4.01089,5.44113,1,https://eawagrs.s3.eu-central-1.amazonaws.com/alplakes/cropped/sentinel3/geneva/OC3_chla_S3A_20240617T093549_sui_geneva.tif
2024-06-19T10:24:00.000+00:00,S3A,4.51329,3.0267,8.18762,57,https://eawagrs.s3.eu-central-1.amazonaws.com/alplakes/cropped/sentinel3/geneva/OC3_chla_S3A_20240619T102426_sui_geneva.tif
2024-06-21T09:32:00.000+00:00,S3A,5.43274,3.48528,7.90474,51,https://eawagrs.s3.eu-central-1.amazonaws.com/alplakes/cropped/sentinel3/geneva/OC3_chla_S3A_20240621T093204_sui_geneva.tif
2024-06-23T10:20:00.000+00:00,S3A,6.58716,3.98679,8.83572,11,https://eawagrs.s3.eu-central-1.amazonaws.com/alplakes/cropped/sentinel3/geneva/OC3_chla_S3A_20240623T102042_sui_geneva.tif
2024-06-24T09:54:00.000+00:00,S3A,4.12026,2.44006,8.16933,46,https://eawagrs.s3.eu-central-1.amazonaws.com/alplakes/cropped/sentinel3/geneva/OC3_chla_S3A_20240624T095431_sui_geneva.tif
2024-06-25T09:28:00.000+00:00,S3A,3.50146,2.65168,5.40085,30,https://eawagrs.s3.eu-central-1.amazonaws.com/alplakes/cropped/sentinel3/geneva/OC3_chla_S3A_20240625T092820_sui_geneva.tif
2024-06-27T10:16:00.000+00:00,S3A,2.54354,2.14895,9.50332,47,https://eawagrs.s3.eu-central-1.amazonaws.com/alplakes/cropped/sentinel3/geneva/OC3_chla_S3A_20240627T101658_sui_geneva.tif
2024-07-01T10:13:00.000+00:00,S3A,2.37566,2.09365,8.4289,8,https://eawagrs.s3.eu-central-1.amazonaws.com/alplakes/cropped/sentinel3/geneva/OC3_chla_S3A_20240701T101313_sui_geneva.tif
2024-07-02T09:47:00.000+00:00,S3A,2.35006,2.02497,8.4373,60,https://eawagrs.s3.eu-central-1.amazonaws.com/alplakes/cropped/sentinel3/geneva/OC3_chla_S3A_20240702T094702_sui_geneva.tif
2024-07-05T10:09:00.000+00:00,S3A,2.26491,1.99091,8.56436,62,https://eawagrs.s3.eu-central-1.amazonaws.com/alplakes/cropped/sentinel3/geneva/OC3_chla_S3A_20240705T100928_sui_geneva.tif
2024-07-09T10:05:00.000+00:00,S3A,2.36452,1.98694,8.25787,72,https://eawagrs.s3.eu-central-1.amazonaws.com/alplakes/cropped/sentinel3/geneva/OC3_chla_S3A_20240709T100542_sui_geneva.tif
2024-07-13T10:01:00.000+00:00,S3A,2.47127,2.02203,4.2091,16,https://eawagrs.s3.eu-central-1.amazonaws.com/alplakes/cropped/sentinel3/geneva/OC3_chla_S3A_20240713T100158_sui_geneva.tif
2024-07-14T09:35:00.000+00:00,S3A,2.27024,1.8939,5.17474,22,https://eawagrs.s3.eu-central-1.amazonaws.com/alplakes/cropped/sentinel3/geneva/OC3_chla_S3A_20240714T093547_sui_geneva.tif
2024-07-16T10:24:00.000+00:00,S3A,2.23056,1.96601,2.76582,10,https://eawagrs.s3.eu-central-1.amazonaws.com/alplakes/cropped/sentinel3/geneva/OC3_chla_S3A_20240716T102425_sui_geneva.tif
2024-07-17T09:58:00.000+00:00,S3A,2.25355,1.8099,2.95949,48,https://eawagrs.s3.eu-central-1.amazonaws.com/alplakes/cropped/sentinel3/geneva/OC3_chla_S3A_20240717T095814_sui_geneva.tif
2024-07-18T09:32:00.000+00:00,S3A,2.35979,1.92531,2.94362,36,https://eawagrs.s3.eu-central-1.amazonaws.com/alplakes/cropped/sentinel3/geneva/OC3_chla_S3A_20240718T093203_sui_geneva.tif
2024-07-20T10:20:00.000+00:00,S3A,2.16775,1.66797,3.8455,63,https://eawagrs.s3.eu-central-1.amazonaws.com/alplakes/cropped/sentinel3/geneva/OC3_chla_S3A_20240720T102040_sui_geneva.tif
2024-07-24T10:16:00.000+00:00,S3A,2.25926,1.95821,2.48967,11,https://eawagrs.s3.eu-central-1.amazonaws.com/alplakes/cropped/sentinel3/geneva/OC3_chla_S3A_20240724T101655_sui_geneva.tif
2024-07-25T09:50:00.000+00:00,S3A,2.55919,1.94325,8.04109,68,https://eawagrs.s3.eu-central-1.amazonaws.com/alplakes/cropped/sentinel3/geneva/OC3_chla_S3A_20240725T095043_sui_geneva.tif
2024-07-26T09:24:00.000+00:00,S3A,2.45233,2.01612,3.25725,30,https://eawagrs.s3.eu-central-1.amazonaws.com/alplakes/cropped/sentinel3/geneva/OC3_chla_S3A_20240726T092433_sui_geneva.tif
2024-07-29T09:46:00.000+00:00,S3A,2.60039,2.07939,7.47577,73,https://eawagrs.s3.eu-central-1.amazonaws.com/alplakes/cropped/sentinel3/geneva/OC3_chla_S3A_20240729T094659_sui_geneva.tif
2024-07-28T10:13:00.000+00:00,S3A,2.44489,2.02954,7.97744,74,https://eawagrs.s3.eu-central-1.amazonaws.com/alplakes/cropped/sentinel3/geneva/OC3_chla_S3A_20240728T101310_sui_geneva.tif
2024-08-01T10:09:00.000+00:00,S3A,3.1952,2.43326,8.31626,64,https://eawagrs.s3.eu-central-1.amazonaws.com/alplakes/cropped/sentinel3/geneva/OC3_chla_S3A_20240801T100926_sui_geneva.tif
2024-08-02T09:43:00.000+00:00,S3A,3.41727,2.57227,8.32825,74,https://eawagrs.s3.eu-central-1.amazonaws.com/alplakes/cropped/sentinel3/geneva/OC3_chla_S3A_20240802T094315_sui_geneva.tif
2024-08-05T10:05:00.000+00:00,S3A,3.5958,2.60845,8.19391,86,https://eawagrs.s3.eu-central-1.amazonaws.com/alplakes/cropped/sentinel3/geneva/OC3_chla_S3A_20240805T100541_sui_geneva.tif
2024-08-06T09:39:00.000+00:00,S3A,3.27056,2.62081,6.52564,65,https://eawagrs.s3.eu-central-1.amazonaws.com/alplakes/cropped/sentinel3/geneva/OC3_chla_S3A_20240806T093930_sui_geneva.tif
2024-08-09T10:01:00.000+00:00,S3A,3.34202,2.57309,8.79796,85,https://eawagrs.s3.eu-central-1.amazonaws.com/alplakes/cropped/sentinel3/geneva/OC3_chla_S3A_20240809T100156_sui_geneva.tif
2024-08-10T09:35:00.000+00:00,S3A,3.3114,2.57633,7.33017,80,https://eawagrs.s3.eu-central-1.amazonaws.com/alplakes/cropped/sentinel3/geneva/OC3_chla_S3A_20240810T093545_sui_geneva.tif
2024-08-12T10:24:00.000+00:00,S3A,3.20183,2.31308,8.60769,31,https://eawagrs.s3.eu-central-1.amazonaws.com/alplakes/cropped/sentinel3/geneva/OC3_chla_S3A_20240812T102422_sui_geneva.tif
2024-08-13T09:58:00.000+00:00,S3A,3.20251,2.2262,8.06182,82,https://eawagrs.s3.eu-central-1.amazonaws.com/alplakes/cropped/sentinel3/geneva/OC3_chla_S3A_20240813T095811_sui_geneva.tif
2024-08-16T10:20:00.000+00:00,S3A,3.37508,2.59735,8.42707,66,https://eawagrs.s3.eu-central-1.amazonaws.com/alplakes/cropped/sentinel3/geneva/OC3_chla_S3A_20240816T102037_sui_geneva.tif
2024-08-20T10:16:00.000+00:00,S3A,3.94844,2.72342,8.54079,85,https://eawagrs.s3.eu-central-1.amazonaws.com/alplakes/cropped/sentinel3/geneva/OC3_chla_S3A_20240820T101652_sui_geneva.tif
2024-08-21T09:50:00.000+00:00,S3A,4.33204,2.99179,6.03749,17,https://eawagrs.s3.eu-central-1.amazonaws.com/alplakes/cropped/sentinel3/geneva/OC3_chla_S3A_20240821T095041_sui_geneva.tif
2024-08-22T09:24:00.000+00:00,S3A,4.37377,3.12463,7.7819,50,https://eawagrs.s3.eu-central-1.amazonaws.com/alplakes/cropped/sentinel3/geneva/OC3_chla_S3A_20240822T092430_sui_geneva.tif
2024-08-24T10:13:00.000+00:00,S3A,4.82108,3.22606,8.58095,67,https://eawagrs.s3.eu-central-1.amazonaws.com/alplakes/cropped/sentinel3/geneva/OC3_chla_S3A_20240824T101307_sui_geneva.tif
2024-08-28T10:09:00.000+00:00,S3A,5.77516,3.4025,9.90891,73,https://eawagrs.s3.eu-central-1.amazonaws.com/alplakes/cropped/sentinel3/geneva/OC3_chla_S3A_20240828T100922_sui_geneva.tif
2024-08-29T09:43:00.000+00:00,S3A,6.34732,4.27127,8.88389,46,https://eawagrs.s3.eu-central-1.amazonaws.com/alplakes/cropped/sentinel3/geneva/OC3_chla_S3A_20240829T094311_sui_geneva.tif
2024-09-01T10:05:00.000+00:00,S3A,6.10068,3.60348,10.09287,43,https://eawagrs.s3.eu-central-1.amazonaws.com/alplakes/cropped/sentinel3/geneva/OC3_chla_S3A_20240901T100537_sui_geneva.tif
2024-09-02T09:39:00.000+00:00,S3A,6.31169,5.19613,7.47362,1,https://eawagrs.s3.eu-central-1.amazonaws.com/alplakes/cropped/sentinel3/geneva/OC3_chla_S3A_20240902T093925_sui_geneva.tif
2024-09-06T09:35:00.000+00:00,S3A,4.854,2.82309,9.90998,36,https://eawagrs.s3.eu-central-1.amazonaws.com/alplakes/cropped/sentinel3/geneva/OC3_chla_S3A_20240906T093541_sui_geneva.tif
2024-09-10T09:31:00.000+00:00,S3A,4.34422,2.67264,11.5737,5,https://eawagrs.s3.eu-central-1.amazonaws.com/alplakes/cropped/sentinel3/geneva/OC3_chla_S3A_20240910T093156_sui_geneva.tif
2024-09-13T09:54:00.000+00:00,S3A,2.88035,1.95417,6.64347,11,https://eawagrs.s3.eu-central-1.amazonaws.com/alplakes/cropped/sentinel3/geneva/OC3_chla_S3A_20240913T095424_sui_geneva.tif
2024-09-14T09:28:00.000+00:00,S3A,2.46648,2.10394,13.88612,20,https://eawagrs.s3.eu-central-1.amazonaws.com/alplakes/cropped/sentinel3/geneva/OC3_chla_S3A_20240914T092813_sui_geneva.tif
2024-09-16T10:16:00.000+00:00,S3A,2.52926,2.05999,8.26443,2,https://eawagrs.s3.eu-central-1.amazonaws.com/alplakes/cropped/sentinel3/geneva/OC3_chla_S3A_20240916T101650_sui_geneva.tif
2024-09-17T09:50:00.000+00:00,S3A,2.39706,1.98478,14.62758,41,https://eawagrs.s3.eu-central-1.amazonaws.com/alplakes/cropped/sentinel3/geneva/OC3_chla_S3A_20240917T095039_sui_geneva.tif
2024-09-18T09:24:00.000+00:00,S3A,2.35529,2.10959,5.78809,3,https://eawagrs.s3.eu-central-1.amazonaws.com/alplakes/cropped/sentinel3/geneva/OC3_chla_S3A_20240918T092428_sui_geneva.tif
2024-09-20T10:13:00.000+00:00,S3A,2.16691,1.61595,10.04914,60,https://eawagrs.s3.eu-central-1.amazonaws.com/alplakes/cropped/sentinel3/geneva/OC3_chla_S3A_20240920T101307_sui_geneva.tif
2024-09-21T09:46:00.000+00:00,S3A,2.30667,1.82968,9.74227,26,https://eawagrs.s3.eu-central-1.amazonaws.com/alplakes/cropped/sentinel3/geneva/OC3_chla_S3A_20240921T094656_sui_geneva.tif
2024-09-25T09:43:00.000+00:00,S3A,3.93103,2.094,5.9677,1,https://eawagrs.s3.eu-central-1.amazonaws.com/alplakes/cropped/sentinel3/geneva/OC3_chla_S3A_20240925T094313_sui_geneva.tif
2024-09-29T09:39:00.000+00:00,S3A,2.7011,2.7011,2.7011,1,https://eawagrs.s3.eu-central-1.amazonaws.com/alplakes/cropped/sentinel3/geneva/OC3_chla_S3A_20240929T093930_sui_geneva.tif
2024-10-02T10:01:00.000+00:00,S3A,2.21871,1.33909,9.34061,33,https://eawagrs.s3.eu-central-1.amazonaws.com/alplakes/cropped/sentinel3/geneva/OC3_chla_S3A_20241002T100156_sui_geneva.tif
2024-10-03T09:35:00.000+00:00,S3A,2.47381,2.33011,2.57525,1,https://eawagrs.s3.eu-central-1.amazonaws.com/alplakes/cropped/sentinel3/geneva/OC3_chla_S3A_20241003T093545_sui_geneva.tif
2024-10-05T10:24:00.000+00:00,S3A,2.29426,1.53744,8.94288,51,https://eawagrs.s3.eu-central-1.amazonaws.com/alplakes/cropped/sentinel3/geneva/OC3_chla_S3A_20241005T102421_sui_geneva.tif
2024-10-10T09:54:00.000+00:00,S3A,2.80958,1.55776,6.75706,1,https://eawagrs.s3.eu-central-1.amazonaws.com/alplakes/cropped/sentinel3/geneva/OC3_chla_S3A_20241010T095428_sui_geneva.tif
2024-10-11T09:28:00.000+00:00,S3A,2.34007,1.71861,6.33978,8,https://eawagrs.s3.eu-central-1.amazonaws.com/alplakes/cropped/sentinel3/geneva/OC3_chla_S3A_20241011T092817_sui_geneva.tif
2024-10-17T10:13:00.000+00:00,S3A,4.56225,2.79879,8.17618,1,https://eawagrs.s3.eu-central-1.amazonaws.com/alplakes/cropped/sentinel3/geneva/OC3_chla_S3A_20241017T101309_sui_geneva.tif
2024-10-21T10:09:00.000+00:00,S3A,2.86007,1.89202,5.05527,1,https://eawagrs.s3.eu-central-1.amazonaws.com/alplakes/cropped/sentinel3/geneva/OC3_chla_S3A_20241021T100925_sui_geneva.tif
2024-10-22T09:43:00.000+00:00,S3A,7.97518,7.89529,8.01512,1,https://eawagrs.s3.eu-central-1.amazonaws.com/alplakes/cropped/sentinel3/geneva/OC3_chla_S3A_20241022T094315_sui_geneva.tif
2024-10-25T10:05:00.000+00:00,S3A,2.71108,1.54652,9.94835,3,https://eawagrs.s3.eu-central-1.amazonaws.com/alplakes/cropped/sentinel3/geneva/OC3_chla_S3A_20241025T100541_sui_geneva.tif
2024-10-29T10:01:00.000+00:00,S3A,4.96741,2.2691,10.32161,1,https://eawagrs.s3.eu-central-1.amazonaws.com/alplakes/cropped/sentinel3/geneva/OC3_chla_S3A_20241029T100155_sui_geneva.tif
2024-10-30T09:35:00.000+00:00,S3A,4.3606,2.28068,8.51132,1,https://eawagrs.s3.eu-central-1.amazonaws.com/alplakes/cropped/sentinel3/geneva/OC3_chla_S3A_20241030T093544_sui_geneva.tif
2024-11-01T10:24:00.000+00:00,S3A,2.81534,1.95857,9.37322,2,https://eawagrs.s3.eu-central-1.amazonaws.com/alplakes/cropped/sentinel3/geneva/OC3_chla_S3A_20241101T102422_sui_geneva.tif
2024-11-02T09:58:00.000+00:00,S3A,3.0793,1.77965,9.16976,2,https://eawagrs.s3.eu-central-1.amazonaws.com/alplakes/cropped/sentinel3/geneva/OC3_chla_S3A_20241102T095812_sui_geneva.tif
2024-11-05T10:20:00.000+00:00,S3A,7.72482,6.13855,8.7282,1,https://eawagrs.s3.eu-central-1.amazonaws.com/alplakes/cropped/sentinel3/geneva/OC3_chla_S3A_20241105T102038_sui_geneva.tif
2024-11-07T09:28:00.000+00:00,S3A,8.41895,8.41895,8.41895,1,https://eawagrs.s3.eu-central-1.amazonaws.com/alplakes/cropped/sentinel3/geneva/OC3_chla_S3A_20241107T092816_sui_geneva.tif
2024-11-10T09:50:00.000+00:00,S3A,4.29754,2.04218,11.40145,12,https://eawagrs.s3.eu-central-1.amazonaws.com/alplakes/cropped/sentinel3/geneva/OC3_chla_S3A_20241110T095041_sui_geneva.tif
2024-11-14T09:46:00.000+00:00,S3A,2.57028,0.35636,13.10445,27,https://eawagrs.s3.eu-central-1.amazonaws.com/alplakes/cropped/sentinel3/geneva/OC3_chla_S3A_20241114T094656_sui_geneva.tif
2024-11-15T09:20:00.000+00:00,S3A,2.79958,0.72985,9.1935,24,https://eawagrs.s3.eu-central-1.amazonaws.com/alplakes/cropped/sentinel3/geneva/OC3_chla_S3A_20241115T092046_sui_geneva.tif
2024-11-18T09:43:00.000+00:00,S3A,3.28113,1.80085,8.22453,1,https://eawagrs.s3.eu-central-1.amazonaws.com/alplakes/cropped/sentinel3/geneva/OC3_chla_S3A_20241118T094312_sui_geneva.tif
2024-11-17T10:09:00.000+00:00,S3A,2.00359,0.09402,9.74217,29,https://eawagrs.s3.eu-central-1.amazonaws.com/alplakes/cropped/sentinel3/geneva/OC3_chla_S3A_20241117T100923_sui_geneva.tif
2024-11-25T10:01:00.000+00:00,S3A,2.06898,1.14968,7.96592,14,https://eawagrs.s3.eu-central-1.amazonaws.com/alplakes/cropped/sentinel3/geneva/OC3_chla_S3A_20241125T100153_sui_geneva.tif
2024-11-26T09:35:00.000+00:00,S3A,5.18097,5.18097,5.18097,1,https://eawagrs.s3.eu-central-1.amazonaws.com/alplakes/cropped/sentinel3/geneva/OC3_chla_S3A_20241126T093542_sui_geneva.tif
2024-11-29T09:58:00.000+00:00,S3A,2.47899,1.68227,6.87825,1,https://eawagrs.s3.eu-central-1.amazonaws.com/alplakes/cropped/sentinel3/geneva/OC3_chla_S3A_20241129T095809_sui_geneva.tif
2024-11-30T09:31:00.000+00:00,S3A,2.39021,1.21713,8.01362,6,https://eawagrs.s3.eu-central-1.amazonaws.com/alplakes/cropped/sentinel3/geneva/OC3_chla_S3A_20241130T093158_sui_geneva.tif
2024-12-04T09:28:00.000+00:00,S3A,4.97581,0,12.73376,17,https://eawagrs.s3.eu-central-1.amazonaws.com/alplakes/cropped/sentinel3/geneva/OC3_chla_S3A_20241204T092813_sui_geneva.tif
2024-12-06T10:16:00.000+00:00,S3A,3.24229,1.96508,8.18155,1,https://eawagrs.s3.eu-central-1.amazonaws.com/alplakes/cropped/sentinel3/geneva/OC3_chla_S3A_20241206T101650_geneva.tif
2024-12-06T10:16:00.000+00:00,S3A,3.42408,1.90436,8.74551,1,https://eawagrs.s3.eu-central-1.amazonaws.com/alplakes/cropped/sentinel3/geneva/OC3_chla_S3A_20241206T101650_sui_geneva.tif
2024-12-10T10:13:00.000+00:00,S3A,3.68805,0.00002,9.01887,2,https://eawagrs.s3.eu-central-1.amazonaws.com/alplakes/cropped/sentinel3/geneva/OC3_chla_S3A_20241210T101305_geneva.tif
2024-12-10T10:13:00.000+00:00,S3A,3.75047,0.00002,9.47698,2,https://eawagrs.s3.eu-central-1.amazonaws.com/alplakes/cropped/sentinel3/geneva/OC3_chla_S3A_20241210T101305_sui_geneva.tif
2024-12-11T09:46:00.000+00:00,S3A,2.5824,0,10.63481,12,https://eawagrs.s3.eu-central-1.amazonaws.com/alplakes/cropped/sentinel3/geneva/OC3_chla_S3A_20241211T094653_geneva.tif
2024-12-11T09:46:00.000+00:00,S3A,2.56558,0.00004,10.52042,12,https://eawagrs.s3.eu-central-1.amazonaws.com/alplakes/cropped/sentinel3/geneva/OC3_chla_S3A_20241211T094653_sui_geneva.tif
2024-12-12T09:20:00.000+00:00,S3A,4.40673,2.23225,10.70782,2,https://eawagrs.s3.eu-central-1.amazonaws.com/alplakes/cropped/sentinel3/geneva/OC3_chla_S3A_20241212T092042_geneva.tif
2024-12-12T09:20:00.000+00:00,S3A,4.4946,2.23249,10.72561,2,https://eawagrs.s3.eu-central-1.amazonaws.com/alplakes/cropped/sentinel3/geneva/OC3_chla_S3A_20241212T092042_sui_geneva.tif
2024-12-15T09:43:00.000+00:00,S3A,8.84814,2.07634,13.15778,2,https://eawagrs.s3.eu-central-1.amazonaws.com/alplakes/cropped/sentinel3/geneva/OC3_chla_S3A_20241215T094308_geneva.tif
2024-12-18T10:05:00.000+00:00,S3A,6.25006,2.32491,10.17521,1,https://eawagrs.s3.eu-central-1.amazonaws.com/alplakes/cropped/sentinel3/geneva/OC3_chla_S3A_20241218T100535_geneva.tif
2024-12-23T09:35:00.000+00:00,S3A,10.51914,10.51914,10.51914,1,https://eawagrs.s3.eu-central-1.amazonaws.com/alplakes/cropped/sentinel3/geneva/OC3_chla_S3A_20241223T093541_geneva.tif
2024-12-25T10:24:00.000+00:00,S3A,2.74994,1.09882,223.67752,27,https://eawagrs.s3.eu-central-1.amazonaws.com/alplakes/cropped/sentinel3/geneva/OC3_chla_S3A_20241225T102419_geneva.tif
2024-12-27T09:31:00.000+00:00,S3A,9.59833,9.59833,9.59833,1,https://eawagrs.s3.eu-central-1.amazonaws.com/alplakes/cropped/sentinel3/geneva/OC3_chla_S3A_20241227T093158_geneva.tif
2024-12-29T10:20:00.000+00:00,S3A,2.69768,1.76945,8.78475,2,https://eawagrs.s3.eu-central-1.amazonaws.com/alplakes/cropped/sentinel3/geneva/OC3_chla_S3A_20241229T102036_geneva.tif
2024-12-30T09:54:00.000+00:00,S3A,3.12544,1.9426,6.92375,1,https://eawagrs.s3.eu-central-1.amazonaws.com/alplakes/cropped/sentinel3/geneva/OC3_chla_S3A_20241230T095425_geneva.tif
2024-12-31T09:28:00.000+00:00,S3A,6.23132,1.99737,15.83516,1,https://eawagrs.s3.eu-central-1.amazonaws.com/alplakes/cropped/sentinel3/geneva/OC3_chla_S3A_20241231T092814_geneva.tif
2025-01-02T10:16:00.000+00:00,S3A,2.5227,1.52136,4.58143,1,https://eawagrs.s3.eu-central-1.amazonaws.com/alplakes/cropped/sentinel3/geneva/OC3_chla_S3A_20250102T101651_geneva.tif
2025-01-03T09:50:00.000+00:00,S3A,3.58459,1.30908,24.61915,55,https://eawagrs.s3.eu-central-1.amazonaws.com/alplakes/cropped/sentinel3/geneva/OC3_chla_S3A_20250103T095040_geneva.tif
2023-01-04T09:37:00.000+00:00,S3B,10.23704,9.80767,10.74773,1,https://eawagrs.s3.eu-central-1.amazonaws.com/alplakes/cropped/sentinel3/geneva/OC3_chla_S3B_20230104T093744_sui_geneva.tif
2023-01-07T10:00:00.000+00:00,S3B,7.21868,2.14266,15.2402,32,https://eawagrs.s3.eu-central-1.amazonaws.com/alplakes/cropped/sentinel3/geneva/OC3_chla_S3B_20230107T100010_sui_geneva.tif
2023-01-10T10:22:00.000+00:00,S3B,3.0578,1.46658,12.34851,17,https://eawagrs.s3.eu-central-1.amazonaws.com/alplakes/cropped/sentinel3/geneva/OC3_chla_S3B_20230110T102236_sui_geneva.tif
2023-01-12T09:30:00.000+00:00,S3B,12.25201,10.80606,12.97665,1,https://eawagrs.s3.eu-central-1.amazonaws.com/alplakes/cropped/sentinel3/geneva/OC3_chla_S3B_20230112T093013_sui_geneva.tif
2023-01-20T09:22:00.000+00:00,S3B,8.86219,5.09739,13.05768,1,https://eawagrs.s3.eu-central-1.amazonaws.com/alplakes/cropped/sentinel3/geneva/OC3_chla_S3B_20230120T092244_sui_geneva.tif
2023-01-19T09:48:00.000+00:00,S3B,5.45288,2.02892,13.49548,8,https://eawagrs.s3.eu-central-1.amazonaws.com/alplakes/cropped/sentinel3/geneva/OC3_chla_S3B_20230119T094855_sui_geneva.tif
2023-01-22T10:11:00.000+00:00,S3B,4.56251,0,13.44872,8,https://eawagrs.s3.eu-central-1.amazonaws.com/alplakes/cropped/sentinel3/geneva/OC3_chla_S3B_20230122T101121_sui_geneva.tif
2023-01-24T09:18:00.000+00:00,S3B,5.40768,2.20486,14.10312,4,https://eawagrs.s3.eu-central-1.amazonaws.com/alplakes/cropped/sentinel3/geneva/OC3_chla_S3B_20230124T091859_sui_geneva.tif
2023-01-23T09:45:00.000+00:00,S3B,2.59168,0.92433,12.67555,7,https://eawagrs.s3.eu-central-1.amazonaws.com/alplakes/cropped/sentinel3/geneva/OC3_chla_S3B_20230123T094509_sui_geneva.tif
2023-01-30T10:03:00.000+00:00,S3B,2.49013,1.00079,10.00108,6,https://eawagrs.s3.eu-central-1.amazonaws.com/alplakes/cropped/sentinel3/geneva/OC3_chla_S3B_20230130T100354_sui_geneva.tif
2023-01-31T09:37:00.000+00:00,S3B,3.6555,1.51615,11.90957,25,https://eawagrs.s3.eu-central-1.amazonaws.com/alplakes/cropped/sentinel3/geneva/OC3_chla_S3B_20230131T093744_sui_geneva.tif
2023-02-02T10:26:00.000+00:00,S3B,2.21678,1.0023,11.13427,24,https://eawagrs.s3.eu-central-1.amazonaws.com/alplakes/cropped/sentinel3/geneva/OC3_chla_S3B_20230202T102622_sui_geneva.tif
2023-02-03T10:00:00.000+00:00,S3B,2.52524,0.42679,13.19462,28,https://eawagrs.s3.eu-central-1.amazonaws.com/alplakes/cropped/sentinel3/geneva/OC3_chla_S3B_20230203T100011_sui_geneva.tif
2023-02-04T09:34:00.000+00:00,S3B,8.15048,2.48227,13.74343,1,https://eawagrs.s3.eu-central-1.amazonaws.com/alplakes/cropped/sentinel3/geneva/OC3_chla_S3B_20230204T093400_sui_geneva.tif
2023-02-06T10:22:00.000+00:00,S3B,3.25529,0.62822,10.26575,5,https://eawagrs.s3.eu-central-1.amazonaws.com/alplakes/cropped/sentinel3/geneva/OC3_chla_S3B_20230206T102238_sui_geneva.tif
2023-02-07T09:56:00.000+00:00,S3B,2.45258,0.77043,10.27436,48,https://eawagrs.s3.eu-central-1.amazonaws.com/alplakes/cropped/sentinel3/geneva/OC3_chla_S3B_20230207T095628_sui_geneva.tif
2023-02-08T09:30:00.000+00:00,S3B,5.45432,1.73842,11.43774,2,https://eawagrs.s3.eu-central-1.amazonaws.com/alplakes/cropped/sentinel3/geneva/OC3_chla_S3B_20230208T093017_sui_geneva.tif
2023-02-10T10:18:00.000+00:00,S3B,2.27754,0.72258,10.93794,31,https://eawagrs.s3.eu-central-1.amazonaws.com/alplakes/cropped/sentinel3/geneva/OC3_chla_S3B_20230210T101854_sui_geneva.tif
2023-02-12T09:26:00.000+00:00,S3B,5.21036,2.07838,11.23329,7,https://eawagrs.s3.eu-central-1.amazonaws.com/alplakes/cropped/sentinel3/geneva/OC3_chla_S3B_20230212T092632_sui_geneva.tif
2023-02-14T10:15:00.000+00:00,S3B,2.97626,1.31396,10.72734,26,https://eawagrs.s3.eu-central-1.amazonaws.com/alplakes/cropped/sentinel3/geneva/OC3_chla_S3B_20230214T101509_sui_geneva.tif
2023-02-15T09:48:00.000+00:00,S3B,2.91994,1.15952,11.13047,42,https://eawagrs.s3.eu-central-1.amazonaws.com/alplakes/cropped/sentinel3/geneva/OC3_chla_S3B_20230215T094858_sui_geneva.tif
2023-02-16T09:22:00.000+00:00,S3B,6.84565,2.00251,14.00314,33,https://eawagrs.s3.eu-central-1.amazonaws.com/alplakes/cropped/sentinel3/geneva/OC3_chla_S3B_20230216T092247_sui_geneva.tif
2023-02-18T10:11:00.000+00:00,S3B,4.22812,2.13512,10.62866,1,https://eawagrs.s3.eu-central-1.amazonaws.com/alplakes/cropped/sentinel3/geneva/OC3_chla_S3B_20230218T101125_sui_geneva.tif
2023-02-19T09:45:00.000+00:00,S3B,6.65384,2.36949,11.73239,45,https://eawagrs.s3.eu-central-1.amazonaws.com/alplakes/cropped/sentinel3/geneva/OC3_chla_S3B_20230219T094514_sui_geneva.tif
2023-02-20T09:19:00.000+00:00,S3B,9.99984,5.9117,12.72109,7,https://eawagrs.s3.eu-central-1.amazonaws.com/alplakes/cropped/sentinel3/geneva/OC3_chla_S3B_20230220T091903_sui_geneva.tif
2023-02-23T09:41:00.000+00:00,S3B,9.15646,3.36475,12.4718,3,https://eawagrs.s3.eu-central-1.amazonaws.com/alplakes/cropped/sentinel3/geneva/OC3_chla_S3B_20230223T094130_sui_geneva.tif
2023-02-27T09:37:00.000+00:00,S3B,2.57398,0.91125,10.12331,11,https://eawagrs.s3.eu-central-1.amazonaws.com/alplakes/cropped/sentinel3/geneva/OC3_chla_S3B_20230227T093746_sui_geneva.tif
2023-02-26T10:03:00.000+00:00,S3B,4.84818,0.24127,12.57797,13,https://eawagrs.s3.eu-central-1.amazonaws.com/alplakes/cropped/sentinel3/geneva/OC3_chla_S3B_20230226T100357_sui_geneva.tif
2023-03-03T09:34:00.000+00:00,S3B,2.0518,1.99056,2.08989,1,https://eawagrs.s3.eu-central-1.amazonaws.com/alplakes/cropped/sentinel3/geneva/OC3_chla_S3B_20230303T093401_sui_geneva.tif
2023-03-05T10:22:00.000+00:00,S3B,2.09129,0.87539,7.37435,20,https://eawagrs.s3.eu-central-1.amazonaws.com/alplakes/cropped/sentinel3/geneva/OC3_chla_S3B_20230305T102237_sui_geneva.tif
2023-03-06T09:56:00.000+00:00,S3B,2.03792,0.54759,4.62523,16,https://eawagrs.s3.eu-central-1.amazonaws.com/alplakes/cropped/sentinel3/geneva/OC3_chla_S3B_20230306T095626_sui_geneva.tif
2023-03-07T09:30:00.000+00:00,S3B,2.2474,1.21617,8.274,38,https://eawagrs.s3.eu-central-1.amazonaws.com/alplakes/cropped/sentinel3/geneva/OC3_chla_S3B_20230307T093015_sui_geneva.tif
2023-03-09T10:18:00.000+00:00,S3B,1.69358,0.29293,8.82859,36,https://eawagrs.s3.eu-central-1.amazonaws.com/alplakes/cropped/sentinel3/geneva/OC3_chla_S3B_20230309T101853_sui_geneva.tif
2023-03-13T10:15:00.000+00:00,S3B,2.97414,1.64071,7.17443,2,https://eawagrs.s3.eu-central-1.amazonaws.com/alplakes/cropped/sentinel3/geneva/OC3_chla_S3B_20230313T101509_sui_geneva.tif
2023-03-15T09:22:00.000+00:00,S3B,2.58977,1.53948,8.48463,30,https://eawagrs.s3.eu-central-1.amazonaws.com/alplakes/cropped/sentinel3/geneva/OC3_chla_S3B_20230315T092247_sui_geneva.tif
2023-03-18T09:45:00.000+00:00,S3B,2.87926,1.94812,5.43276,13,https://eawagrs.s3.eu-central-1.amazonaws.com/alplakes/cropped/sentinel3/geneva/OC3_chla_S3B_20230318T094514_sui_geneva.tif
2023-03-21T10:07:00.000+00:00,S3B,4.70535,3.33697,8.11919,1,https://eawagrs.s3.eu-central-1.amazonaws.com/alplakes/cropped/sentinel3/geneva/OC3_chla_S3B_20230321T100740_sui_geneva.tif
2023-03-22T09:41:00.000+00:00,S3B,8.03934,2.47812,11.89307,49,https://eawagrs.s3.eu-central-1.amazonaws.com/alplakes/cropped/sentinel3/geneva/OC3_chla_S3B_20230322T094128_sui_geneva.tif
2023-03-25T10:03:00.000+00:00,S3B,6.93419,2.87145,10.28023,2,https://eawagrs.s3.eu-central-1.amazonaws.com/alplakes/cropped/sentinel3/geneva/OC3_chla_S3B_20230325T100355_sui_geneva.tif
2023-04-03T09:30:00.000+00:00,S3B,3.11078,0.70546,8.45441,8,https://eawagrs.s3.eu-central-1.amazonaws.com/alplakes/cropped/sentinel3/geneva/OC3_chla_S3B_20230403T093014_sui_geneva.tif
2023-04-05T10:18:00.000+00:00,S3B,2.29432,0.86947,9.35293,74,https://eawagrs.s3.eu-central-1.amazonaws.com/alplakes/cropped/sentinel3/geneva/OC3_chla_S3B_20230405T101851_sui_geneva.tif
2023-04-09T10:15:00.000+00:00,S3B,4.04701,1.52335,8.45345,81,https://eawagrs.s3.eu-central-1.amazonaws.com/alplakes/cropped/sentinel3/geneva/OC3_chla_S3B_20230409T101508_sui_geneva.tif
2023-04-10T09:48:00.000+00:00,S3B,4.91548,2.70116,9.05857,19,https://eawagrs.s3.eu-central-1.amazonaws.com/alplakes/cropped/sentinel3/geneva/OC3_chla_S3B_20230410T094857_sui_geneva.tif
2023-04-13T10:11:00.000+00:00,S3B,7.54885,1.12729,11.893,4,https://eawagrs.s3.eu-central-1.amazonaws.com/alplakes/cropped/sentinel3/geneva/OC3_chla_S3B_20230413T101125_sui_geneva.tif
2023-04-14T09:45:00.000+00:00,S3B,6.97809,0.75448,10.94738,77,https://eawagrs.s3.eu-central-1.amazonaws.com/alplakes/cropped/sentinel3/geneva/OC3_chla_S3B_20230414T094514_sui_geneva.tif
2023-04-17T10:07:00.000+00:00,S3B,8.46507,1.76166,13.61746,30,https://eawagrs.s3.eu-central-1.amazonaws.com/alplakes/cropped/sentinel3/geneva/OC3_chla_S3B_20230417T100741_sui_geneva.tif
2023-04-18T09:41:00.000+00:00,S3B,8.48514,3.18244,12.16251,72,https://eawagrs.s3.eu-central-1.amazonaws.com/alplakes/cropped/sentinel3/geneva/OC3_chla_S3B_20230418T094130_sui_geneva.tif
2023-04-24T10:26:00.000+00:00,S3B,9.48584,3.73966,12.11695,20,https://eawagrs.s3.eu-central-1.amazonaws.com/alplakes/cropped/sentinel3/geneva/OC3_chla_S3B_20230424T102624_sui_geneva.tif
2023-04-25T10:00:00.000+00:00,S3B,8.94078,3.02313,13.05675,18,https://eawagrs.s3.eu-central-1.amazonaws.com/alplakes/cropped/sentinel3/geneva/OC3_chla_S3B_20230425T100013_sui_geneva.tif
2023-04-26T09:34:00.000+00:00,S3B,7.61984,4.73674,8.9073,3,https://eawagrs.s3.eu-central-1.amazonaws.com/alplakes/cropped/sentinel3/geneva/OC3_chla_S3B_20230426T093403_sui_geneva.tif
2023-05-02T10:18:00.000+00:00,S3B,6.07346,2.95238,9.07393,75,https://eawagrs.s3.eu-central-1.amazonaws.com/alplakes/cropped/sentinel3/geneva/OC3_chla_S3B_20230502T101857_sui_geneva.tif
2023-05-03T09:52:00.000+00:00,S3B,5.45173,2.71504,8.85784,83,https://eawagrs.s3.eu-central-1.amazonaws.com/alplakes/cropped/sentinel3/geneva/OC3_chla_S3B_20230503T095246_sui_geneva.tif
2023-05-04T09:26:00.000+00:00,S3B,4.05581,2.88452,6.45419,14,https://eawagrs.s3.eu-central-1.amazonaws.com/alplakes/cropped/sentinel3/geneva/OC3_chla_S3B_20230504T092635_sui_geneva.tif
2023-05-08T09:22:00.000+00:00,S3B,3.2202,2.47436,5.61562,18,https://eawagrs.s3.eu-central-1.amazonaws.com/alplakes/cropped/sentinel3/geneva/OC3_chla_S3B_20230508T092250_sui_geneva.tif
2023-05-10T10:11:00.000+00:00,S3B,2.97763,2.08367,7.95788,35,https://eawagrs.s3.eu-central-1.amazonaws.com/alplakes/cropped/sentinel3/geneva/OC3_chla_S3B_20230510T101127_sui_geneva.tif
2023-05-11T09:45:00.000+00:00,S3B,2.7423,2.14797,3.77477,18,https://eawagrs.s3.eu-central-1.amazonaws.com/alplakes/cropped/sentinel3/geneva/OC3_chla_S3B_20230511T094516_sui_geneva.tif
2023-05-14T10:07:00.000+00:00,S3B,3.21423,2.26852,7.06536,11,https://eawagrs.s3.eu-central-1.amazonaws.com/alplakes/cropped/sentinel3/geneva/OC3_chla_S3B_20230514T100744_sui_geneva.tif
2023-05-15T09:41:00.000+00:00,S3B,3.63561,2.46239,8.64924,5,https://eawagrs.s3.eu-central-1.amazonaws.com/alplakes/cropped/sentinel3/geneva/OC3_chla_S3B_20230515T094133_sui_geneva.tif
2023-05-18T10:04:00.000+00:00,S3B,3.33914,2.57031,5.67759,4,https://eawagrs.s3.eu-central-1.amazonaws.com/alplakes/cropped/sentinel3/geneva/OC3_chla_S3B_20230518T100401_sui_geneva.tif
2023-05-19T09:37:00.000+00:00,S3B,3.46299,2.34728,5.79067,5,https://eawagrs.s3.eu-central-1.amazonaws.com/alplakes/cropped/sentinel3/geneva/OC3_chla_S3B_20230519T093750_sui_geneva.tif
2023-05-22T10:00:00.000+00:00,S3B,4.69755,2.7585,9.55384,39,https://eawagrs.s3.eu-central-1.amazonaws.com/alplakes/cropped/sentinel3/geneva/OC3_chla_S3B_20230522T100017_sui_geneva.tif
2023-05-25T10:22:00.000+00:00,S3B,6.8249,3.3572,9.68357,6,https://eawagrs.s3.eu-central-1.amazonaws.com/alplakes/cropped/sentinel3/geneva/OC3_chla_S3B_20230525T102244_sui_geneva.tif
2023-05-26T09:56:00.000+00:00,S3B,6.96127,2.91136,10.63647,19,https://eawagrs.s3.eu-central-1.amazonaws.com/alplakes/cropped/sentinel3/geneva/OC3_chla_S3B_20230526T095633_sui_geneva.tif
2023-05-27T09:30:00.000+00:00,S3B,8.23361,3.62484,10.71595,7,https://eawagrs.s3.eu-central-1.amazonaws.com/alplakes/cropped/sentinel3/geneva/OC3_chla_S3B_20230527T093022_sui_geneva.tif
2023-05-29T10:19:00.000+00:00,S3B,4.96077,3.21878,7.36861,6,https://eawagrs.s3.eu-central-1.amazonaws.com/alplakes/cropped/sentinel3/geneva/OC3_chla_S3B_20230529T101900_sui_geneva.tif
2023-05-31T09:26:00.000+00:00,S3B,4.74409,3.76542,6.20932,4,https://eawagrs.s3.eu-central-1.amazonaws.com/alplakes/cropped/sentinel3/geneva/OC3_chla_S3B_20230531T092638_sui_geneva.tif
2023-06-02T10:15:00.000+00:00,S3B,3.68593,2.53268,7.15063,53,https://eawagrs.s3.eu-central-1.amazonaws.com/alplakes/cropped/sentinel3/geneva/OC3_chla_S3B_20230602T101515_sui_geneva.tif
2023-06-03T09:49:00.000+00:00,S3B,3.94526,2.59551,5.94272,24,https://eawagrs.s3.eu-central-1.amazonaws.com/alplakes/cropped/sentinel3/geneva/OC3_chla_S3B_20230603T094904_sui_geneva.tif
2023-06-06T10:11:00.000+00:00,S3B,4.21315,2.53833,8.67663,68,https://eawagrs.s3.eu-central-1.amazonaws.com/alplakes/cropped/sentinel3/geneva/OC3_chla_S3B_20230606T101130_sui_geneva.tif
2023-06-07T09:45:00.000+00:00,S3B,3.71329,2.32498,9.59094,35,https://eawagrs.s3.eu-central-1.amazonaws.com/alplakes/cropped/sentinel3/geneva/OC3_chla_S3B_20230607T094520_sui_geneva.tif
2023-06-08T09:19:00.000+00:00,S3B,4.21998,3.11795,6.70743,2,https://eawagrs.s3.eu-central-1.amazonaws.com/alplakes/cropped/sentinel3/geneva/OC3_chla_S3B_20230608T091909_sui_geneva.tif
2023-06-10T10:07:00.000+00:00,S3B,3.71779,2.60793,7.53352,6,https://eawagrs.s3.eu-central-1.amazonaws.com/alplakes/cropped/sentinel3/geneva/OC3_chla_S3B_20230610T100747_sui_geneva.tif
2023-06-11T09:41:00.000+00:00,S3B,3.07193,2.13113,6.82077,56,https://eawagrs.s3.eu-central-1.amazonaws.com/alplakes/cropped/sentinel3/geneva/OC3_chla_S3B_20230611T094136_sui_geneva.tif
2023-06-14T10:04:00.000+00:00,S3B,3.67019,2.43089,9.22217,85,https://eawagrs.s3.eu-central-1.amazonaws.com/alplakes/cropped/sentinel3/geneva/OC3_chla_S3B_20230614T100404_sui_geneva.tif
2023-06-15T09:37:00.000+00:00,S3B,3.53186,2.3786,7.88207,54,https://eawagrs.s3.eu-central-1.amazonaws.com/alplakes/cropped/sentinel3/geneva/OC3_chla_S3B_20230615T093753_sui_geneva.tif
2023-06-18T10:00:00.000+00:00,S3B,4.17408,2.39421,10.04318,64,https://eawagrs.s3.eu-central-1.amazonaws.com/alplakes/cropped/sentinel3/geneva/OC3_chla_S3B_20230618T100020_sui_geneva.tif
2023-06-23T09:30:00.000+00:00,S3B,4.79182,2.83371,6.9059,6,https://eawagrs.s3.eu-central-1.amazonaws.com/alplakes/cropped/sentinel3/geneva/OC3_chla_S3B_20230623T093024_sui_geneva.tif
2023-06-25T10:19:00.000+00:00,S3B,4.22175,2.85635,8.34121,77,https://eawagrs.s3.eu-central-1.amazonaws.com/alplakes/cropped/sentinel3/geneva/OC3_chla_S3B_20230625T101901_sui_geneva.tif
2023-06-26T09:52:00.000+00:00,S3B,3.26866,2.53063,6.29112,27,https://eawagrs.s3.eu-central-1.amazonaws.com/alplakes/cropped/sentinel3/geneva/OC3_chla_S3B_20230626T095250_sui_geneva.tif
2023-06-30T09:49:00.000+00:00,S3B,3.11969,2.77093,3.83503,2,https://eawagrs.s3.eu-central-1.amazonaws.com/alplakes/cropped/sentinel3/geneva/OC3_chla_S3B_20230630T094906_sui_geneva.tif
2023-07-03T10:11:00.000+00:00,S3B,3.70431,2.85151,8.59836,47,https://eawagrs.s3.eu-central-1.amazonaws.com/alplakes/cropped/sentinel3/geneva/OC3_chla_S3B_20230703T101133_sui_geneva.tif
2023-07-04T09:45:00.000+00:00,S3B,3.71646,2.60204,6.91119,62,https://eawagrs.s3.eu-central-1.amazonaws.com/alplakes/cropped/sentinel3/geneva/OC3_chla_S3B_20230704T094523_sui_geneva.tif
2023-07-07T10:07:00.000+00:00,S3B,3.14823,2.49936,8.37966,66,https://eawagrs.s3.eu-central-1.amazonaws.com/alplakes/cropped/sentinel3/geneva/OC3_chla_S3B_20230707T100750_sui_geneva.tif
2023-07-08T09:41:00.000+00:00,S3B,2.94751,2.42265,8.51534,38,https://eawagrs.s3.eu-central-1.amazonaws.com/alplakes/cropped/sentinel3/geneva/OC3_chla_S3B_20230708T094139_sui_geneva.tif
2023-07-11T10:04:00.000+00:00,S3B,2.33103,2.02659,9.07192,59,https://eawagrs.s3.eu-central-1.amazonaws.com/alplakes/cropped/sentinel3/geneva/OC3_chla_S3B_20230711T100406_sui_geneva.tif
2023-07-14T10:26:00.000+00:00,S3B,2.171,1.92275,2.44455,20,https://eawagrs.s3.eu-central-1.amazonaws.com/alplakes/cropped/sentinel3/geneva/OC3_chla_S3B_20230714T102633_sui_geneva.tif
2023-07-15T10:00:00.000+00:00,S3B,2.25247,1.92057,10.19626,28,https://eawagrs.s3.eu-central-1.amazonaws.com/alplakes/cropped/sentinel3/geneva/OC3_chla_S3B_20230715T100022_sui_geneva.tif
2023-07-19T09:56:00.000+00:00,S3B,2.81508,2.65274,3.15775,1,https://eawagrs.s3.eu-central-1.amazonaws.com/alplakes/cropped/sentinel3/geneva/OC3_chla_S3B_20230719T095638_sui_geneva.tif
2023-07-20T09:30:00.000+00:00,S3B,2.59897,2.36052,3.16696,1,https://eawagrs.s3.eu-central-1.amazonaws.com/alplakes/cropped/sentinel3/geneva/OC3_chla_S3B_20230720T093027_sui_geneva.tif
2023-07-22T10:19:00.000+00:00,S3B,2.4806,2.14705,4.91676,24,https://eawagrs.s3.eu-central-1.amazonaws.com/alplakes/cropped/sentinel3/geneva/OC3_chla_S3B_20230722T101904_sui_geneva.tif
2023-07-27T09:49:00.000+00:00,S3B,3.46571,2.55321,8.04315,4,https://eawagrs.s3.eu-central-1.amazonaws.com/alplakes/cropped/sentinel3/geneva/OC3_chla_S3B_20230727T094907_sui_geneva.tif
2023-07-30T10:11:00.000+00:00,S3B,3.89407,2.48769,9.60964,64,https://eawagrs.s3.eu-central-1.amazonaws.com/alplakes/cropped/sentinel3/geneva/OC3_chla_S3B_20230730T101135_sui_geneva.tif
2023-07-31T09:45:00.000+00:00,S3B,4.22843,2.849,6.96348,57,https://eawagrs.s3.eu-central-1.amazonaws.com/alplakes/cropped/sentinel3/geneva/OC3_chla_S3B_20230731T094524_sui_geneva.tif
2023-08-03T10:07:00.000+00:00,S3B,5.28823,2.47158,10.97719,15,https://eawagrs.s3.eu-central-1.amazonaws.com/alplakes/cropped/sentinel3/geneva/OC3_chla_S3B_20230803T100751_sui_geneva.tif
2023-08-04T09:41:00.000+00:00,S3B,5.47318,3.33313,8.14899,11,https://eawagrs.s3.eu-central-1.amazonaws.com/alplakes/cropped/sentinel3/geneva/OC3_chla_S3B_20230804T094140_sui_geneva.tif
2023-08-07T10:04:00.000+00:00,S3B,3.80244,2.15118,8.27865,27,https://eawagrs.s3.eu-central-1.amazonaws.com/alplakes/cropped/sentinel3/geneva/OC3_chla_S3B_20230807T100406_sui_geneva.tif
2023-08-10T10:26:00.000+00:00,S3B,4.41359,3.56628,5.56554,1,https://eawagrs.s3.eu-central-1.amazonaws.com/alplakes/cropped/sentinel3/geneva/OC3_chla_S3B_20230810T102633_sui_geneva.tif
2023-08-11T10:00:00.000+00:00,S3B,5.91331,2.77049,10.60081,82,https://eawagrs.s3.eu-central-1.amazonaws.com/alplakes/cropped/sentinel3/geneva/OC3_chla_S3B_20230811T100022_sui_geneva.tif
2023-08-15T09:56:00.000+00:00,S3B,5.63014,3.64102,8.33176,17,https://eawagrs.s3.eu-central-1.amazonaws.com/alplakes/cropped/sentinel3/geneva/OC3_chla_S3B_20230815T095638_sui_geneva.tif
2023-08-16T09:30:00.000+00:00,S3B,6.298,3.98021,8.03597,1,https://eawagrs.s3.eu-central-1.amazonaws.com/alplakes/cropped/sentinel3/geneva/OC3_chla_S3B_20230816T093028_sui_geneva.tif
2023-08-18T10:19:00.000+00:00,S3B,5.06746,2.91903,9.48301,70,https://eawagrs.s3.eu-central-1.amazonaws.com/alplakes/cropped/sentinel3/geneva/OC3_chla_S3B_20230818T101905_sui_geneva.tif
2023-08-19T09:52:00.000+00:00,S3B,5.87033,2.86441,10.28372,65,https://eawagrs.s3.eu-central-1.amazonaws.com/alplakes/cropped/sentinel3/geneva/OC3_chla_S3B_20230819T095254_sui_geneva.tif
2023-08-20T09:26:00.000+00:00,S3B,7.52344,4.53568,10.68353,22,https://eawagrs.s3.eu-central-1.amazonaws.com/alplakes/cropped/sentinel3/geneva/OC3_chla_S3B_20230820T092643_sui_geneva.tif
2023-08-23T09:49:00.000+00:00,S3B,6.08304,3.69999,9.27374,58,https://eawagrs.s3.eu-central-1.amazonaws.com/alplakes/cropped/sentinel3/geneva/OC3_chla_S3B_20230823T094909_sui_geneva.tif
2023-08-22T10:15:00.000+00:00,S3B,6.18308,3.35799,10.47868,85,https://eawagrs.s3.eu-central-1.amazonaws.com/alplakes/cropped/sentinel3/geneva/OC3_chla_S3B_20230822T101520_sui_geneva.tif
2023-09-04T09:37:00.000+00:00,S3B,3.18637,2.61519,5.09781,19,https://eawagrs.s3.eu-central-1.amazonaws.com/alplakes/cropped/sentinel3/geneva/OC3_chla_S3B_20230904T093754_sui_geneva.tif
2023-09-06T10:26:00.000+00:00,S3B,4.09166,2.78623,7.84779,68,https://eawagrs.s3.eu-central-1.amazonaws.com/alplakes/cropped/sentinel3/geneva/OC3_chla_S3B_20230906T102631_sui_geneva.tif
2023-09-07T10:00:00.000+00:00,S3B,4.3926,2.88785,9.43215,86,https://eawagrs.s3.eu-central-1.amazonaws.com/alplakes/cropped/sentinel3/geneva/OC3_chla_S3B_20230907T100020_sui_geneva.tif
2023-09-08T09:34:00.000+00:00,S3B,4.39929,3.18793,7.52495,73,https://eawagrs.s3.eu-central-1.amazonaws.com/alplakes/cropped/sentinel3/geneva/OC3_chla_S3B_20230908T093409_sui_geneva.tif
2023-09-10T10:22:00.000+00:00,S3B,4.79368,3.28793,8.97484,87,https://eawagrs.s3.eu-central-1.amazonaws.com/alplakes/cropped/sentinel3/geneva/OC3_chla_S3B_20230910T102246_sui_geneva.tif
2023-09-11T09:56:00.000+00:00,S3B,4.76345,3.15412,8.09202,73,https://eawagrs.s3.eu-central-1.amazonaws.com/alplakes/cropped/sentinel3/geneva/OC3_chla_S3B_20230911T095635_sui_geneva.tif
2023-09-12T09:30:00.000+00:00,S3B,5.39523,3.7187,8.12543,29,https://eawagrs.s3.eu-central-1.amazonaws.com/alplakes/cropped/sentinel3/geneva/OC3_chla_S3B_20230912T093024_sui_geneva.tif
2023-09-14T10:19:00.000+00:00,S3B,5.78044,3.64979,9.30764,50,https://eawagrs.s3.eu-central-1.amazonaws.com/alplakes/cropped/sentinel3/geneva/OC3_chla_S3B_20230914T101901_sui_geneva.tif
2023-09-15T09:52:00.000+00:00,S3B,5.59196,2.90357,8.60253,71,https://eawagrs.s3.eu-central-1.amazonaws.com/alplakes/cropped/sentinel3/geneva/OC3_chla_S3B_20230915T095250_sui_geneva.tif
2023-09-16T09:26:00.000+00:00,S3B,5.64215,4.29132,7.35309,16,https://eawagrs.s3.eu-central-1.amazonaws.com/alplakes/cropped/sentinel3/geneva/OC3_chla_S3B_20230916T092639_sui_geneva.tif
2023-09-19T09:49:00.000+00:00,S3B,3.70914,2.67624,6.57487,34,https://eawagrs.s3.eu-central-1.amazonaws.com/alplakes/cropped/sentinel3/geneva/OC3_chla_S3B_20230919T094904_sui_geneva.tif
2023-09-20T09:22:00.000+00:00,S3B,4.33193,3.02464,8.02087,58,https://eawagrs.s3.eu-central-1.amazonaws.com/alplakes/cropped/sentinel3/geneva/OC3_chla_S3B_20230920T092253_sui_geneva.tif
2023-09-22T10:11:00.000+00:00,S3B,4.3091,2.1457,10.5183,52,https://eawagrs.s3.eu-central-1.amazonaws.com/alplakes/cropped/sentinel3/geneva/OC3_chla_S3B_20230922T101131_sui_geneva.tif
2023-09-23T09:45:00.000+00:00,S3B,4.37171,2.99491,8.15094,6,https://eawagrs.s3.eu-central-1.amazonaws.com/alplakes/cropped/sentinel3/geneva/OC3_chla_S3B_20230923T094520_sui_geneva.tif
2023-09-24T09:19:00.000+00:00,S3B,4.65187,2.94314,7.56944,12,https://eawagrs.s3.eu-central-1.amazonaws.com/alplakes/cropped/sentinel3/geneva/OC3_chla_S3B_20230924T091909_sui_geneva.tif
2023-09-26T10:07:00.000+00:00,S3B,6.19956,2.98827,9.73115,85,https://eawagrs.s3.eu-central-1.amazonaws.com/alplakes/cropped/sentinel3/geneva/OC3_chla_S3B_20230926T100747_sui_geneva.tif
2023-09-27T09:41:00.000+00:00,S3B,6.22955,3.42526,8.87378,19,https://eawagrs.s3.eu-central-1.amazonaws.com/alplakes/cropped/sentinel3/geneva/OC3_chla_S3B_20230927T094136_sui_geneva.tif
2023-09-30T10:04:00.000+00:00,S3B,7.61478,3.60113,9.89523,75,https://eawagrs.s3.eu-central-1.amazonaws.com/alplakes/cropped/sentinel3/geneva/OC3_chla_S3B_20230930T100403_sui_geneva.tif
2023-10-01T09:37:00.000+00:00,S3B,6.7891,3.81184,9.06126,36,https://eawagrs.s3.eu-central-1.amazonaws.com/alplakes/cropped/sentinel3/geneva/OC3_chla_S3B_20231001T093753_sui_geneva.tif
2023-10-03T10:26:00.000+00:00,S3B,7.24107,4.36485,9.1465,34,https://eawagrs.s3.eu-central-1.amazonaws.com/alplakes/cropped/sentinel3/geneva/OC3_chla_S3B_20231003T102631_sui_geneva.tif
2023-10-04T10:00:00.000+00:00,S3B,6.38626,3.40498,8.98513,17,https://eawagrs.s3.eu-central-1.amazonaws.com/alplakes/cropped/sentinel3/geneva/OC3_chla_S3B_20231004T100020_sui_geneva.tif
2023-10-07T10:22:00.000+00:00,S3B,6.86644,3.54576,9.37634,56,https://eawagrs.s3.eu-central-1.amazonaws.com/alplakes/cropped/sentinel3/geneva/OC3_chla_S3B_20231007T102247_sui_geneva.tif
2023-10-08T09:56:00.000+00:00,S3B,8.11052,3.145,9.69725,25,https://eawagrs.s3.eu-central-1.amazonaws.com/alplakes/cropped/sentinel3/geneva/OC3_chla_S3B_20231008T095636_sui_geneva.tif
2023-10-11T10:19:00.000+00:00,S3B,7.13662,3.06061,10.30111,84,https://eawagrs.s3.eu-central-1.amazonaws.com/alplakes/cropped/sentinel3/geneva/OC3_chla_S3B_20231011T101903_sui_geneva.tif
2023-10-12T09:52:00.000+00:00,S3B,7.89205,3.71421,11.10349,20,https://eawagrs.s3.eu-central-1.amazonaws.com/alplakes/cropped/sentinel3/geneva/OC3_chla_S3B_20231012T095252_sui_geneva.tif
2023-10-13T09:26:00.000+00:00,S3B,8.18502,4.44343,11.13884,40,https://eawagrs.s3.eu-central-1.amazonaws.com/alplakes/cropped/sentinel3/geneva/OC3_chla_S3B_20231013T092641_sui_geneva.tif
2023-10-17T09:22:00.000+00:00,S3B,5.75723,3.28618,8.67352,1,https://eawagrs.s3.eu-central-1.amazonaws.com/alplakes/cropped/sentinel3/geneva/OC3_chla_S3B_20231017T092258_sui_geneva.tif
2023-10-27T10:04:00.000+00:00,S3B,3.10592,1.90927,10.4053,6,https://eawagrs.s3.eu-central-1.amazonaws.com/alplakes/cropped/sentinel3/geneva/OC3_chla_S3B_20231027T100408_sui_geneva.tif
2023-10-28T09:37:00.000+00:00,S3B,3.40786,2.16264,9.4333,32,https://eawagrs.s3.eu-central-1.amazonaws.com/alplakes/cropped/sentinel3/geneva/OC3_chla_S3B_20231028T093757_sui_geneva.tif
2023-11-03T10:22:00.000+00:00,S3B,2.20935,0.00039,9.63731,23,https://eawagrs.s3.eu-central-1.amazonaws.com/alplakes/cropped/sentinel3/geneva/OC3_chla_S3B_20231103T102250_sui_geneva.tif
2023-11-08T09:52:00.000+00:00,S3B,2.34273,1.56793,5.91938,65,https://eawagrs.s3.eu-central-1.amazonaws.com/alplakes/cropped/sentinel3/geneva/OC3_chla_S3B_20231108T095255_sui_geneva.tif
2023-11-11T10:15:00.000+00:00,S3B,2.23634,1.03425,10.41135,31,https://eawagrs.s3.eu-central-1.amazonaws.com/alplakes/cropped/sentinel3/geneva/OC3_chla_S3B_20231111T101521_sui_geneva.tif
2023-11-15T10:11:00.000+00:00,S3B,2.30868,0.14303,10.33338,23,https://eawagrs.s3.eu-central-1.amazonaws.com/alplakes/cropped/sentinel3/geneva/OC3_chla_S3B_20231115T101136_sui_geneva.tif
2023-11-17T09:19:00.000+00:00,S3B,4.09575,2.13168,7.90927,1,https://eawagrs.s3.eu-central-1.amazonaws.com/alplakes/cropped/sentinel3/geneva/OC3_chla_S3B_20231117T091915_sui_geneva.tif
2023-11-23T10:04:00.000+00:00,S3B,2.38576,1.4869,7.68385,56,https://eawagrs.s3.eu-central-1.amazonaws.com/alplakes/cropped/sentinel3/geneva/OC3_chla_S3B_20231123T100409_sui_geneva.tif
2023-11-24T09:37:00.000+00:00,S3B,2.61692,1.64814,9.68834,21,https://eawagrs.s3.eu-central-1.amazonaws.com/alplakes/cropped/sentinel3/geneva/OC3_chla_S3B_20231124T093758_sui_geneva.tif
2023-11-26T10:26:00.000+00:00,S3B,2.2689,1.64034,10.0572,49,https://eawagrs.s3.eu-central-1.amazonaws.com/alplakes/cropped/sentinel3/geneva/OC3_chla_S3B_20231126T102635_sui_geneva.tif
2023-11-28T09:34:00.000+00:00,S3B,9.14846,2.39861,14.20645,2,https://eawagrs.s3.eu-central-1.amazonaws.com/alplakes/cropped/sentinel3/geneva/OC3_chla_S3B_20231128T093413_sui_geneva.tif
2023-12-05T09:52:00.000+00:00,S3B,2.13352,0.08253,14.21932,22,https://eawagrs.s3.eu-central-1.amazonaws.com/alplakes/cropped/sentinel3/geneva/OC3_chla_S3B_20231205T095253_sui_geneva.tif
2023-12-06T09:26:00.000+00:00,S3B,4.69705,2.12875,10.88696,4,https://eawagrs.s3.eu-central-1.amazonaws.com/alplakes/cropped/sentinel3/geneva/OC3_chla_S3B_20231206T092642_sui_geneva.tif
2023-12-10T09:22:00.000+00:00,S3B,2.81193,1.92544,8.556,2,https://eawagrs.s3.eu-central-1.amazonaws.com/alplakes/cropped/sentinel3/geneva/OC3_chla_S3B_20231210T092258_sui_geneva.tif
2023-12-13T09:45:00.000+00:00,S3B,2.28312,2.28312,2.28312,1,https://eawagrs.s3.eu-central-1.amazonaws.com/alplakes/cropped/sentinel3/geneva/OC3_chla_S3B_20231213T094525_sui_geneva.tif
2023-12-16T10:07:00.000+00:00,S3B,2.22452,0,12.12487,58,https://eawagrs.s3.eu-central-1.amazonaws.com/alplakes/cropped/sentinel3/geneva/OC3_chla_S3B_20231216T100752_sui_geneva.tif
2023-12-17T09:41:00.000+00:00,S3B,2.73012,2.07944,8.37463,2,https://eawagrs.s3.eu-central-1.amazonaws.com/alplakes/cropped/sentinel3/geneva/OC3_chla_S3B_20231217T094141_sui_geneva.tif
2023-12-20T10:04:00.000+00:00,S3B,2.45038,0.04459,10.51771,26,https://eawagrs.s3.eu-central-1.amazonaws.com/alplakes/cropped/sentinel3/geneva/OC3_chla_S3B_20231220T100407_sui_geneva.tif
2023-12-24T10:00:00.000+00:00,S3B,2.2454,1.113,10.71324,73,https://eawagrs.s3.eu-central-1.amazonaws.com/alplakes/cropped/sentinel3/geneva/OC3_chla_S3B_20231224T100022_sui_geneva.tif
2023-12-27T10:22:00.000+00:00,S3B,2.04047,1.25024,9.02687,40,https://eawagrs.s3.eu-central-1.amazonaws.com/alplakes/cropped/sentinel3/geneva/OC3_chla_S3B_20231227T102248_sui_geneva.tif
2023-12-28T09:56:00.000+00:00,S3B,8.7558,4.39642,11.76298,1,https://eawagrs.s3.eu-central-1.amazonaws.com/alplakes/cropped/sentinel3/geneva/OC3_chla_S3B_20231228T095637_sui_geneva.tif
2023-12-29T09:30:00.000+00:00,S3B,10.3315,9.44269,12.10913,1,https://eawagrs.s3.eu-central-1.amazonaws.com/alplakes/cropped/sentinel3/geneva/OC3_chla_S3B_20231229T093025_sui_geneva.tif
2024-01-01T09:52:00.000+00:00,S3B,2.43404,1.70813,6.63147,11,https://eawagrs.s3.eu-central-1.amazonaws.com/alplakes/cropped/sentinel3/geneva/OC3_chla_S3B_20240101T095251_sui_geneva.tif
2024-01-04T10:15:00.000+00:00,S3B,2.41695,1.16474,7.53361,2,https://eawagrs.s3.eu-central-1.amazonaws.com/alplakes/cropped/sentinel3/geneva/OC3_chla_S3B_20240104T101516_sui_geneva.tif
2024-01-06T09:22:00.000+00:00,S3B,3.19772,2.12158,5.27392,1,https://eawagrs.s3.eu-central-1.amazonaws.com/alplakes/cropped/sentinel3/geneva/OC3_chla_S3B_20240106T092254_sui_geneva.tif
2024-01-12T10:07:00.000+00:00,S3B,2.09892,0.01629,6.2121,2,https://eawagrs.s3.eu-central-1.amazonaws.com/alplakes/cropped/sentinel3/geneva/OC3_chla_S3B_20240112T100747_sui_geneva.tif
2024-01-13T09:41:00.000+00:00,S3B,2.3236,1.41427,9.67629,3,https://eawagrs.s3.eu-central-1.amazonaws.com/alplakes/cropped/sentinel3/geneva/OC3_chla_S3B_20240113T094135_sui_geneva.tif
2024-01-16T10:04:00.000+00:00,S3B,2.01098,0.02271,10.29456,50,https://eawagrs.s3.eu-central-1.amazonaws.com/alplakes/cropped/sentinel3/geneva/OC3_chla_S3B_20240116T100401_sui_geneva.tif
2024-01-19T10:26:00.000+00:00,S3B,2.05453,0.00001,14.67292,51,https://eawagrs.s3.eu-central-1.amazonaws.com/alplakes/cropped/sentinel3/geneva/OC3_chla_S3B_20240119T102628_sui_geneva.tif
2024-01-20T10:00:00.000+00:00,S3B,2.20759,0.49308,16.49182,70,https://eawagrs.s3.eu-central-1.amazonaws.com/alplakes/cropped/sentinel3/geneva/OC3_chla_S3B_20240120T100018_sui_geneva.tif
2024-01-23T10:22:00.000+00:00,S3B,1.7582,0.75238,8.45824,27,https://eawagrs.s3.eu-central-1.amazonaws.com/alplakes/cropped/sentinel3/geneva/OC3_chla_S3B_20240123T102245_sui_geneva.tif
2024-01-25T09:30:00.000+00:00,S3B,2.5554,0.68603,10.51674,45,https://eawagrs.s3.eu-central-1.amazonaws.com/alplakes/cropped/sentinel3/geneva/OC3_chla_S3B_20240125T093024_sui_geneva.tif
2024-01-27T10:19:00.000+00:00,S3B,2.25741,1.43745,9.86858,3,https://eawagrs.s3.eu-central-1.amazonaws.com/alplakes/cropped/sentinel3/geneva/OC3_chla_S3B_20240127T101901_sui_geneva.tif
2024-01-28T09:52:00.000+00:00,S3B,2.2787,0.01996,9.85323,16,https://eawagrs.s3.eu-central-1.amazonaws.com/alplakes/cropped/sentinel3/geneva/OC3_chla_S3B_20240128T095250_sui_geneva.tif
2024-02-04T10:11:00.000+00:00,S3B,2.13264,0.55322,9.2778,17,https://eawagrs.s3.eu-central-1.amazonaws.com/alplakes/cropped/sentinel3/geneva/OC3_chla_S3B_20240204T101134_sui_geneva.tif
2024-02-05T09:45:00.000+00:00,S3B,3.49975,1.06272,9.55932,7,https://eawagrs.s3.eu-central-1.amazonaws.com/alplakes/cropped/sentinel3/geneva/OC3_chla_S3B_20240205T094523_sui_geneva.tif
2024-02-13T09:37:00.000+00:00,S3B,2.79491,1.0458,10.36234,62,https://eawagrs.s3.eu-central-1.amazonaws.com/alplakes/cropped/sentinel3/geneva/OC3_chla_S3B_20240213T093756_sui_geneva.tif
2024-02-17T09:34:00.000+00:00,S3B,8.93319,8.62039,9.0896,1,https://eawagrs.s3.eu-central-1.amazonaws.com/alplakes/cropped/sentinel3/geneva/OC3_chla_S3B_20240217T093412_sui_geneva.tif
2024-02-19T10:22:00.000+00:00,S3B,5.1681,2.07781,10.60365,44,https://eawagrs.s3.eu-central-1.amazonaws.com/alplakes/cropped/sentinel3/geneva/OC3_chla_S3B_20240219T102249_sui_geneva.tif
2024-02-20T09:56:00.000+00:00,S3B,7.17782,2.99787,11.12063,27,https://eawagrs.s3.eu-central-1.amazonaws.com/alplakes/cropped/sentinel3/geneva/OC3_chla_S3B_20240220T095638_sui_geneva.tif
2024-02-23T10:19:00.000+00:00,S3B,3.38856,0.48525,11.17873,81,https://eawagrs.s3.eu-central-1.amazonaws.com/alplakes/cropped/sentinel3/geneva/OC3_chla_S3B_20240223T101904_sui_geneva.tif
2024-02-24T09:52:00.000+00:00,S3B,4.3944,0.79985,10.55236,45,https://eawagrs.s3.eu-central-1.amazonaws.com/alplakes/cropped/sentinel3/geneva/OC3_chla_S3B_20240224T095253_sui_geneva.tif
2024-02-25T09:26:00.000+00:00,S3B,5.33059,2.61521,9.00114,7,https://eawagrs.s3.eu-central-1.amazonaws.com/alplakes/cropped/sentinel3/geneva/OC3_chla_S3B_20240225T092642_sui_geneva.tif
2024-02-29T09:22:00.000+00:00,S3B,7.34897,6.59213,9.20048,1,https://eawagrs.s3.eu-central-1.amazonaws.com/alplakes/cropped/sentinel3/geneva/OC3_chla_S3B_20240229T092258_sui_geneva.tif
2024-03-03T09:45:00.000+00:00,S3B,6.11546,3.31781,9.10879,2,https://eawagrs.s3.eu-central-1.amazonaws.com/alplakes/cropped/sentinel3/geneva/OC3_chla_S3B_20240303T094525_sui_geneva.tif
2024-03-02T10:11:00.000+00:00,S3B,4.89645,2.32687,8.50249,38,https://eawagrs.s3.eu-central-1.amazonaws.com/alplakes/cropped/sentinel3/geneva/OC3_chla_S3B_20240302T101136_sui_geneva.tif
2024-03-06T10:07:00.000+00:00,S3B,6.18757,1.96594,10.09401,3,https://eawagrs.s3.eu-central-1.amazonaws.com/alplakes/cropped/sentinel3/geneva/OC3_chla_S3B_20240306T100752_sui_geneva.tif
2024-03-07T09:41:00.000+00:00,S3B,6.06448,1.675,10.33756,84,https://eawagrs.s3.eu-central-1.amazonaws.com/alplakes/cropped/sentinel3/geneva/OC3_chla_S3B_20240307T094141_sui_geneva.tif
2024-03-11T09:37:00.000+00:00,S3B,3.71309,2.32572,7.61831,2,https://eawagrs.s3.eu-central-1.amazonaws.com/alplakes/cropped/sentinel3/geneva/OC3_chla_S3B_20240311T093756_sui_geneva.tif
2024-03-13T10:26:00.000+00:00,S3B,2.93487,2.01824,9.1231,13,https://eawagrs.s3.eu-central-1.amazonaws.com/alplakes/cropped/sentinel3/geneva/OC3_chla_S3B_20240313T102633_sui_geneva.tif
2024-03-14T10:00:00.000+00:00,S3B,2.76897,1.96785,9.8205,78,https://eawagrs.s3.eu-central-1.amazonaws.com/alplakes/cropped/sentinel3/geneva/OC3_chla_S3B_20240314T100022_sui_geneva.tif
2024-03-19T09:30:00.000+00:00,S3B,2.20835,1.48269,10.10635,14,https://eawagrs.s3.eu-central-1.amazonaws.com/alplakes/cropped/sentinel3/geneva/OC3_chla_S3B_20240319T093025_sui_geneva.tif
2024-03-22T09:52:00.000+00:00,S3B,2.87428,2.02047,8.46364,1,https://eawagrs.s3.eu-central-1.amazonaws.com/alplakes/cropped/sentinel3/geneva/OC3_chla_S3B_20240322T095251_sui_geneva.tif
2024-03-25T10:15:00.000+00:00,S3B,2.15199,0.61073,8.60355,50,https://eawagrs.s3.eu-central-1.amazonaws.com/alplakes/cropped/sentinel3/geneva/OC3_chla_S3B_20240325T101518_sui_geneva.tif
2024-03-23T09:26:00.000+00:00,S3B,2.39398,1.05225,8.257,29,https://eawagrs.s3.eu-central-1.amazonaws.com/alplakes/cropped/sentinel3/geneva/OC3_chla_S3B_20240323T092640_sui_geneva.tif
2024-03-26T09:49:00.000+00:00,S3B,2.35787,1.66491,8.05164,12,https://eawagrs.s3.eu-central-1.amazonaws.com/alplakes/cropped/sentinel3/geneva/OC3_chla_S3B_20240326T094906_sui_geneva.tif
2024-04-02T10:07:00.000+00:00,S3B,2.22213,1.37721,9.34119,22,https://eawagrs.s3.eu-central-1.amazonaws.com/alplakes/cropped/sentinel3/geneva/OC3_chla_S3B_20240402T100750_sui_geneva.tif
2024-04-06T10:04:00.000+00:00,S3B,2.44894,1.46004,9.98673,17,https://eawagrs.s3.eu-central-1.amazonaws.com/alplakes/cropped/sentinel3/geneva/OC3_chla_S3B_20240406T100407_sui_geneva.tif
2024-04-10T10:00:00.000+00:00,S3B,2.20303,1.19194,4.64444,7,https://eawagrs.s3.eu-central-1.amazonaws.com/alplakes/cropped/sentinel3/geneva/OC3_chla_S3B_20240410T100024_sui_geneva.tif
2024-04-11T09:34:00.000+00:00,S3B,2.52378,1.9713,8.44897,2,https://eawagrs.s3.eu-central-1.amazonaws.com/alplakes/cropped/sentinel3/geneva/OC3_chla_S3B_20240411T093413_sui_geneva.tif
2024-04-13T10:22:00.000+00:00,S3B,2.32107,1.54369,9.50234,3,https://eawagrs.s3.eu-central-1.amazonaws.com/alplakes/cropped/sentinel3/geneva/OC3_chla_S3B_20240413T102250_sui_geneva.tif
2024-04-14T09:56:00.000+00:00,S3B,1.76779,0.56037,10.31108,56,https://eawagrs.s3.eu-central-1.amazonaws.com/alplakes/cropped/sentinel3/geneva/OC3_chla_S3B_20240414T095640_sui_geneva.tif
2024-04-17T10:19:00.000+00:00,S3B,6.99906,6.99906,6.99906,1,https://eawagrs.s3.eu-central-1.amazonaws.com/alplakes/cropped/sentinel3/geneva/OC3_chla_S3B_20240417T101906_sui_geneva.tif
2024-04-21T10:15:00.000+00:00,S3B,1.73235,1.73235,1.73235,1,https://eawagrs.s3.eu-central-1.amazonaws.com/alplakes/cropped/sentinel3/geneva/OC3_chla_S3B_20240421T101523_sui_geneva.tif
2024-04-22T09:49:00.000+00:00,S3B,1.72955,0.67472,5.27429,6,https://eawagrs.s3.eu-central-1.amazonaws.com/alplakes/cropped/sentinel3/geneva/OC3_chla_S3B_20240422T094912_sui_geneva.tif
2024-04-23T09:23:00.000+00:00,S3B,1.92744,1.03114,2.37929,12,https://eawagrs.s3.eu-central-1.amazonaws.com/alplakes/cropped/sentinel3/geneva/OC3_chla_S3B_20240423T092301_sui_geneva.tif
2024-04-25T10:11:00.000+00:00,S3B,1.83222,1.07681,9.10532,50,https://eawagrs.s3.eu-central-1.amazonaws.com/alplakes/cropped/sentinel3/geneva/OC3_chla_S3B_20240425T101138_sui_geneva.tif
2024-04-27T09:19:00.000+00:00,S3B,2.43035,2.0493,7.59656,3,https://eawagrs.s3.eu-central-1.amazonaws.com/alplakes/cropped/sentinel3/geneva/OC3_chla_S3B_20240427T091917_sui_geneva.tif
2024-04-29T10:07:00.000+00:00,S3B,8.26096,5.70541,9.32333,1,https://eawagrs.s3.eu-central-1.amazonaws.com/alplakes/cropped/sentinel3/geneva/OC3_chla_S3B_20240429T100756_sui_geneva.tif
2024-05-03T10:04:00.000+00:00,S3B,2.25963,0.90616,7.58906,51,https://eawagrs.s3.eu-central-1.amazonaws.com/alplakes/cropped/sentinel3/geneva/OC3_chla_S3B_20240503T100413_sui_geneva.tif
2024-05-08T09:34:00.000+00:00,S3B,2.34831,1.80777,3.27099,1,https://eawagrs.s3.eu-central-1.amazonaws.com/alplakes/cropped/sentinel3/geneva/OC3_chla_S3B_20240508T093418_sui_geneva.tif
2024-05-10T10:22:00.000+00:00,S3B,1.89412,1.02834,10.32655,62,https://eawagrs.s3.eu-central-1.amazonaws.com/alplakes/cropped/sentinel3/geneva/OC3_chla_S3B_20240510T102256_sui_geneva.tif
2024-05-11T09:56:00.000+00:00,S3B,1.87877,1.05985,9.00828,47,https://eawagrs.s3.eu-central-1.amazonaws.com/alplakes/cropped/sentinel3/geneva/OC3_chla_S3B_20240511T095645_sui_geneva.tif
2024-05-15T09:52:00.000+00:00,S3B,2.1709,2.10584,2.23368,1,https://eawagrs.s3.eu-central-1.amazonaws.com/alplakes/cropped/sentinel3/geneva/OC3_chla_S3B_20240515T095259_sui_geneva.tif
2024-05-19T09:49:00.000+00:00,S3B,2.92888,1.98853,9.08367,69,https://eawagrs.s3.eu-central-1.amazonaws.com/alplakes/cropped/sentinel3/geneva/OC3_chla_S3B_20240519T094916_sui_geneva.tif
2024-05-22T10:11:00.000+00:00,S3B,5.71732,2.65563,10.30564,3,https://eawagrs.s3.eu-central-1.amazonaws.com/alplakes/cropped/sentinel3/geneva/OC3_chla_S3B_20240522T101142_sui_geneva.tif
2024-05-27T09:41:00.000+00:00,S3B,5.39895,4.39254,6.55434,1,https://eawagrs.s3.eu-central-1.amazonaws.com/alplakes/cropped/sentinel3/geneva/OC3_chla_S3B_20240527T094148_sui_geneva.tif
2024-05-30T10:04:00.000+00:00,S3B,3.08936,2.33347,4.96637,11,https://eawagrs.s3.eu-central-1.amazonaws.com/alplakes/cropped/sentinel3/geneva/OC3_chla_S3B_20240530T100416_sui_geneva.tif
2024-06-03T10:00:00.000+00:00,S3B,3.54843,2.43298,6.31091,4,https://eawagrs.s3.eu-central-1.amazonaws.com/alplakes/cropped/sentinel3/geneva/OC3_chla_S3B_20240603T100033_sui_geneva.tif
2024-06-04T09:34:00.000+00:00,S3B,2.71414,2.12439,5.97567,40,https://eawagrs.s3.eu-central-1.amazonaws.com/alplakes/cropped/sentinel3/geneva/OC3_chla_S3B_20240604T093422_sui_geneva.tif
2024-06-10T10:19:00.000+00:00,S3B,4.16131,2.66258,9.64097,29,https://eawagrs.s3.eu-central-1.amazonaws.com/alplakes/cropped/sentinel3/geneva/OC3_chla_S3B_20240610T101916_sui_geneva.tif
2024-06-11T09:53:00.000+00:00,S3B,4.24105,2.85779,6.93203,4,https://eawagrs.s3.eu-central-1.amazonaws.com/alplakes/cropped/sentinel3/geneva/OC3_chla_S3B_20240611T095305_sui_geneva.tif
2024-06-12T09:26:00.000+00:00,S3B,4.09861,2.54054,8.67568,28,https://eawagrs.s3.eu-central-1.amazonaws.com/alplakes/cropped/sentinel3/geneva/OC3_chla_S3B_20240612T092654_sui_geneva.tif
2024-06-15T09:49:00.000+00:00,S3B,5.12184,2.71011,8.40504,27,https://eawagrs.s3.eu-central-1.amazonaws.com/alplakes/cropped/sentinel3/geneva/OC3_chla_S3B_20240615T094920_sui_geneva.tif
2024-06-16T09:23:00.000+00:00,S3B,4.91578,4.91578,4.91578,1,https://eawagrs.s3.eu-central-1.amazonaws.com/alplakes/cropped/sentinel3/geneva/OC3_chla_S3B_20240616T092309_sui_geneva.tif
2024-06-18T10:11:00.000+00:00,S3B,4.13349,2.87879,8.63973,31,https://eawagrs.s3.eu-central-1.amazonaws.com/alplakes/cropped/sentinel3/geneva/OC3_chla_S3B_20240618T101146_sui_geneva.tif
2024-06-19T09:45:00.000+00:00,S3B,4.46586,2.91757,7.89527,63,https://eawagrs.s3.eu-central-1.amazonaws.com/alplakes/cropped/sentinel3/geneva/OC3_chla_S3B_20240619T094535_sui_geneva.tif
2024-06-23T09:41:00.000+00:00,S3B,5.91857,3.68451,8.1184,9,https://eawagrs.s3.eu-central-1.amazonaws.com/alplakes/cropped/sentinel3/geneva/OC3_chla_S3B_20240623T094151_sui_geneva.tif
2024-06-26T10:04:00.000+00:00,S3B,3.00894,2.52014,9.42732,4,https://eawagrs.s3.eu-central-1.amazonaws.com/alplakes/cropped/sentinel3/geneva/OC3_chla_S3B_20240626T100418_sui_geneva.tif
2024-06-27T09:38:00.000+00:00,S3B,2.69311,2.16355,9.67825,21,https://eawagrs.s3.eu-central-1.amazonaws.com/alplakes/cropped/sentinel3/geneva/OC3_chla_S3B_20240627T093808_sui_geneva.tif
2024-07-01T09:34:00.000+00:00,S3B,3.33992,3.33992,3.33992,1,https://eawagrs.s3.eu-central-1.amazonaws.com/alplakes/cropped/sentinel3/geneva/OC3_chla_S3B_20240701T093424_sui_geneva.tif
2024-07-04T09:56:00.000+00:00,S3B,2.37989,2.053,6.46349,20,https://eawagrs.s3.eu-central-1.amazonaws.com/alplakes/cropped/sentinel3/geneva/OC3_chla_S3B_20240704T095650_sui_geneva.tif
2024-07-05T09:30:00.000+00:00,S3B,2.33386,1.99407,4.04985,50,https://eawagrs.s3.eu-central-1.amazonaws.com/alplakes/cropped/sentinel3/geneva/OC3_chla_S3B_20240705T093039_sui_geneva.tif
2024-07-08T09:53:00.000+00:00,S3B,2.3984,2.03246,6.5045,78,https://eawagrs.s3.eu-central-1.amazonaws.com/alplakes/cropped/sentinel3/geneva/OC3_chla_S3B_20240708T095305_sui_geneva.tif
2024-07-09T09:26:00.000+00:00,S3B,2.44216,2.08745,5.45351,23,https://eawagrs.s3.eu-central-1.amazonaws.com/alplakes/cropped/sentinel3/geneva/OC3_chla_S3B_20240709T092654_sui_geneva.tif
2024-07-12T09:49:00.000+00:00,S3B,2.80483,2.22468,3.20356,1,https://eawagrs.s3.eu-central-1.amazonaws.com/alplakes/cropped/sentinel3/geneva/OC3_chla_S3B_20240712T094921_sui_geneva.tif
2024-07-11T10:15:00.000+00:00,S3B,2.39099,2.04591,3.72446,52,https://eawagrs.s3.eu-central-1.amazonaws.com/alplakes/cropped/sentinel3/geneva/OC3_chla_S3B_20240711T101532_sui_geneva.tif
2024-07-13T09:23:00.000+00:00,S3B,2.43561,2.01885,4.16676,26,https://eawagrs.s3.eu-central-1.amazonaws.com/alplakes/cropped/sentinel3/geneva/OC3_chla_S3B_20240713T092311_sui_geneva.tif
2024-07-15T10:11:00.000+00:00,S3B,2.30345,2.10567,2.50586,2,https://eawagrs.s3.eu-central-1.amazonaws.com/alplakes/cropped/sentinel3/geneva/OC3_chla_S3B_20240715T101149_sui_geneva.tif
2024-07-16T09:45:00.000+00:00,S3B,2.23615,1.84028,3.41483,29,https://eawagrs.s3.eu-central-1.amazonaws.com/alplakes/cropped/sentinel3/geneva/OC3_chla_S3B_20240716T094538_sui_geneva.tif
2024-07-19T10:08:00.000+00:00,S3B,2.23026,1.89674,7.52143,39,https://eawagrs.s3.eu-central-1.amazonaws.com/alplakes/cropped/sentinel3/geneva/OC3_chla_S3B_20240719T100805_sui_geneva.tif
2024-07-20T09:41:00.000+00:00,S3B,2.18514,1.7254,2.98183,42,https://eawagrs.s3.eu-central-1.amazonaws.com/alplakes/cropped/sentinel3/geneva/OC3_chla_S3B_20240720T094154_sui_geneva.tif
2024-07-23T10:04:00.000+00:00,S3B,2.30789,1.83592,6.9883,57,https://eawagrs.s3.eu-central-1.amazonaws.com/alplakes/cropped/sentinel3/geneva/OC3_chla_S3B_20240723T100420_sui_geneva.tif
2024-07-26T10:26:00.000+00:00,S3B,2.5034,2.02381,3.89295,60,https://eawagrs.s3.eu-central-1.amazonaws.com/alplakes/cropped/sentinel3/geneva/OC3_chla_S3B_20240726T102646_sui_geneva.tif
2024-07-28T09:34:00.000+00:00,S3B,2.35746,1.97793,3.57268,46,https://eawagrs.s3.eu-central-1.amazonaws.com/alplakes/cropped/sentinel3/geneva/OC3_chla_S3B_20240728T093424_sui_geneva.tif
2024-07-30T10:23:00.000+00:00,S3B,2.42583,2.10864,3.27101,19,https://eawagrs.s3.eu-central-1.amazonaws.com/alplakes/cropped/sentinel3/geneva/OC3_chla_S3B_20240730T102302_sui_geneva.tif
2024-07-31T09:56:00.000+00:00,S3B,2.53641,2.16515,3.40263,47,https://eawagrs.s3.eu-central-1.amazonaws.com/alplakes/cropped/sentinel3/geneva/OC3_chla_S3B_20240731T095652_sui_geneva.tif
2024-08-01T09:30:00.000+00:00,S3B,3.48632,2.68837,5.16402,14,https://eawagrs.s3.eu-central-1.amazonaws.com/alplakes/cropped/sentinel3/geneva/OC3_chla_S3B_20240801T093041_sui_geneva.tif
2024-08-03T10:19:00.000+00:00,S3B,3.10213,2.5385,4.18159,34,https://eawagrs.s3.eu-central-1.amazonaws.com/alplakes/cropped/sentinel3/geneva/OC3_chla_S3B_20240803T101919_sui_geneva.tif
2024-08-05T09:26:00.000+00:00,S3B,3.56849,2.59523,4.64889,59,https://eawagrs.s3.eu-central-1.amazonaws.com/alplakes/cropped/sentinel3/geneva/OC3_chla_S3B_20240805T092657_sui_geneva.tif
2024-08-07T10:15:00.000+00:00,S3B,3.70383,2.97294,4.65023,14,https://eawagrs.s3.eu-central-1.amazonaws.com/alplakes/cropped/sentinel3/geneva/OC3_chla_S3B_20240807T101534_sui_geneva.tif
2024-08-08T09:49:00.000+00:00,S3B,3.19742,2.86344,3.834,4,https://eawagrs.s3.eu-central-1.amazonaws.com/alplakes/cropped/sentinel3/geneva/OC3_chla_S3B_20240808T094923_sui_geneva.tif
2024-08-09T09:23:00.000+00:00,S3B,3.26306,2.62881,4.81943,65,https://eawagrs.s3.eu-central-1.amazonaws.com/alplakes/cropped/sentinel3/geneva/OC3_chla_S3B_20240809T092312_sui_geneva.tif
2024-08-11T10:11:00.000+00:00,S3B,3.05421,2.47852,9.26708,63,https://eawagrs.s3.eu-central-1.amazonaws.com/alplakes/cropped/sentinel3/geneva/OC3_chla_S3B_20240811T101148_sui_geneva.tif
2024-08-12T09:45:00.000+00:00,S3B,3.16926,2.4269,5.77461,28,https://eawagrs.s3.eu-central-1.amazonaws.com/alplakes/cropped/sentinel3/geneva/OC3_chla_S3B_20240812T094537_sui_geneva.tif
2024-08-13T09:19:00.000+00:00,S3B,3.06156,2.45936,4.21942,5,https://eawagrs.s3.eu-central-1.amazonaws.com/alplakes/cropped/sentinel3/geneva/OC3_chla_S3B_20240813T091926_sui_geneva.tif
2024-08-15T10:08:00.000+00:00,S3B,3.57333,2.56748,8.60001,37,https://eawagrs.s3.eu-central-1.amazonaws.com/alplakes/cropped/sentinel3/geneva/OC3_chla_S3B_20240815T100803_sui_geneva.tif
2024-08-16T09:41:00.000+00:00,S3B,3.51524,2.73717,6.26673,48,https://eawagrs.s3.eu-central-1.amazonaws.com/alplakes/cropped/sentinel3/geneva/OC3_chla_S3B_20240816T094152_sui_geneva.tif
2024-08-19T10:04:00.000+00:00,S3B,4.49099,2.86816,10.33583,86,https://eawagrs.s3.eu-central-1.amazonaws.com/alplakes/cropped/sentinel3/geneva/OC3_chla_S3B_20240819T100418_sui_geneva.tif
2024-08-20T09:38:00.000+00:00,S3B,3.84263,2.87099,7.51192,53,https://eawagrs.s3.eu-central-1.amazonaws.com/alplakes/cropped/sentinel3/geneva/OC3_chla_S3B_20240820T093807_sui_geneva.tif
2024-08-22T10:26:00.000+00:00,S3B,4.80852,3.10931,9.90637,72,https://eawagrs.s3.eu-central-1.amazonaws.com/alplakes/cropped/sentinel3/geneva/OC3_chla_S3B_20240822T102645_sui_geneva.tif
2024-08-23T10:00:00.000+00:00,S3B,4.76737,3.15022,9.07031,84,https://eawagrs.s3.eu-central-1.amazonaws.com/alplakes/cropped/sentinel3/geneva/OC3_chla_S3B_20240823T100035_sui_geneva.tif
2024-08-24T09:34:00.000+00:00,S3B,4.59205,3.42051,6.96106,19,https://eawagrs.s3.eu-central-1.amazonaws.com/alplakes/cropped/sentinel3/geneva/OC3_chla_S3B_20240824T093424_sui_geneva.tif
2024-08-26T10:23:00.000+00:00,S3B,6.36282,3.86749,9.80038,25,https://eawagrs.s3.eu-central-1.amazonaws.com/alplakes/cropped/sentinel3/geneva/OC3_chla_S3B_20240826T102302_sui_geneva.tif
2024-08-27T09:56:00.000+00:00,S3B,6.00241,2.80424,9.93182,86,https://eawagrs.s3.eu-central-1.amazonaws.com/alplakes/cropped/sentinel3/geneva/OC3_chla_S3B_20240827T095651_sui_geneva.tif
2024-08-28T09:30:00.000+00:00,S3B,5.82919,4.29262,8.27999,3,https://eawagrs.s3.eu-central-1.amazonaws.com/alplakes/cropped/sentinel3/geneva/OC3_chla_S3B_20240828T093041_sui_geneva.tif
2024-08-30T10:19:00.000+00:00,S3B,6.51766,4.3634,10.72864,23,https://eawagrs.s3.eu-central-1.amazonaws.com/alplakes/cropped/sentinel3/geneva/OC3_chla_S3B_20240830T101918_sui_geneva.tif
2024-09-03T10:15:00.000+00:00,S3B,6.60525,3.20106,10.03329,33,https://eawagrs.s3.eu-central-1.amazonaws.com/alplakes/cropped/sentinel3/geneva/OC3_chla_S3B_20240903T101533_sui_geneva.tif
2024-09-07T10:11:00.000+00:00,S3B,4.93333,2.77305,9.55884,3,https://eawagrs.s3.eu-central-1.amazonaws.com/alplakes/cropped/sentinel3/geneva/OC3_chla_S3B_20240907T101148_sui_geneva.tif
2024-09-12T09:41:00.000+00:00,S3B,2.61101,1.98687,3.19042,1,https://eawagrs.s3.eu-central-1.amazonaws.com/alplakes/cropped/sentinel3/geneva/OC3_chla_S3B_20240912T094151_sui_geneva.tif
2024-09-15T10:04:00.000+00:00,S3B,2.69814,1.631,13.23184,83,https://eawagrs.s3.eu-central-1.amazonaws.com/alplakes/cropped/sentinel3/geneva/OC3_chla_S3B_20240915T100417_sui_geneva.tif
2024-09-16T09:38:00.000+00:00,S3B,2.34983,2.05785,5.282,7,https://eawagrs.s3.eu-central-1.amazonaws.com/alplakes/cropped/sentinel3/geneva/OC3_chla_S3B_20240916T093806_sui_geneva.tif
2024-09-19T10:00:00.000+00:00,S3B,2.22578,1.74901,9.7059,52,https://eawagrs.s3.eu-central-1.amazonaws.com/alplakes/cropped/sentinel3/geneva/OC3_chla_S3B_20240919T100032_sui_geneva.tif
2024-09-20T09:34:00.000+00:00,S3B,2.25901,1.94009,7.45604,7,https://eawagrs.s3.eu-central-1.amazonaws.com/alplakes/cropped/sentinel3/geneva/OC3_chla_S3B_20240920T093421_sui_geneva.tif
2024-09-27T09:53:00.000+00:00,S3B,2.29989,1.56983,15.30585,18,https://eawagrs.s3.eu-central-1.amazonaws.com/alplakes/cropped/sentinel3/geneva/OC3_chla_S3B_20240927T095303_sui_geneva.tif
2024-09-30T10:15:00.000+00:00,S3B,2.21724,1.7675,7.89929,4,https://eawagrs.s3.eu-central-1.amazonaws.com/alplakes/cropped/sentinel3/geneva/OC3_chla_S3B_20240930T101528_sui_geneva.tif
2024-10-04T10:11:00.000+00:00,S3B,2.80667,1.23205,10.96757,29,https://eawagrs.s3.eu-central-1.amazonaws.com/alplakes/cropped/sentinel3/geneva/OC3_chla_S3B_20241004T101142_sui_geneva.tif
2024-10-05T09:45:00.000+00:00,S3B,2.37158,1.47851,8.01712,43,https://eawagrs.s3.eu-central-1.amazonaws.com/alplakes/cropped/sentinel3/geneva/OC3_chla_S3B_20241005T094532_sui_geneva.tif
2024-10-20T09:56:00.000+00:00,S3B,8.26678,8.26678,8.26678,1,https://eawagrs.s3.eu-central-1.amazonaws.com/alplakes/cropped/sentinel3/geneva/OC3_chla_S3B_20241020T095648_sui_geneva.tif
2024-10-24T09:53:00.000+00:00,S3B,6.49932,2.03646,12.12518,2,https://eawagrs.s3.eu-central-1.amazonaws.com/alplakes/cropped/sentinel3/geneva/OC3_chla_S3B_20241024T095304_sui_geneva.tif
2024-10-25T09:26:00.000+00:00,S3B,6.44495,5.04659,8.31422,1,https://eawagrs.s3.eu-central-1.amazonaws.com/alplakes/cropped/sentinel3/geneva/OC3_chla_S3B_20241025T092653_sui_geneva.tif
2024-10-27T10:15:00.000+00:00,S3B,8.31483,8.13708,8.49257,1,https://eawagrs.s3.eu-central-1.amazonaws.com/alplakes/cropped/sentinel3/geneva/OC3_chla_S3B_20241027T101531_sui_geneva.tif
2024-10-28T09:49:00.000+00:00,S3B,4.61974,1.97885,8.82812,1,https://eawagrs.s3.eu-central-1.amazonaws.com/alplakes/cropped/sentinel3/geneva/OC3_chla_S3B_20241028T094920_sui_geneva.tif
2024-10-31T10:11:00.000+00:00,S3B,3.03165,1.94279,9.23954,2,https://eawagrs.s3.eu-central-1.amazonaws.com/alplakes/cropped/sentinel3/geneva/OC3_chla_S3B_20241031T101147_sui_geneva.tif
2024-11-01T09:45:00.000+00:00,S3B,3.16872,1.9958,9.25047,4,https://eawagrs.s3.eu-central-1.amazonaws.com/alplakes/cropped/sentinel3/geneva/OC3_chla_S3B_20241101T094536_sui_geneva.tif
2024-11-04T10:08:00.000+00:00,S3B,3.40944,1.84044,8.77585,2,https://eawagrs.s3.eu-central-1.amazonaws.com/alplakes/cropped/sentinel3/geneva/OC3_chla_S3B_20241104T100804_sui_geneva.tif
2024-11-05T09:41:00.000+00:00,S3B,8.11706,6.06696,8.70912,1,https://eawagrs.s3.eu-central-1.amazonaws.com/alplakes/cropped/sentinel3/geneva/OC3_chla_S3B_20241105T094153_sui_geneva.tif
2024-11-08T10:04:00.000+00:00,S3B,3.92375,2.21574,9.38294,3,https://eawagrs.s3.eu-central-1.amazonaws.com/alplakes/cropped/sentinel3/geneva/OC3_chla_S3B_20241108T100419_sui_geneva.tif
2024-11-11T10:26:00.000+00:00,S3B,3.35665,2.02357,8.61917,3,https://eawagrs.s3.eu-central-1.amazonaws.com/alplakes/cropped/sentinel3/geneva/OC3_chla_S3B_20241111T102644_sui_geneva.tif
2024-11-15T10:23:00.000+00:00,S3B,2.24992,0.96607,9.99792,52,https://eawagrs.s3.eu-central-1.amazonaws.com/alplakes/cropped/sentinel3/geneva/OC3_chla_S3B_20241115T102301_sui_geneva.tif
2024-11-16T09:56:00.000+00:00,S3B,2.34871,1.36971,8.6354,13,https://eawagrs.s3.eu-central-1.amazonaws.com/alplakes/cropped/sentinel3/geneva/OC3_chla_S3B_20241116T095650_sui_geneva.tif
2024-11-17T09:30:00.000+00:00,S3B,2.43867,1.30921,7.67965,10,https://eawagrs.s3.eu-central-1.amazonaws.com/alplakes/cropped/sentinel3/geneva/OC3_chla_S3B_20241117T093040_sui_geneva.tif
2024-11-20T09:53:00.000+00:00,S3B,4.64961,0.36946,21.0245,4,https://eawagrs.s3.eu-central-1.amazonaws.com/alplakes/cropped/sentinel3/geneva/OC3_chla_S3B_20241120T095307_sui_geneva.tif
2024-11-25T09:23:00.000+00:00,S3B,3.40727,2.08471,9.11226,2,https://eawagrs.s3.eu-central-1.amazonaws.com/alplakes/cropped/sentinel3/geneva/OC3_chla_S3B_20241125T092312_sui_geneva.tif
2024-11-27T10:11:00.000+00:00,S3B,2.43095,1.07614,11.11426,22,https://eawagrs.s3.eu-central-1.amazonaws.com/alplakes/cropped/sentinel3/geneva/OC3_chla_S3B_20241127T101150_sui_geneva.tif
2024-12-01T10:08:00.000+00:00,S3B,2.18698,0.96747,9.62124,11,https://eawagrs.s3.eu-central-1.amazonaws.com/alplakes/cropped/sentinel3/geneva/OC3_chla_S3B_20241201T100804_sui_geneva.tif
2024-12-02T09:41:00.000+00:00,S3B,7.94381,7.94381,7.94381,1,https://eawagrs.s3.eu-central-1.amazonaws.com/alplakes/cropped/sentinel3/geneva/OC3_chla_S3B_20241202T094153_sui_geneva.tif
2024-12-05T10:04:00.000+00:00,S3B,5.22155,1.63496,10.50154,1,https://eawagrs.s3.eu-central-1.amazonaws.com/alplakes/cropped/sentinel3/geneva/OC3_chla_S3B_20241205T100418_sui_geneva.tif
2024-12-06T09:38:00.000+00:00,S3B,5.73043,1.54554,12.84126,5,https://eawagrs.s3.eu-central-1.amazonaws.com/alplakes/cropped/sentinel3/geneva/OC3_chla_S3B_20241206T093808_geneva.tif
2024-12-06T09:38:00.000+00:00,S3B,5.89437,1.54554,12.84126,5,https://eawagrs.s3.eu-central-1.amazonaws.com/alplakes/cropped/sentinel3/geneva/OC3_chla_S3B_20241206T093808_sui_geneva.tif
2024-12-08T10:26:00.000+00:00,S3B,7.9841,7.61385,8.35435,1,https://eawagrs.s3.eu-central-1.amazonaws.com/alplakes/cropped/sentinel3/geneva/OC3_chla_S3B_20241208T102645_geneva.tif
2024-12-08T10:26:00.000+00:00,S3B,7.8607,7.61385,8.3544,1,https://eawagrs.s3.eu-central-1.amazonaws.com/alplakes/cropped/sentinel3/geneva/OC3_chla_S3B_20241208T102645_sui_geneva.tif
2024-12-09T10:00:00.000+00:00,S3B,10.73453,3.5213,20.74723,1,https://eawagrs.s3.eu-central-1.amazonaws.com/alplakes/cropped/sentinel3/geneva/OC3_chla_S3B_20241209T100034_geneva.tif
2024-12-09T10:00:00.000+00:00,S3B,10.45788,3.5213,20.74723,1,https://eawagrs.s3.eu-central-1.amazonaws.com/alplakes/cropped/sentinel3/geneva/OC3_chla_S3B_20241209T100034_sui_geneva.tif
2024-12-10T09:34:00.000+00:00,S3B,2.71258,2.71258,2.71258,1,https://eawagrs.s3.eu-central-1.amazonaws.com/alplakes/cropped/sentinel3/geneva/OC3_chla_S3B_20241210T093424_geneva.tif
2024-12-10T09:34:00.000+00:00,S3B,2.71258,2.71258,2.71258,1,https://eawagrs.s3.eu-central-1.amazonaws.com/alplakes/cropped/sentinel3/geneva/OC3_chla_S3B_20241210T093424_sui_geneva.tif
2024-12-12T10:23:00.000+00:00,S3B,2.42067,1.58353,10.65565,7,https://eawagrs.s3.eu-central-1.amazonaws.com/alplakes/cropped/sentinel3/geneva/OC3_chla_S3B_20241212T102301_geneva.tif
2024-12-12T10:23:00.000+00:00,S3B,2.45168,1.72442,10.65565,7,https://eawagrs.s3.eu-central-1.amazonaws.com/alplakes/cropped/sentinel3/geneva/OC3_chla_S3B_20241212T102301_sui_geneva.tif
2024-12-13T09:56:00.000+00:00,S3B,2.25557,1.23857,7.52271,7,https://eawagrs.s3.eu-central-1.amazonaws.com/alplakes/cropped/sentinel3/geneva/OC3_chla_S3B_20241213T095650_geneva.tif
2024-12-16T10:19:00.000+00:00,S3B,3.22224,1.01908,10.29394,15,https://eawagrs.s3.eu-central-1.amazonaws.com/alplakes/cropped/sentinel3/geneva/OC3_chla_S3B_20241216T101916_geneva.tif
2024-12-17T09:53:00.000+00:00,S3B,2.84332,1.63684,6.46656,2,https://eawagrs.s3.eu-central-1.amazonaws.com/alplakes/cropped/sentinel3/geneva/OC3_chla_S3B_20241217T095305_geneva.tif
2024-12-21T09:49:00.000+00:00,S3B,6.25912,1.62217,12.60869,6,https://eawagrs.s3.eu-central-1.amazonaws.com/alplakes/cropped/sentinel3/geneva/OC3_chla_S3B_20241221T094920_geneva.tif
2024-12-24T10:11:00.000+00:00,S3B,2.49641,1.19824,26.55923,13,https://eawagrs.s3.eu-central-1.amazonaws.com/alplakes/cropped/sentinel3/geneva/OC3_chla_S3B_20241224T101147_geneva.tif
2024-12-28T10:08:00.000+00:00,S3B,3.97419,2.02667,9.13303,1,https://eawagrs.s3.eu-central-1.amazonaws.com/alplakes/cropped/sentinel3/geneva/OC3_chla_S3B_20241228T100802_geneva.tif
2024-12-29T09:41:00.000+00:00,S3B,3.08197,1.51743,8.83011,2,https://eawagrs.s3.eu-central-1.amazonaws.com/alplakes/cropped/sentinel3/geneva/OC3_chla_S3B_20241229T094151_geneva.tif
2025-01-01T10:04:00.000+00:00,S3B,2.97483,0.90446,25.00872,25,https://eawagrs.s3.eu-central-1.amazonaws.com/alplakes/cropped/sentinel3/geneva/OC3_chla_S3B_20250101T100417_geneva.tif
2025-01-02T09:38:00.000+00:00,S3B,11.39469,6.24273,30.75801,1,https://eawagrs.s3.eu-central-1.amazonaws.com/alplakes/cropped/sentinel3/geneva/OC3_chla_S3B_20250102T093805_geneva.tif
2025-01-05T10:00:00.000+00:00,S3B,13.88173,3.3943,21.61769,1,https://eawagrs.s3.eu-central-1.amazonaws.com/alplakes/cropped/sentinel3/geneva/OC3_chla_S3B_20250105T100032_geneva.tif
2025-01-11T09:43:00.000+00:00,S3A,22.00007,11.14935,36.73053,1,https://eawagrs.s3.eu-central-1.amazonaws.com/alplakes/cropped/sentinel3/geneva/OC3_chla_S3A_20250111T094313_geneva.tif
2025-01-12T10:19:00.000+00:00,S3B,2.40169,1.25106,31.8891,54,https://eawagrs.s3.eu-central-1.amazonaws.com/alplakes/cropped/sentinel3/geneva/OC3_chla_S3B_20250112T101913_geneva.tif
2025-01-13T09:53:00.000+00:00,S3B,3.86032,1.2544,102.94368,26,https://eawagrs.s3.eu-central-1.amazonaws.com/alplakes/cropped/sentinel3/geneva/OC3_chla_S3B_20250113T095302_geneva.tif
2025-01-14T10:05:00.000+00:00,S3A,2.09053,0.35417,11.36192,11,https://eawagrs.s3.eu-central-1.amazonaws.com/alplakes/cropped/sentinel3/geneva/OC3_chla_S3A_20250114T100541_geneva.tif
2025-01-14T09:26:00.000+00:00,S3B,4.09933,1.2577,13.32646,3,https://eawagrs.s3.eu-central-1.amazonaws.com/alplakes/cropped/sentinel3/geneva/OC3_chla_S3B_20250114T092652_geneva.tif
2025-01-15T09:39:00.000+00:00,S3A,3.24705,1.68504,18.11243,8,https://eawagrs.s3.eu-central-1.amazonaws.com/alplakes/cropped/sentinel3/geneva/OC3_chla_S3A_20250115T093930_geneva.tif
2025-01-16T10:15:00.000+00:00,S3B,0.99697,0.99697,0.99697,1,https://eawagrs.s3.eu-central-1.amazonaws.com/alplakes/cropped/sentinel3/geneva/OC3_chla_S3B_20250116T101529_geneva.tif
2025-01-17T09:49:00.000+00:00,S3B,2.27865,1.33521,9.87664,8,https://eawagrs.s3.eu-central-1.amazonaws.com/alplakes/cropped/sentinel3/geneva/OC3_chla_S3B_20250117T094918_geneva.tif
2025-01-18T10:01:00.000+00:00,S3A,1.85133,1.39477,2.52191,1,https://eawagrs.s3.eu-central-1.amazonaws.com/alplakes/cropped/sentinel3/geneva/OC3_chla_S3A_20250118T100158_geneva.tif
2025-01-23T09:32:00.000+00:00,S3A,3.1743,1.21653,20.43142,3,https://eawagrs.s3.eu-central-1.amazonaws.com/alplakes/cropped/sentinel3/geneva/OC3_chla_S3A_20250123T093203_geneva.tif
2025-01-24T10:07:00.000+00:00,S3B,1.79008,1.14343,10.13323,17,https://eawagrs.s3.eu-central-1.amazonaws.com/alplakes/cropped/sentinel3/geneva/OC3_chla_S3B_20250124T100759_geneva.tif
2025-01-25T10:20:00.000+00:00,S3A,1.75808,1.02113,10.11525,11,https://eawagrs.s3.eu-central-1.amazonaws.com/alplakes/cropped/sentinel3/geneva/OC3_chla_S3A_20250125T102040_geneva.tif
2025-01-25T09:41:00.000+00:00,S3B,2.77101,1.39504,10.7038,2,https://eawagrs.s3.eu-central-1.amazonaws.com/alplakes/cropped/sentinel3/geneva/OC3_chla_S3B_20250125T094148_geneva.tif
2025-01-26T09:54:00.000+00:00,S3A,1.92293,1.0029,10.85837,39,https://eawagrs.s3.eu-central-1.amazonaws.com/alplakes/cropped/sentinel3/geneva/OC3_chla_S3A_20250126T095429_geneva.tif
2025-01-27T09:28:00.000+00:00,S3A,47.09008,3.39805,181.01753,1,https://eawagrs.s3.eu-central-1.amazonaws.com/alplakes/cropped/sentinel3/geneva/OC3_chla_S3A_20250127T092818_geneva.tif
2025-01-28T10:04:00.000+00:00,S3B,2.41968,0.48433,51.83694,32,https://eawagrs.s3.eu-central-1.amazonaws.com/alplakes/cropped/sentinel3/geneva/OC3_chla_S3B_20250128T100414_geneva.tif
2025-01-29T10:16:00.000+00:00,S3A,2.19557,1.16769,18.14348,15,https://eawagrs.s3.eu-central-1.amazonaws.com/alplakes/cropped/sentinel3/geneva/OC3_chla_S3A_20250129T101654_geneva.tif
2025-01-29T09:38:00.000+00:00,S3B,2.60375,1.19529,17.59262,47,https://eawagrs.s3.eu-central-1.amazonaws.com/alplakes/cropped/sentinel3/geneva/OC3_chla_S3B_20250129T093802_geneva.tif
2025-01-30T09:50:00.000+00:00,S3A,3.53433,2.41801,5.17598,1,https://eawagrs.s3.eu-central-1.amazonaws.com/alplakes/cropped/sentinel3/geneva/OC3_chla_S3A_20250130T095043_geneva.tif
2025-02-02T10:13:00.000+00:00,S3A,1.71817,1.00527,8.62735,4,https://eawagrs.s3.eu-central-1.amazonaws.com/alplakes/cropped/sentinel3/geneva/OC3_chla_S3A_20250202T101310_geneva.tif
2025-02-02T09:34:00.000+00:00,S3B,2.18754,1.2292,8.45525,2,https://eawagrs.s3.eu-central-1.amazonaws.com/alplakes/cropped/sentinel3/geneva/OC3_chla_S3B_20250202T093418_geneva.tif
2025-02-03T09:46:00.000+00:00,S3A,2.04908,1.28986,8.53499,13,https://eawagrs.s3.eu-central-1.amazonaws.com/alplakes/cropped/sentinel3/geneva/OC3_chla_S3A_20250203T094659_geneva.tif
2025-02-04T09:20:00.000+00:00,S3A,2.63673,1.29577,9.48382,3,https://eawagrs.s3.eu-central-1.amazonaws.com/alplakes/cropped/sentinel3/geneva/OC3_chla_S3A_20250204T092048_geneva.tif
2025-02-04T10:22:00.000+00:00,S3B,1.93925,0.81599,11.04462,8,https://eawagrs.s3.eu-central-1.amazonaws.com/alplakes/cropped/sentinel3/geneva/OC3_chla_S3B_20250204T102256_geneva.tif
2025-02-05T09:56:00.000+00:00,S3B,2.27131,0.94418,7.94176,16,https://eawagrs.s3.eu-central-1.amazonaws.com/alplakes/cropped/sentinel3/geneva/OC3_chla_S3B_20250205T095645_geneva.tif
2025-02-07T09:43:00.000+00:00,S3A,2.66241,1.66387,7.02983,1,https://eawagrs.s3.eu-central-1.amazonaws.com/alplakes/cropped/sentinel3/geneva/OC3_chla_S3A_20250207T094315_geneva.tif
2025-02-09T09:53:00.000+00:00,S3B,2.35708,1.51286,5.99841,2,https://eawagrs.s3.eu-central-1.amazonaws.com/alplakes/cropped/sentinel3/geneva/OC3_chla_S3B_20250209T095303_geneva.tif
2025-02-14T10:01:00.000+00:00,S3A,2.02907,0.69608,14.22519,63,https://eawagrs.s3.eu-central-1.amazonaws.com/alplakes/cropped/sentinel3/geneva/OC3_chla_S3A_20250214T100159_geneva.tif
2025-02-14T09:23:00.000+00:00,S3B,2.67962,1.35861,8.60442,18,https://eawagrs.s3.eu-central-1.amazonaws.com/alplakes/cropped/sentinel3/geneva/OC3_chla_S3B_20250214T092310_geneva.tif
2025-02-15T09:35:00.000+00:00,S3A,2.09038,0.80031,14.16073,30,https://eawagrs.s3.eu-central-1.amazonaws.com/alplakes/cropped/sentinel3/geneva/OC3_chla_S3A_20250215T093548_geneva.tif
2025-02-16T10:11:00.000+00:00,S3B,1.98896,1.15344,10.53187,43,https://eawagrs.s3.eu-central-1.amazonaws.com/alplakes/cropped/sentinel3/geneva/OC3_chla_S3B_20250216T101147_geneva.tif
2025-02-17T10:24:00.000+00:00,S3A,0.80374,0.80374,0.80374,1,https://eawagrs.s3.eu-central-1.amazonaws.com/alplakes/cropped/sentinel3/geneva/OC3_chla_S3A_20250217T102425_geneva.tif
2025-02-18T09:58:00.000+00:00,S3A,2.2787,1.4249,12.3175,3,https://eawagrs.s3.eu-central-1.amazonaws.com/alplakes/cropped/sentinel3/geneva/OC3_chla_S3A_20250218T095814_geneva.tif
2025-02-18T09:19:00.000+00:00,S3B,9.02245,9.02245,9.02245,1,https://eawagrs.s3.eu-central-1.amazonaws.com/alplakes/cropped/sentinel3/geneva/OC3_chla_S3B_20250218T091926_geneva.tif
2025-02-27T09:24:00.000+00:00,S3A,4.19154,4.19154,4.19154,1,https://eawagrs.s3.eu-central-1.amazonaws.com/alplakes/cropped/sentinel3/geneva/OC3_chla_S3A_20250227T092431_geneva.tif
2025-02-27T10:26:00.000+00:00,S3B,3.55868,1.50025,11.31799,4,https://eawagrs.s3.eu-central-1.amazonaws.com/alplakes/cropped/sentinel3/geneva/OC3_chla_S3B_20250227T102644_geneva.tif
2025-02-28T10:00:00.000+00:00,S3B,3.17887,1.35723,13.76647,82,https://eawagrs.s3.eu-central-1.amazonaws.com/alplakes/cropped/sentinel3/geneva/OC3_chla_S3B_20250228T100033_geneva.tif
2025-03-01T10:13:00.000+00:00,S3A,2.64023,0.87289,11.74446,27,https://eawagrs.s3.eu-central-1.amazonaws.com/alplakes/cropped/sentinel3/geneva/OC3_chla_S3A_20250301T101309_geneva.tif
2025-03-01T09:34:00.000+00:00,S3B,3.10827,1.49144,14.03129,25,https://eawagrs.s3.eu-central-1.amazonaws.com/alplakes/cropped/sentinel3/geneva/OC3_chla_S3B_20250301T093423_geneva.tif
2025-03-02T09:46:00.000+00:00,S3A,3.1534,1.39801,10.96061,22,https://eawagrs.s3.eu-central-1.amazonaws.com/alplakes/cropped/sentinel3/geneva/OC3_chla_S3A_20250302T094658_geneva.tif
2025-03-03T09:20:00.000+00:00,S3A,2.70824,1.3614,18.4039,17,https://eawagrs.s3.eu-central-1.amazonaws.com/alplakes/cropped/sentinel3/geneva/OC3_chla_S3A_20250303T092047_geneva.tif
2025-03-03T10:23:00.000+00:00,S3B,2.52698,1.35705,12.36435,75,https://eawagrs.s3.eu-central-1.amazonaws.com/alplakes/cropped/sentinel3/geneva/OC3_chla_S3B_20250303T102301_geneva.tif
2025-03-04T09:56:00.000+00:00,S3B,3.00611,1.62352,8.57599,69,https://eawagrs.s3.eu-central-1.amazonaws.com/alplakes/cropped/sentinel3/geneva/OC3_chla_S3B_20250304T095650_geneva.tif
2025-03-05T09:30:00.000+00:00,S3B,3.6257,1.73228,15.6824,61,https://eawagrs.s3.eu-central-1.amazonaws.com/alplakes/cropped/sentinel3/geneva/OC3_chla_S3B_20250305T093039_geneva.tif
2025-03-05T10:09:00.000+00:00,S3A,3.01255,1.57829,16.73681,72,https://eawagrs.s3.eu-central-1.amazonaws.com/alplakes/cropped/sentinel3/geneva/OC3_chla_S3A_20250305T100925_geneva.tif
2025-03-06T09:43:00.000+00:00,S3A,4.63402,1.86669,16.70438,70,https://eawagrs.s3.eu-central-1.amazonaws.com/alplakes/cropped/sentinel3/geneva/OC3_chla_S3A_20250306T094314_geneva.tif
2025-03-07T10:19:00.000+00:00,S3B,4.63446,2.05216,20.04708,77,https://eawagrs.s3.eu-central-1.amazonaws.com/alplakes/cropped/sentinel3/geneva/OC3_chla_S3B_20250307T101917_geneva.tif
2025-03-08T09:53:00.000+00:00,S3B,7.18365,3.10899,14.8032,2,https://eawagrs.s3.eu-central-1.amazonaws.com/alplakes/cropped/sentinel3/geneva/OC3_chla_S3B_20250308T095306_geneva.tif
2025-03-09T10:05:00.000+00:00,S3A,5.51605,2.43416,15.67933,11,https://eawagrs.s3.eu-central-1.amazonaws.com/alplakes/cropped/sentinel3/geneva/OC3_chla_S3A_20250309T100540_geneva.tif
2025-03-09T09:26:00.000+00:00,S3B,4.54989,4.54989,4.54989,1,https://eawagrs.s3.eu-central-1.amazonaws.com/alplakes/cropped/sentinel3/geneva/OC3_chla_S3B_20250309T092655_geneva.tif
2025-03-10T09:39:00.000+00:00,S3A,4.64319,1.46497,12.75892,71,https://eawagrs.s3.eu-central-1.amazonaws.com/alplakes/cropped/sentinel3/geneva/OC3_chla_S3A_20250310T093929_geneva.tif
2025-03-11T10:15:00.000+00:00,S3B,4.4797,1.78089,17.55943,84,https://eawagrs.s3.eu-central-1.amazonaws.com/alplakes/cropped/sentinel3/geneva/OC3_chla_S3B_20250311T101533_geneva.tif
2025-03-13T10:01:00.000+00:00,S3A,4.46573,1.69947,16.49121,40,https://eawagrs.s3.eu-central-1.amazonaws.com/alplakes/cropped/sentinel3/geneva/OC3_chla_S3A_20250313T100155_geneva.tif
2025-03-13T09:23:00.000+00:00,S3B,5.92024,2.03872,16.09242,4,https://eawagrs.s3.eu-central-1.amazonaws.com/alplakes/cropped/sentinel3/geneva/OC3_chla_S3B_20250313T092311_geneva.tif
2025-03-17T09:58:00.000+00:00,S3A,3.79918,2.43711,12.57069,6,https://eawagrs.s3.eu-central-1.amazonaws.com/alplakes/cropped/sentinel3/geneva/OC3_chla_S3A_20250317T095811_geneva.tif
2025-03-18T09:32:00.000+00:00,S3A,4.09614,2.3609,5.64832,2,https://eawagrs.s3.eu-central-1.amazonaws.com/alplakes/cropped/sentinel3/geneva/OC3_chla_S3A_20250318T093201_geneva.tif
2025-03-19T10:08:00.000+00:00,S3B,2.81217,1.50208,16.96331,88,https://eawagrs.s3.eu-central-1.amazonaws.com/alplakes/cropped/sentinel3/geneva/OC3_chla_S3B_20250319T100802_geneva.tif
2025-03-20T10:20:00.000+00:00,S3A,2.75933,1.6455,19.60115,80,https://eawagrs.s3.eu-central-1.amazonaws.com/alplakes/cropped/sentinel3/geneva/OC3_chla_S3A_20250320T102038_geneva.tif
2025-03-20T09:41:00.000+00:00,S3B,2.92009,1.79884,22.25392,63,https://eawagrs.s3.eu-central-1.amazonaws.com/alplakes/cropped/sentinel3/geneva/OC3_chla_S3B_20250320T094150_geneva.tif
2025-03-23T10:04:00.000+00:00,S3B,3.5098,1.56194,12.3326,61,https://eawagrs.s3.eu-central-1.amazonaws.com/alplakes/cropped/sentinel3/geneva/OC3_chla_S3B_20250323T100418_geneva.tif
2025-03-24T10:16:00.000+00:00,S3A,4.28899,2.47536,20.84107,2,https://eawagrs.s3.eu-central-1.amazonaws.com/alplakes/cropped/sentinel3/geneva/OC3_chla_S3A_20250324T101653_geneva.tif
2025-03-24T09:38:00.000+00:00,S3B,4.42619,2.87516,8.98854,1,https://eawagrs.s3.eu-central-1.amazonaws.com/alplakes/cropped/sentinel3/geneva/OC3_chla_S3B_20250324T093807_geneva.tif
2025-03-25T09:50:00.000+00:00,S3A,3.6896,2.21233,10.83378,66,https://eawagrs.s3.eu-central-1.amazonaws.com/alplakes/cropped/sentinel3/geneva/OC3_chla_S3A_20250325T095043_geneva.tif
2025-03-26T10:26:00.000+00:00,S3B,4.50078,4.23043,4.91446,1,https://eawagrs.s3.eu-central-1.amazonaws.com/alplakes/cropped/sentinel3/geneva/OC3_chla_S3B_20250326T102644_geneva.tif
2025-03-27T10:00:00.000+00:00,S3B,4.28477,2.20472,13.67651,27,https://eawagrs.s3.eu-central-1.amazonaws.com/alplakes/cropped/sentinel3/geneva/OC3_chla_S3B_20250327T100033_geneva.tif
2025-03-28T10:13:00.000+00:00,S3A,3.81329,1.46957,9.49501,12,https://eawagrs.s3.eu-central-1.amazonaws.com/alplakes/cropped/sentinel3/geneva/OC3_chla_S3A_20250328T101310_geneva.tif
2025-03-30T09:20:00.000+00:00,S3A,3.77569,2.18692,11.35718,6,https://eawagrs.s3.eu-central-1.amazonaws.com/alplakes/cropped/sentinel3/geneva/OC3_chla_S3A_20250330T092049_geneva.tif
2025-03-30T10:22:00.000+00:00,S3B,3.29106,1.67682,17.78329,69,https://eawagrs.s3.eu-central-1.amazonaws.com/alplakes/cropped/sentinel3/geneva/OC3_chla_S3B_20250330T102259_geneva.tif
2025-03-31T09:56:00.000+00:00,S3B,4.04585,1.57608,14.17337,89,https://eawagrs.s3.eu-central-1.amazonaws.com/alplakes/cropped/sentinel3/geneva/OC3_chla_S3B_20250331T095648_geneva.tif
2025-04-01T10:09:00.000+00:00,S3A,3.08356,1.4832,17.47669,86,https://eawagrs.s3.eu-central-1.amazonaws.com/alplakes/cropped/sentinel3/geneva/OC3_chla_S3A_20250401T100926_geneva.tif
2025-04-01T09:30:00.000+00:00,S3B,3.37206,1.9599,9.6834,63,https://eawagrs.s3.eu-central-1.amazonaws.com/alplakes/cropped/sentinel3/geneva/OC3_chla_S3B_20250401T093037_geneva.tif
2025-04-02T09:43:00.000+00:00,S3A,3.54143,1.64609,13.53527,53,https://eawagrs.s3.eu-central-1.amazonaws.com/alplakes/cropped/sentinel3/geneva/OC3_chla_S3A_20250402T094315_geneva.tif
2025-04-03T10:19:00.000+00:00,S3B,3.6299,2.31214,15.4526,12,https://eawagrs.s3.eu-central-1.amazonaws.com/alplakes/cropped/sentinel3/geneva/OC3_chla_S3B_20250403T101915_geneva.tif
2025-04-04T09:53:00.000+00:00,S3B,3.97443,2.50959,11.94029,48,https://eawagrs.s3.eu-central-1.amazonaws.com/alplakes/cropped/sentinel3/geneva/OC3_chla_S3B_20250404T095304_geneva.tif
2025-04-05T10:05:00.000+00:00,S3A,4.18407,2.00198,18.10361,89,https://eawagrs.s3.eu-central-1.amazonaws.com/alplakes/cropped/sentinel3/geneva/OC3_chla_S3A_20250405T100544_geneva.tif
2025-04-05T09:26:00.000+00:00,S3B,4.92704,2.98654,26.24569,66,https://eawagrs.s3.eu-central-1.amazonaws.com/alplakes/cropped/sentinel3/geneva/OC3_chla_S3B_20250405T092654_geneva.tif
2025-04-06T09:39:00.000+00:00,S3A,5.09767,2.55166,11.65716,82,https://eawagrs.s3.eu-central-1.amazonaws.com/alplakes/cropped/sentinel3/geneva/OC3_chla_S3A_20250406T093933_geneva.tif
2025-04-07T10:15:00.000+00:00,S3B,4.99062,2.23944,15.72095,91,https://eawagrs.s3.eu-central-1.amazonaws.com/alplakes/cropped/sentinel3/geneva/OC3_chla_S3B_20250407T101531_geneva.tif
2025-04-08T10:28:00.000+00:00,S3A,3.35613,2.30721,6.65047,5,https://eawagrs.s3.eu-central-1.amazonaws.com/alplakes/cropped/sentinel3/geneva/OC3_chla_S3A_20250408T102811_geneva.tif
2025-04-08T09:49:00.000+00:00,S3B,5.29387,2.64458,20.14595,84,https://eawagrs.s3.eu-central-1.amazonaws.com/alplakes/cropped/sentinel3/geneva/OC3_chla_S3B_20250408T094920_geneva.tif
2025-04-09T10:02:00.000+00:00,S3A,4.94212,2.96684,20.37131,67,https://eawagrs.s3.eu-central-1.amazonaws.com/alplakes/cropped/sentinel3/geneva/OC3_chla_S3A_20250409T100201_geneva.tif
2025-04-09T09:23:00.000+00:00,S3B,5.30844,3.66609,10.21722,1,https://eawagrs.s3.eu-central-1.amazonaws.com/alplakes/cropped/sentinel3/geneva/OC3_chla_S3B_20250409T092310_geneva.tif
2025-04-10T09:35:00.000+00:00,S3A,5.41782,3.29129,17.11653,48,https://eawagrs.s3.eu-central-1.amazonaws.com/alplakes/cropped/sentinel3/geneva/OC3_chla_S3A_20250410T093550_geneva.tif
2025-04-11T10:11:00.000+00:00,S3B,5.6681,2.60395,17.42327,91,https://eawagrs.s3.eu-central-1.amazonaws.com/alplakes/cropped/sentinel3/geneva/OC3_chla_S3B_20250411T101147_geneva.tif
2025-04-14T09:32:00.000+00:00,S3A,5.20096,3.65739,8.43993,13,https://eawagrs.s3.eu-central-1.amazonaws.com/alplakes/cropped/sentinel3/geneva/OC3_chla_S3A_20250414T093206_geneva.tif
2025-04-18T09:28:00.000+00:00,S3A,4.75932,2.2859,10.96619,61,https://eawagrs.s3.eu-central-1.amazonaws.com/alplakes/cropped/sentinel3/geneva/OC3_chla_S3A_20250418T092822_geneva.tif
2025-04-19T10:04:00.000+00:00,S3B,4.44935,2.94214,11.42508,8,https://eawagrs.s3.eu-central-1.amazonaws.com/alplakes/cropped/sentinel3/geneva/OC3_chla_S3B_20250419T100418_geneva.tif
2025-04-20T10:16:00.000+00:00,S3A,4.13369,1.938,9.57103,22,https://eawagrs.s3.eu-central-1.amazonaws.com/alplakes/cropped/sentinel3/geneva/OC3_chla_S3A_20250420T101659_geneva.tif
2025-04-20T09:38:00.000+00:00,S3B,6.07254,3.95684,8.6874,2,https://eawagrs.s3.eu-central-1.amazonaws.com/alplakes/cropped/sentinel3/geneva/OC3_chla_S3B_20250420T093807_geneva.tif
2025-04-22T10:26:00.000+00:00,S3B,3.89387,3.89387,3.89387,1,https://eawagrs.s3.eu-central-1.amazonaws.com/alplakes/cropped/sentinel3/geneva/OC3_chla_S3B_20250422T102644_geneva.tif
2025-04-23T10:00:00.000+00:00,S3B,4.20446,2.65084,11.65502,14,https://eawagrs.s3.eu-central-1.amazonaws.com/alplakes/cropped/sentinel3/geneva/OC3_chla_S3B_20250423T100034_geneva.tif
2025-04-24T10:13:00.000+00:00,S3A,5.21422,3.07404,9.50236,5,https://eawagrs.s3.eu-central-1.amazonaws.com/alplakes/cropped/sentinel3/geneva/OC3_chla_S3A_20250424T101313_geneva.tif
2025-04-25T09:47:00.000+00:00,S3A,6.14881,3.57041,9.59067,1,https://eawagrs.s3.eu-central-1.amazonaws.com/alplakes/cropped/sentinel3/geneva/OC3_chla_S3A_20250425T094703_geneva.tif
2025-04-26T09:20:00.000+00:00,S3A,4.43443,2.75875,9.07514,46,https://eawagrs.s3.eu-central-1.amazonaws.com/alplakes/cropped/sentinel3/geneva/OC3_chla_S3A_20250426T092053_geneva.tif
2025-04-26T10:23:00.000+00:00,S3B,4.42035,2.35432,10.79192,73,https://eawagrs.s3.eu-central-1.amazonaws.com/alplakes/cropped/sentinel3/geneva/OC3_chla_S3B_20250426T102300_geneva.tif
2025-04-27T09:56:00.000+00:00,S3B,3.57093,2.66216,10.45573,16,https://eawagrs.s3.eu-central-1.amazonaws.com/alplakes/cropped/sentinel3/geneva/OC3_chla_S3B_20250427T095649_geneva.tif
2025-04-28T10:09:00.000+00:00,S3A,3.74001,2.24306,8.69496,89,https://eawagrs.s3.eu-central-1.amazonaws.com/alplakes/cropped/sentinel3/geneva/OC3_chla_S3A_20250428T100931_geneva.tif
2025-04-28T09:30:00.000+00:00,S3B,3.54502,2.40519,6.48017,42,https://eawagrs.s3.eu-central-1.amazonaws.com/alplakes/cropped/sentinel3/geneva/OC3_chla_S3B_20250428T093038_geneva.tif
2025-04-29T09:43:00.000+00:00,S3A,3.30264,2.21548,13.14286,69,https://eawagrs.s3.eu-central-1.amazonaws.com/alplakes/cropped/sentinel3/geneva/OC3_chla_S3A_20250429T094320_geneva.tif
2025-05-01T09:53:00.000+00:00,S3B,2.68328,1.73505,13.47955,83,https://eawagrs.s3.eu-central-1.amazonaws.com/alplakes/cropped/sentinel3/geneva/OC3_chla_S3B_20250501T095306_geneva.tif
2025-05-02T10:05:00.000+00:00,S3A,2.68459,1.95193,8.72851,5,https://eawagrs.s3.eu-central-1.amazonaws.com/alplakes/cropped/sentinel3/geneva/OC3_chla_S3A_20250502T100547_geneva.tif
2025-05-08T10:11:00.000+00:00,S3B,2.94191,2.08099,7.0875,4,https://eawagrs.s3.eu-central-1.amazonaws.com/alplakes/cropped/sentinel3/geneva/OC3_chla_S3B_20250508T101150_geneva.tif
2025-05-09T10:24:00.000+00:00,S3A,2.60802,2.46866,2.69042,1,https://eawagrs.s3.eu-central-1.amazonaws.com/alplakes/cropped/sentinel3/geneva/OC3_chla_S3A_20250509T102430_geneva.tif
2025-05-09T09:45:00.000+00:00,S3B,2.77718,2.35413,3.05693,1,https://eawagrs.s3.eu-central-1.amazonaws.com/alplakes/cropped/sentinel3/geneva/OC3_chla_S3B_20250509T094539_geneva.tif
2025-05-10T09:58:00.000+00:00,S3A,2.2693,1.74311,5.2735,19,https://eawagrs.s3.eu-central-1.amazonaws.com/alplakes/cropped/sentinel3/geneva/OC3_chla_S3A_20250510T095819_geneva.tif
2025-05-11T09:32:00.000+00:00,S3A,2.44729,1.89502,7.97579,23,https://eawagrs.s3.eu-central-1.amazonaws.com/alplakes/cropped/sentinel3/geneva/OC3_chla_S3A_20250511T093208_geneva.tif
2025-05-13T10:20:00.000+00:00,S3A,1.97742,1.50047,8.41683,25,https://eawagrs.s3.eu-central-1.amazonaws.com/alplakes/cropped/sentinel3/geneva/OC3_chla_S3A_20250513T102045_geneva.tif
2025-05-13T09:41:00.000+00:00,S3B,2.07933,1.51332,3.37893,49,https://eawagrs.s3.eu-central-1.amazonaws.com/alplakes/cropped/sentinel3/geneva/OC3_chla_S3B_20250513T094155_geneva.tif
2025-05-14T09:54:00.000+00:00,S3A,1.86776,1.39261,6.51818,43,https://eawagrs.s3.eu-central-1.amazonaws.com/alplakes/cropped/sentinel3/geneva/OC3_chla_S3A_20250514T095434_geneva.tif
2025-05-15T09:28:00.000+00:00,S3A,1.87367,1.4204,2.4567,9,https://eawagrs.s3.eu-central-1.amazonaws.com/alplakes/cropped/sentinel3/geneva/OC3_chla_S3A_20250515T092823_geneva.tif
2025-05-16T10:05:00.000+00:00,S3B,1.75165,1.30551,6.70752,69,https://eawagrs.s3.eu-central-1.amazonaws.com/alplakes/cropped/sentinel3/geneva/OC3_chla_S3B_20250516T100518_geneva.tif
2025-05-17T10:17:00.000+00:00,S3A,1.65014,1.28873,8.52509,54,https://eawagrs.s3.eu-central-1.amazonaws.com/alplakes/cropped/sentinel3/geneva/OC3_chla_S3A_20250517T101701_geneva.tif
2025-05-17T09:38:00.000+00:00,S3B,1.75317,1.37631,3.49069,35,https://eawagrs.s3.eu-central-1.amazonaws.com/alplakes/cropped/sentinel3/geneva/OC3_chla_S3B_20250517T093812_geneva.tif
2025-05-18T09:50:00.000+00:00,S3A,1.57372,1.22651,9.94817,47,https://eawagrs.s3.eu-central-1.amazonaws.com/alplakes/cropped/sentinel3/geneva/OC3_chla_S3A_20250518T095050_geneva.tif
2025-05-22T09:47:00.000+00:00,S3A,1.34221,1.26405,1.45714,1,https://eawagrs.s3.eu-central-1.amazonaws.com/alplakes/cropped/sentinel3/geneva/OC3_chla_S3A_20250522T094706_geneva.tif
2025-05-24T09:56:00.000+00:00,S3B,1.66997,1.31614,8.58625,12,https://eawagrs.s3.eu-central-1.amazonaws.com/alplakes/cropped/sentinel3/geneva/OC3_chla_S3B_20250524T095655_geneva.tif
2025-05-27T10:19:00.000+00:00,S3B,1.97326,1.43703,9.25169,2,https://eawagrs.s3.eu-central-1.amazonaws.com/alplakes/cropped/sentinel3/geneva/OC3_chla_S3B_20250527T101922_geneva.tif
2025-05-29T10:05:00.000+00:00,S3A,2.24865,1.42166,6.6056,1,https://eawagrs.s3.eu-central-1.amazonaws.com/alplakes/cropped/sentinel3/geneva/OC3_chla_S3A_20250529T100549_geneva.tif
2025-05-30T09:39:00.000+00:00,S3A,1.88238,1.27929,9.6342,8,https://eawagrs.s3.eu-central-1.amazonaws.com/alplakes/cropped/sentinel3/geneva/OC3_chla_S3A_20250530T093938_geneva.tif
2025-05-31T10:15:00.000+00:00,S3B,2.13198,1.78344,2.57147,1,https://eawagrs.s3.eu-central-1.amazonaws.com/alplakes/cropped/sentinel3/geneva/OC3_chla_S3B_20250531T101538_geneva.tif
2025-06-08T10:08:00.000+00:00,S3B,2.95702,1.71926,5.59219,8,https://eawagrs.s3.eu-central-1.amazonaws.com/alplakes/cropped/sentinel3/geneva/OC3_chla_S3B_20250608T100810_geneva.tif
2025-06-10T09:54:00.000+00:00,S3A,1.96617,1.75415,2.18367,1,https://eawagrs.s3.eu-central-1.amazonaws.com/alplakes/cropped/sentinel3/geneva/OC3_chla_S3A_20250610T095434_geneva.tif
2025-06-12T10:04:00.000+00:00,S3B,2.53196,2.23419,2.80552,1,https://eawagrs.s3.eu-central-1.amazonaws.com/alplakes/cropped/sentinel3/geneva/OC3_chla_S3B_20250612T100427_geneva.tif
2025-06-13T10:17:00.000+00:00,S3A,2.69113,2.56079,2.83923,1,https://eawagrs.s3.eu-central-1.amazonaws.com/alplakes/cropped/sentinel3/geneva/OC3_chla_S3A_20250613T101701_geneva.tif
2025-06-16T10:00:00.000+00:00,S3B,2.65232,2.03607,3.88221,3,https://eawagrs.s3.eu-central-1.amazonaws.com/alplakes/cropped/sentinel3/geneva/OC3_chla_S3B_20250616T100043_geneva.tif
2025-06-17T10:13:00.000+00:00,S3A,2.96083,1.91791,4.47961,7,https://eawagrs.s3.eu-central-1.amazonaws.com/alplakes/cropped/sentinel3/geneva/OC3_chla_S3A_20250617T101317_geneva.tif
2025-06-17T09:34:00.000+00:00,S3B,3.79808,3.72551,3.83437,1,https://eawagrs.s3.eu-central-1.amazonaws.com/alplakes/cropped/sentinel3/geneva/OC3_chla_S3B_20250617T093432_geneva.tif
2025-06-18T09:47:00.000+00:00,S3A,2.43814,1.65011,3.24364,12,https://eawagrs.s3.eu-central-1.amazonaws.com/alplakes/cropped/sentinel3/geneva/OC3_chla_S3A_20250618T094706_geneva.tif
2025-06-19T10:23:00.000+00:00,S3B,2.54165,2.0231,3.87868,4,https://eawagrs.s3.eu-central-1.amazonaws.com/alplakes/cropped/sentinel3/geneva/OC3_chla_S3B_20250619T102310_geneva.tif
2025-06-20T09:56:00.000+00:00,S3B,2.57408,1.69997,12.84406,24,https://eawagrs.s3.eu-central-1.amazonaws.com/alplakes/cropped/sentinel3/geneva/OC3_chla_S3B_20250620T095659_geneva.tif
2025-06-21T10:09:00.000+00:00,S3A,2.20791,1.62448,7.7495,22,https://eawagrs.s3.eu-central-1.amazonaws.com/alplakes/cropped/sentinel3/geneva/OC3_chla_S3A_20250621T100933_geneva.tif
2025-06-22T09:43:00.000+00:00,S3A,2.43157,1.7453,3.17716,5,https://eawagrs.s3.eu-central-1.amazonaws.com/alplakes/cropped/sentinel3/geneva/OC3_chla_S3A_20250622T094322_geneva.tif
2025-06-24T09:53:00.000+00:00,S3B,1.99189,1.4903,6.97807,44,https://eawagrs.s3.eu-central-1.amazonaws.com/alplakes/cropped/sentinel3/geneva/OC3_chla_S3B_20250624T095315_geneva.tif
2025-06-25T10:05:00.000+00:00,S3A,1.9971,1.59502,3.55145,8,https://eawagrs.s3.eu-central-1.amazonaws.com/alplakes/cropped/sentinel3/geneva/OC3_chla_S3A_20250625T100549_geneva.tif
2025-06-27T10:15:00.000+00:00,S3B,1.79653,1.63975,1.92305,1,https://eawagrs.s3.eu-central-1.amazonaws.com/alplakes/cropped/sentinel3/geneva/OC3_chla_S3B_20250627T101542_geneva.tif
2025-06-28T09:49:00.000+00:00,S3B,1.78806,1.4279,6.29971,43,https://eawagrs.s3.eu-central-1.amazonaws.com/alplakes/cropped/sentinel3/geneva/OC3_chla_S3B_20250628T094932_geneva.tif
2025-06-29T10:02:00.000+00:00,S3A,1.76903,1.3612,11.78697,52,https://eawagrs.s3.eu-central-1.amazonaws.com/alplakes/cropped/sentinel3/geneva/OC3_chla_S3A_20250629T100204_geneva.tif
2025-06-29T09:23:00.000+00:00,S3B,2.08513,1.88164,2.30563,1,https://eawagrs.s3.eu-central-1.amazonaws.com/alplakes/cropped/sentinel3/geneva/OC3_chla_S3B_20250629T092321_geneva.tif
2025-07-01T10:11:00.000+00:00,S3B,2.44199,1.61511,7.44452,39,https://eawagrs.s3.eu-central-1.amazonaws.com/alplakes/cropped/sentinel3/geneva/OC3_chla_S3B_20250701T101159_geneva.tif
2025-07-02T10:24:00.000+00:00,S3A,2.59094,1.75041,6.42805,4,https://eawagrs.s3.eu-central-1.amazonaws.com/alplakes/cropped/sentinel3/geneva/OC3_chla_S3A_20250702T102431_geneva.tif
2025-07-02T09:45:00.000+00:00,S3B,2.42591,1.81353,3.90879,3,https://eawagrs.s3.eu-central-1.amazonaws.com/alplakes/cropped/sentinel3/geneva/OC3_chla_S3B_20250702T094548_geneva.tif
2025-07-03T09:58:00.000+00:00,S3A,2.46838,2.02126,3.47437,10,https://eawagrs.s3.eu-central-1.amazonaws.com/alplakes/cropped/sentinel3/geneva/OC3_chla_S3A_20250703T095820_geneva.tif
2025-07-04T09:32:00.000+00:00,S3A,2.61575,2.3649,2.8467,2,https://eawagrs.s3.eu-central-1.amazonaws.com/alplakes/cropped/sentinel3/geneva/OC3_chla_S3A_20250704T093209_geneva.tif
2025-07-05T10:08:00.000+00:00,S3B,2.52958,1.88771,8.17276,64,https://eawagrs.s3.eu-central-1.amazonaws.com/alplakes/cropped/sentinel3/geneva/OC3_chla_S3B_20250705T100815_geneva.tif
2025-07-07T09:54:00.000+00:00,S3A,3.2468,2.63064,3.75653,1,https://eawagrs.s3.eu-central-1.amazonaws.com/alplakes/cropped/sentinel3/geneva/OC3_chla_S3A_20250707T095435_geneva.tif
2025-07-08T09:28:00.000+00:00,S3A,2.97381,2.31393,4.05394,19,https://eawagrs.s3.eu-central-1.amazonaws.com/alplakes/cropped/sentinel3/geneva/OC3_chla_S3A_20250708T092824_geneva.tif
2025-07-09T10:04:00.000+00:00,S3B,3.1259,2.34407,7.77298,81,https://eawagrs.s3.eu-central-1.amazonaws.com/alplakes/cropped/sentinel3/geneva/OC3_chla_S3B_20250709T100431_geneva.tif
2025-07-10T10:17:00.000+00:00,S3A,2.82347,2.22602,9.56483,49,https://eawagrs.s3.eu-central-1.amazonaws.com/alplakes/cropped/sentinel3/geneva/OC3_chla_S3A_20250710T101701_geneva.tif
2025-07-10T09:38:00.000+00:00,S3B,2.90642,2.29159,5.22172,64,https://eawagrs.s3.eu-central-1.amazonaws.com/alplakes/cropped/sentinel3/geneva/OC3_chla_S3B_20250710T093820_geneva.tif
2025-07-11T09:50:00.000+00:00,S3A,2.73523,2.13352,12.84757,59,https://eawagrs.s3.eu-central-1.amazonaws.com/alplakes/cropped/sentinel3/geneva/OC3_chla_S3A_20250711T095050_geneva.tif
2025-07-12T09:24:00.000+00:00,S3A,2.74974,2.27502,3.59969,7,https://eawagrs.s3.eu-central-1.amazonaws.com/alplakes/cropped/sentinel3/geneva/OC3_chla_S3A_20250712T092439_geneva.tif
2025-07-12T10:26:00.000+00:00,S3B,2.83553,2.15505,5.56912,50,https://eawagrs.s3.eu-central-1.amazonaws.com/alplakes/cropped/sentinel3/geneva/OC3_chla_S3B_20250712T102658_geneva.tif
2025-07-13T10:00:00.000+00:00,S3B,2.64193,2.06022,11.97811,21,https://eawagrs.s3.eu-central-1.amazonaws.com/alplakes/cropped/sentinel3/geneva/OC3_chla_S3B_20250713T100047_geneva.tif
2025-07-14T10:13:00.000+00:00,S3A,2.4995,1.9846,7.59303,9,https://eawagrs.s3.eu-central-1.amazonaws.com/alplakes/cropped/sentinel3/geneva/OC3_chla_S3A_20250714T101317_geneva.tif
2025-07-16T10:23:00.000+00:00,S3B,2.7118,2.51246,2.92557,1,https://eawagrs.s3.eu-central-1.amazonaws.com/alplakes/cropped/sentinel3/geneva/OC3_chla_S3B_20250716T102313_geneva.tif
2025-07-17T09:57:00.000+00:00,S3B,2.86743,1.94828,12.7669,89,https://eawagrs.s3.eu-central-1.amazonaws.com/alplakes/cropped/sentinel3/geneva/OC3_chla_S3B_20250717T095702_geneva.tif
2025-07-18T10:09:00.000+00:00,S3A,2.69581,1.99624,9.58469,88,https://eawagrs.s3.eu-central-1.amazonaws.com/alplakes/cropped/sentinel3/geneva/OC3_chla_S3A_20250718T100933_geneva.tif
2025-07-18T09:30:00.000+00:00,S3B,2.6184,2.07756,4.12336,17,https://eawagrs.s3.eu-central-1.amazonaws.com/alplakes/cropped/sentinel3/geneva/OC3_chla_S3B_20250718T093051_geneva.tif
2025-07-20T10:19:00.000+00:00,S3B,3.20223,3.20223,3.20223,1,https://eawagrs.s3.eu-central-1.amazonaws.com/alplakes/cropped/sentinel3/geneva/OC3_chla_S3B_20250720T101928_geneva.tif
2025-07-21T09:53:00.000+00:00,S3B,3.063,2.00283,7.58856,66,https://eawagrs.s3.eu-central-1.amazonaws.com/alplakes/cropped/sentinel3/geneva/OC3_chla_S3B_20250721T095317_geneva.tif
2025-07-22T10:05:00.000+00:00,S3A,3.62483,2.43475,12.04052,41,https://eawagrs.s3.eu-central-1.amazonaws.com/alplakes/cropped/sentinel3/geneva/OC3_chla_S3A_20250722T100549_geneva.tif
2025-07-22T09:27:00.000+00:00,S3B,3.68037,2.82846,5.22301,30,https://eawagrs.s3.eu-central-1.amazonaws.com/alplakes/cropped/sentinel3/geneva/OC3_chla_S3B_20250722T092706_geneva.tif
2025-07-23T09:39:00.000+00:00,S3A,2.81904,2.60042,3.03255,1,https://eawagrs.s3.eu-central-1.amazonaws.com/alplakes/cropped/sentinel3/geneva/OC3_chla_S3A_20250723T093938_geneva.tif
2025-07-24T10:15:00.000+00:00,S3B,3.66852,2.43208,7.76821,42,https://eawagrs.s3.eu-central-1.amazonaws.com/alplakes/cropped/sentinel3/geneva/OC3_chla_S3B_20250724T101543_geneva.tif
2025-07-25T09:49:00.000+00:00,S3B,3.76504,2.55484,8.69715,26,https://eawagrs.s3.eu-central-1.amazonaws.com/alplakes/cropped/sentinel3/geneva/OC3_chla_S3B_20250725T094933_geneva.tif
2025-07-26T10:02:00.000+00:00,S3A,3.77773,3.26367,4.60671,2,https://eawagrs.s3.eu-central-1.amazonaws.com/alplakes/cropped/sentinel3/geneva/OC3_chla_S3A_20250726T100205_geneva.tif
2025-07-29T10:24:00.000+00:00,S3A,3.17949,2.52334,10.64516,41,https://eawagrs.s3.eu-central-1.amazonaws.com/alplakes/cropped/sentinel3/geneva/OC3_chla_S3A_20250729T102431_geneva.tif
2025-07-29T09:45:00.000+00:00,S3B,3.5359,2.51353,12.9949,77,https://eawagrs.s3.eu-central-1.amazonaws.com/alplakes/cropped/sentinel3/geneva/OC3_chla_S3B_20250729T094549_geneva.tif
2025-07-30T09:58:00.000+00:00,S3A,3.42732,2.404,12.64461,81,https://eawagrs.s3.eu-central-1.amazonaws.com/alplakes/cropped/sentinel3/geneva/OC3_chla_S3A_20250730T095820_geneva.tif
2025-07-31T09:32:00.000+00:00,S3A,3.62787,2.59725,10.43024,39,https://eawagrs.s3.eu-central-1.amazonaws.com/alplakes/cropped/sentinel3/geneva/OC3_chla_S3A_20250731T093209_geneva.tif
2025-08-01T10:08:00.000+00:00,S3B,3.77689,2.67975,7.02309,42,https://eawagrs.s3.eu-central-1.amazonaws.com/alplakes/cropped/sentinel3/geneva/OC3_chla_S3B_20250801T100816_geneva.tif
2025-08-02T10:20:00.000+00:00,S3A,3.6886,2.84411,7.17819,4,https://eawagrs.s3.eu-central-1.amazonaws.com/alplakes/cropped/sentinel3/geneva/OC3_chla_S3A_20250802T102046_geneva.tif
2025-08-02T09:42:00.000+00:00,S3B,3.5997,2.59801,5.1748,31,https://eawagrs.s3.eu-central-1.amazonaws.com/alplakes/cropped/sentinel3/geneva/OC3_chla_S3B_20250802T094205_geneva.tif
2025-08-03T09:54:00.000+00:00,S3A,3.55844,2.64863,5.50788,23,https://eawagrs.s3.eu-central-1.amazonaws.com/alplakes/cropped/sentinel3/geneva/OC3_chla_S3A_20250803T095435_geneva.tif
2025-08-05T10:04:00.000+00:00,S3B,3.3266,2.3829,14.4237,58,https://eawagrs.s3.eu-central-1.amazonaws.com/alplakes/cropped/sentinel3/geneva/OC3_chla_S3B_20250805T100432_geneva.tif
2025-08-07T09:50:00.000+00:00,S3A,3.01267,2.29608,18.247,79,https://eawagrs.s3.eu-central-1.amazonaws.com/alplakes/cropped/sentinel3/geneva/OC3_chla_S3A_20250807T095049_geneva.tif
2025-08-08T10:26:00.000+00:00,S3B,2.80495,2.26723,3.69682,23,https://eawagrs.s3.eu-central-1.amazonaws.com/alplakes/cropped/sentinel3/geneva/OC3_chla_S3B_20250808T102658_geneva.tif
2025-08-09T10:00:00.000+00:00,S3B,2.7174,2.13999,10.70086,30,https://eawagrs.s3.eu-central-1.amazonaws.com/alplakes/cropped/sentinel3/geneva/OC3_chla_S3B_20250809T100047_geneva.tif
2025-08-10T10:13:00.000+00:00,S3A,2.65228,2.00194,10.3979,36,https://eawagrs.s3.eu-central-1.amazonaws.com/alplakes/cropped/sentinel3/geneva/OC3_chla_S3A_20250810T101316_geneva.tif
2025-08-11T09:47:00.000+00:00,S3A,2.89213,2.47051,3.62732,2,https://eawagrs.s3.eu-central-1.amazonaws.com/alplakes/cropped/sentinel3/geneva/OC3_chla_S3A_20250811T094705_geneva.tif
2025-08-17T09:53:00.000+00:00,S3B,3.36518,2.48379,5.4609,4,https://eawagrs.s3.eu-central-1.amazonaws.com/alplakes/cropped/sentinel3/geneva/OC3_chla_S3B_20250817T095319_geneva.tif
2025-08-18T10:05:00.000+00:00,S3A,3.15016,1.96191,13.62148,88,https://eawagrs.s3.eu-central-1.amazonaws.com/alplakes/cropped/sentinel3/geneva/OC3_chla_S3A_20250818T100547_geneva.tif
2025-08-18T09:27:00.000+00:00,S3B,3.40531,2.46222,4.18248,5,https://eawagrs.s3.eu-central-1.amazonaws.com/alplakes/cropped/sentinel3/geneva/OC3_chla_S3B_20250818T092708_geneva.tif
2025-08-22T10:02:00.000+00:00,S3A,2.77353,2.03522,7.78749,11,https://eawagrs.s3.eu-central-1.amazonaws.com/alplakes/cropped/sentinel3/geneva/OC3_chla_S3A_20250822T100202_geneva.tif
2025-08-23T09:35:00.000+00:00,S3A,2.93403,2.1533,3.671,3,https://eawagrs.s3.eu-central-1.amazonaws.com/alplakes/cropped/sentinel3/geneva/OC3_chla_S3A_20250823T093551_geneva.tif
2025-08-24T10:12:00.000+00:00,S3B,2.73891,1.82681,11.03706,88,https://eawagrs.s3.eu-central-1.amazonaws.com/alplakes/cropped/sentinel3/geneva/OC3_chla_S3B_20250824T101202_geneva.tif
2025-08-25T10:24:00.000+00:00,S3A,2.56084,1.70791,9.60211,89,https://eawagrs.s3.eu-central-1.amazonaws.com/alplakes/cropped/sentinel3/geneva/OC3_chla_S3A_20250825T102428_geneva.tif
2025-08-25T09:45:00.000+00:00,S3B,2.6046,1.82721,9.70644,81,https://eawagrs.s3.eu-central-1.amazonaws.com/alplakes/cropped/sentinel3/geneva/OC3_chla_S3B_20250825T094551_geneva.tif
2025-08-26T09:58:00.000+00:00,S3A,2.43661,1.88613,2.97741,10,https://eawagrs.s3.eu-central-1.amazonaws.com/alplakes/cropped/sentinel3/geneva/OC3_chla_S3A_20250826T095817_geneva.tif
2025-08-29T10:20:00.000+00:00,S3A,2.53159,1.63172,13.3276,22,https://eawagrs.s3.eu-central-1.amazonaws.com/alplakes/cropped/sentinel3/geneva/OC3_chla_S3A_20250829T102042_geneva.tif
2025-08-29T09:42:00.000+00:00,S3B,2.33887,1.48805,5.76583,30,https://eawagrs.s3.eu-central-1.amazonaws.com/alplakes/cropped/sentinel3/geneva/OC3_chla_S3B_20250829T094207_geneva.tif
2025-08-30T09:54:00.000+00:00,S3A,2.21348,1.55465,7.32845,6,https://eawagrs.s3.eu-central-1.amazonaws.com/alplakes/cropped/sentinel3/geneva/OC3_chla_S3A_20250830T095431_geneva.tif
2025-08-31T09:28:00.000+00:00,S3A,2.38487,1.77195,8.43063,28,https://eawagrs.s3.eu-central-1.amazonaws.com/alplakes/cropped/sentinel3/geneva/OC3_chla_S3A_20250831T092820_geneva.tif
2025-09-01T10:04:00.000+00:00,S3B,2.15852,1.63724,3.06213,6,https://eawagrs.s3.eu-central-1.amazonaws.com/alplakes/cropped/sentinel3/geneva/OC3_chla_S3B_20250901T100433_geneva.tif
2025-09-02T10:16:00.000+00:00,S3A,1.93047,1.31388,10.89332,39,https://eawagrs.s3.eu-central-1.amazonaws.com/alplakes/cropped/sentinel3/geneva/OC3_chla_S3A_20250902T101656_geneva.tif
2025-09-02T09:38:00.000+00:00,S3B,2.14093,1.47638,5.1803,24,https://eawagrs.s3.eu-central-1.amazonaws.com/alplakes/cropped/sentinel3/geneva/OC3_chla_S3B_20250902T093822_geneva.tif
2025-09-03T09:50:00.000+00:00,S3A,2.02462,1.40431,14.44405,74,https://eawagrs.s3.eu-central-1.amazonaws.com/alplakes/cropped/sentinel3/geneva/OC3_chla_S3A_20250903T095045_geneva.tif
2025-09-04T10:26:00.000+00:00,S3B,5.32174,1.96821,8.67527,1,https://eawagrs.s3.eu-central-1.amazonaws.com/alplakes/cropped/sentinel3/geneva/OC3_chla_S3B_20250904T102659_geneva.tif
2025-09-05T10:00:00.000+00:00,S3B,2.18403,1.43282,10.20172,38,https://eawagrs.s3.eu-central-1.amazonaws.com/alplakes/cropped/sentinel3/geneva/OC3_chla_S3B_20250905T100048_geneva.tif
2025-09-06T10:13:00.000+00:00,S3A,1.83042,1.59509,2.22225,1,https://eawagrs.s3.eu-central-1.amazonaws.com/alplakes/cropped/sentinel3/geneva/OC3_chla_S3A_20250906T101312_geneva.tif
2025-09-07T09:47:00.000+00:00,S3A,2.03059,1.43437,11.11152,44,https://eawagrs.s3.eu-central-1.amazonaws.com/alplakes/cropped/sentinel3/geneva/OC3_chla_S3A_20250907T094701_geneva.tif
2025-09-09T09:57:00.000+00:00,S3B,2.2596,1.49827,11.44575,27,https://eawagrs.s3.eu-central-1.amazonaws.com/alplakes/cropped/sentinel3/geneva/OC3_chla_S3B_20250909T095702_geneva.tif
2025-09-10T10:09:00.000+00:00,S3A,2.1121,1.43328,7.09457,2,https://eawagrs.s3.eu-central-1.amazonaws.com/alplakes/cropped/sentinel3/geneva/OC3_chla_S3A_20250910T100928_geneva.tif
2025-09-11T09:43:00.000+00:00,S3A,1.97838,1.62217,2.27568,1,https://eawagrs.s3.eu-central-1.amazonaws.com/alplakes/cropped/sentinel3/geneva/OC3_chla_S3A_20250911T094317_geneva.tif
2025-09-12T10:19:00.000+00:00,S3B,8.43309,8.43309,8.43309,1,https://eawagrs.s3.eu-central-1.amazonaws.com/alplakes/cropped/sentinel3/geneva/OC3_chla_S3B_20250912T101928_geneva.tif
2025-09-14T10:05:00.000+00:00,S3A,1.91565,1.34711,8.39904,9,https://eawagrs.s3.eu-central-1.amazonaws.com/alplakes/cropped/sentinel3/geneva/OC3_chla_S3A_20250914T100544_geneva.tif
2025-09-14T09:27:00.000+00:00,S3B,2.17756,1.76581,2.70817,1,https://eawagrs.s3.eu-central-1.amazonaws.com/alplakes/cropped/sentinel3/geneva/OC3_chla_S3B_20250914T092706_geneva.tif
2025-09-15T09:39:00.000+00:00,S3A,2.03514,1.43198,6.41418,8,https://eawagrs.s3.eu-central-1.amazonaws.com/alplakes/cropped/sentinel3/geneva/OC3_chla_S3A_20250915T093934_geneva.tif
2025-09-16T10:15:00.000+00:00,S3B,1.92891,1.54223,2.1749,1,https://eawagrs.s3.eu-central-1.amazonaws.com/alplakes/cropped/sentinel3/geneva/OC3_chla_S3B_20250916T101544_geneva.tif
2025-09-17T09:49:00.000+00:00,S3B,4.54138,2.49389,6.20397,1,https://eawagrs.s3.eu-central-1.amazonaws.com/alplakes/cropped/sentinel3/geneva/OC3_chla_S3B_20250917T094933_geneva.tif
2025-09-18T10:02:00.000+00:00,S3A,1.72952,1.26426,7.05964,67,https://eawagrs.s3.eu-central-1.amazonaws.com/alplakes/cropped/sentinel3/geneva/OC3_chla_S3A_20250918T100201_geneva.tif
2025-09-18T09:23:00.000+00:00,S3B,1.99471,1.59553,2.88815,3,https://eawagrs.s3.eu-central-1.amazonaws.com/alplakes/cropped/sentinel3/geneva/OC3_chla_S3B_20250918T092322_geneva.tif
2025-09-19T09:35:00.000+00:00,S3A,1.84163,1.3675,4.8627,40,https://eawagrs.s3.eu-central-1.amazonaws.com/alplakes/cropped/sentinel3/geneva/OC3_chla_S3A_20250919T093550_geneva.tif
2025-09-20T10:12:00.000+00:00,S3B,1.88453,1.38358,9.84353,19,https://eawagrs.s3.eu-central-1.amazonaws.com/alplakes/cropped/sentinel3/geneva/OC3_chla_S3B_20250920T101200_geneva.tif
2025-09-22T09:58:00.000+00:00,S3A,1.80898,1.80898,1.80898,1,https://eawagrs.s3.eu-central-1.amazonaws.com/alplakes/cropped/sentinel3/geneva/OC3_chla_S3A_20250922T095817_geneva.tif
2025-09-25T10:20:00.000+00:00,S3A,1.87632,1.2386,5.88322,3,https://eawagrs.s3.eu-central-1.amazonaws.com/alplakes/cropped/sentinel3/geneva/OC3_chla_S3A_20250925T102045_geneva.tif
2025-09-25T09:42:00.000+00:00,S3B,1.99713,1.4647,6.76132,6,https://eawagrs.s3.eu-central-1.amazonaws.com/alplakes/cropped/sentinel3/geneva/OC3_chla_S3B_20250925T094204_geneva.tif
2025-09-27T09:28:00.000+00:00,S3A,1.85041,1.29844,3.07652,13,https://eawagrs.s3.eu-central-1.amazonaws.com/alplakes/cropped/sentinel3/geneva/OC3_chla_S3A_20250927T092823_geneva.tif
2025-09-28T10:04:00.000+00:00,S3B,1.77295,1.27461,8.07864,21,https://eawagrs.s3.eu-central-1.amazonaws.com/alplakes/cropped/sentinel3/geneva/OC3_chla_S3B_20250928T100430_geneva.tif
2025-09-29T10:17:00.000+00:00,S3A,1.79735,1.26969,8.14578,19,https://eawagrs.s3.eu-central-1.amazonaws.com/alplakes/cropped/sentinel3/geneva/OC3_chla_S3A_20250929T101701_geneva.tif
2025-09-29T09:38:00.000+00:00,S3B,2.00068,1.36717,7.24516,10,https://eawagrs.s3.eu-central-1.amazonaws.com/alplakes/cropped/sentinel3/geneva/OC3_chla_S3B_20250929T093819_geneva.tif
2025-09-30T09:50:00.000+00:00,S3A,1.89549,1.49537,4.87934,4,https://eawagrs.s3.eu-central-1.amazonaws.com/alplakes/cropped/sentinel3/geneva/OC3_chla_S3A_20250930T095050_geneva.tif
2025-10-01T09:24:00.000+00:00,S3A,2.11388,1.55514,2.82386,2,https://eawagrs.s3.eu-central-1.amazonaws.com/alplakes/cropped/sentinel3/geneva/OC3_chla_S3A_20251001T092439_geneva.tif
2025-10-01T10:26:00.000+00:00,S3B,2.39702,1.5817,20.03388,7,https://eawagrs.s3.eu-central-1.amazonaws.com/alplakes/cropped/sentinel3/geneva/OC3_chla_S3B_20251001T102655_geneva.tif
2025-10-02T10:00:00.000+00:00,S3B,2.24363,1.52411,7.63556,12,https://eawagrs.s3.eu-central-1.amazonaws.com/alplakes/cropped/sentinel3/geneva/OC3_chla_S3B_20251002T100044_geneva.tif
2025-10-04T09:47:00.000+00:00,S3A,1.93486,1.65355,2.54192,2,https://eawagrs.s3.eu-central-1.amazonaws.com/alplakes/cropped/sentinel3/geneva/OC3_chla_S3A_20251004T094705_geneva.tif
2025-10-05T09:20:00.000+00:00,S3A,1.88986,1.51155,2.82998,10,https://eawagrs.s3.eu-central-1.amazonaws.com/alplakes/cropped/sentinel3/geneva/OC3_chla_S3A_20251005T092054_geneva.tif
2025-10-05T10:23:00.000+00:00,S3B,1.79999,1.17708,5.51521,22,https://eawagrs.s3.eu-central-1.amazonaws.com/alplakes/cropped/sentinel3/geneva/OC3_chla_S3B_20251005T102309_geneva.tif
2025-10-06T09:56:00.000+00:00,S3B,2.00637,1.41985,8.10122,65,https://eawagrs.s3.eu-central-1.amazonaws.com/alplakes/cropped/sentinel3/geneva/OC3_chla_S3B_20251006T095658_geneva.tif
2025-10-07T10:09:00.000+00:00,S3A,1.81486,1.38515,6.91667,54,https://eawagrs.s3.eu-central-1.amazonaws.com/alplakes/cropped/sentinel3/geneva/OC3_chla_S3A_20251007T100931_geneva.tif
2025-10-07T09:30:00.000+00:00,S3B,2.24218,1.76222,4.60181,2,https://eawagrs.s3.eu-central-1.amazonaws.com/alplakes/cropped/sentinel3/geneva/OC3_chla_S3B_20251007T093047_geneva.tif
2025-10-08T09:43:00.000+00:00,S3A,2.13427,1.51721,7.40151,3,https://eawagrs.s3.eu-central-1.amazonaws.com/alplakes/cropped/sentinel3/geneva/OC3_chla_S3A_20251008T094320_geneva.tif
2025-10-09T10:19:00.000+00:00,S3B,1.87632,1.55387,2.02988,1,https://eawagrs.s3.eu-central-1.amazonaws.com/alplakes/cropped/sentinel3/geneva/OC3_chla_S3B_20251009T101925_geneva.tif
2025-10-11T10:05:00.000+00:00,S3A,5.89371,2.10387,9.42046,1,https://eawagrs.s3.eu-central-1.amazonaws.com/alplakes/cropped/sentinel3/geneva/OC3_chla_S3A_20251011T100547_geneva.tif
2025-10-12T09:39:00.000+00:00,S3A,2.33609,1.72093,6.20832,3,https://eawagrs.s3.eu-central-1.amazonaws.com/alplakes/cropped/sentinel3/geneva/OC3_chla_S3A_20251012T093936_geneva.tif
2025-10-15T10:02:00.000+00:00,S3A,2.11826,1.66103,2.67575,1,https://eawagrs.s3.eu-central-1.amazonaws.com/alplakes/cropped/sentinel3/geneva/OC3_chla_S3A_20251015T100203_geneva.tif
2025-10-18T10:24:00.000+00:00,S3A,1.86356,1.21773,8.87106,3,https://eawagrs.s3.eu-central-1.amazonaws.com/alplakes/cropped/sentinel3/geneva/OC3_chla_S3A_20251018T102430_geneva.tif
2025-10-18T09:45:00.000+00:00,S3B,2.0688,1.57678,2.45644,1,https://eawagrs.s3.eu-central-1.amazonaws.com/alplakes/cropped/sentinel3/geneva/OC3_chla_S3B_20251018T094547_geneva.tif
2025-11-05T10:19:00.000+00:00,S3B,2.45644,1.47779,9.91147,57,https://eawagrs.s3.eu-central-1.amazonaws.com/alplakes/cropped/sentinel3/geneva/OC3_chla_S3B_20251105T101930_geneva.tif
2025-10-24T09:28:00.000+00:00,S3A,2.13234,1.26334,6.81185,27,https://eawagrs.s3.eu-central-1.amazonaws.com/alplakes/cropped/sentinel3/geneva/OC3_chla_S3A_20251024T092824_geneva.tif
2025-10-26T10:17:00.000+00:00,S3A,1.71487,1.03099,3.22842,18,https://eawagrs.s3.eu-central-1.amazonaws.com/alplakes/cropped/sentinel3/geneva/OC3_chla_S3A_20251026T101702_geneva.tif
2025-10-26T09:38:00.000+00:00,S3B,2.00893,1.22395,14.97095,31,https://eawagrs.s3.eu-central-1.amazonaws.com/alplakes/cropped/sentinel3/geneva/OC3_chla_S3B_20251026T093820_geneva.tif
2025-10-28T09:24:00.000+00:00,S3A,2.24305,1.74369,4.81422,14,https://eawagrs.s3.eu-central-1.amazonaws.com/alplakes/cropped/sentinel3/geneva/OC3_chla_S3A_20251028T092440_geneva.tif
2025-10-28T10:26:00.000+00:00,S3B,1.92168,1.43285,4.83406,37,https://eawagrs.s3.eu-central-1.amazonaws.com/alplakes/cropped/sentinel3/geneva/OC3_chla_S3B_20251028T102658_geneva.tif
2025-10-30T10:13:00.000+00:00,S3A,1.88386,1.20115,7.44148,72,https://eawagrs.s3.eu-central-1.amazonaws.com/alplakes/cropped/sentinel3/geneva/OC3_chla_S3A_20251030T101318_geneva.tif
2025-10-30T09:34:00.000+00:00,S3B,2.5217,1.60378,10.81688,11,https://eawagrs.s3.eu-central-1.amazonaws.com/alplakes/cropped/sentinel3/geneva/OC3_chla_S3B_20251030T093437_geneva.tif
2025-11-03T10:09:00.000+00:00,S3A,2.44903,1.38784,7.92887,26,https://eawagrs.s3.eu-central-1.amazonaws.com/alplakes/cropped/sentinel3/geneva/OC3_chla_S3A_20251103T100933_geneva.tif
2025-11-03T09:30:00.000+00:00,S3B,3.04244,1.62763,8.15133,48,https://eawagrs.s3.eu-central-1.amazonaws.com/alplakes/cropped/sentinel3/geneva/OC3_chla_S3B_20251103T093052_geneva.tif
2025-11-04T09:43:00.000+00:00,S3A,2.76455,1.56396,6.60233,52,https://eawagrs.s3.eu-central-1.amazonaws.com/alplakes/cropped/sentinel3/geneva/OC3_chla_S3A_20251104T094322_geneva.tif
2025-11-06T09:53:00.000+00:00,S3B,3.43941,1.68163,6.69393,1,https://eawagrs.s3.eu-central-1.amazonaws.com/alplakes/cropped/sentinel3/geneva/OC3_chla_S3B_20251106T095319_geneva.tif
2025-11-07T10:05:00.000+00:00,S3A,2.73192,1.62639,6.73402,15,https://eawagrs.s3.eu-central-1.amazonaws.com/alplakes/cropped/sentinel3/geneva/OC3_chla_S3A_20251107T100549_geneva.tif
2025-11-07T09:27:00.000+00:00,S3B,4.36477,1.94426,11.49133,2,https://eawagrs.s3.eu-central-1.amazonaws.com/alplakes/cropped/sentinel3/geneva/OC3_chla_S3B_20251107T092708_geneva.tif
2025-11-08T09:39:00.000+00:00,S3A,2.89439,1.77132,6.05165,6,https://eawagrs.s3.eu-central-1.amazonaws.com/alplakes/cropped/sentinel3/geneva/OC3_chla_S3A_20251108T093937_geneva.tif
2025-11-09T10:15:00.000+00:00,S3B,2.67425,1.74079,8.12951,22,https://eawagrs.s3.eu-central-1.amazonaws.com/alplakes/cropped/sentinel3/geneva/OC3_chla_S3B_20251109T101546_geneva.tif
2025-11-10T10:28:00.000+00:00,S3A,2.10108,2.10108,2.10108,1,https://eawagrs.s3.eu-central-1.amazonaws.com/alplakes/cropped/sentinel3/geneva/OC3_chla_S3A_20251110T102814_geneva.tif
2025-11-10T09:49:00.000+00:00,S3B,2.60264,1.69791,8.70849,8,https://eawagrs.s3.eu-central-1.amazonaws.com/alplakes/cropped/sentinel3/geneva/OC3_chla_S3B_20251110T094935_geneva.tif
2025-11-11T10:02:00.000+00:00,S3A,2.62811,1.61458,10.38373,43,https://eawagrs.s3.eu-central-1.amazonaws.com/alplakes/cropped/sentinel3/geneva/OC3_chla_S3A_20251111T100203_geneva.tif
2025-11-11T09:23:00.000+00:00,S3B,5.30629,4.68638,5.82437,1,https://eawagrs.s3.eu-central-1.amazonaws.com/alplakes/cropped/sentinel3/geneva/OC3_chla_S3B_20251111T092324_geneva.tif
2025-11-15T09:19:00.000+00:00,S3B,13.03393,4.35129,22.34527,1,https://eawagrs.s3.eu-central-1.amazonaws.com/alplakes/cropped/sentinel3/geneva/OC3_chla_S3B_20251115T091940_geneva.tif
2025-11-18T10:20:00.000+00:00,S3A,2.55214,0.63414,18.12496,27,https://eawagrs.s3.eu-central-1.amazonaws.com/alplakes/cropped/sentinel3/geneva/OC3_chla_S3A_20251118T102044_geneva.tif
2025-11-18T09:42:00.000+00:00,S3B,3.19517,0.78474,11.55913,17,https://eawagrs.s3.eu-central-1.amazonaws.com/alplakes/cropped/sentinel3/geneva/OC3_chla_S3B_20251118T094206_geneva.tif
2025-11-19T09:54:00.000+00:00,S3A,2.86778,1.60263,7.55814,2,https://eawagrs.s3.eu-central-1.amazonaws.com/alplakes/cropped/sentinel3/geneva/OC3_chla_S3A_20251119T095433_geneva.tif
2025-11-20T09:28:00.000+00:00,S3A,7.55702,3.79822,12.33681,1,https://eawagrs.s3.eu-central-1.amazonaws.com/alplakes/cropped/sentinel3/geneva/OC3_chla_S3A_20251120T092822_geneva.tif
2025-11-21T10:04:00.000+00:00,S3B,2.46459,1.62595,4.69468,1,https://eawagrs.s3.eu-central-1.amazonaws.com/alplakes/cropped/sentinel3/geneva/OC3_chla_S3B_20251121T100433_geneva.tif
2025-11-22T10:17:00.000+00:00,S3A,2.32877,0.65654,33.61044,59,https://eawagrs.s3.eu-central-1.amazonaws.com/alplakes/cropped/sentinel3/geneva/OC3_chla_S3A_20251122T101700_geneva.tif
2025-11-22T09:38:00.000+00:00,S3B,2.91707,1.18427,26.82188,65,https://eawagrs.s3.eu-central-1.amazonaws.com/alplakes/cropped/sentinel3/geneva/OC3_chla_S3B_20251122T093822_geneva.tif
2025-11-23T09:50:00.000+00:00,S3A,3.79298,1.81226,5.88846,1,https://eawagrs.s3.eu-central-1.amazonaws.com/alplakes/cropped/sentinel3/geneva/OC3_chla_S3A_20251123T095049_geneva.tif
2025-11-25T10:00:00.000+00:00,S3B,8.21865,8.21865,8.21865,1,https://eawagrs.s3.eu-central-1.amazonaws.com/alplakes/cropped/sentinel3/geneva/OC3_chla_S3B_20251125T100049_geneva.tif
2025-11-26T10:13:00.000+00:00,S3A,3.16748,1.79693,4.08283,1,https://eawagrs.s3.eu-central-1.amazonaws.com/alplakes/cropped/sentinel3/geneva/OC3_chla_S3A_20251126T101315_geneva.tif
2025-11-27T09:47:00.000+00:00,S3A,2.39924,1.15595,25.92224,63,https://eawagrs.s3.eu-central-1.amazonaws.com/alplakes/cropped/sentinel3/geneva/OC3_chla_S3A_20251127T094704_geneva.tif
2025-11-28T09:20:00.000+00:00,S3A,4.05159,1.67336,21.76848,17,https://eawagrs.s3.eu-central-1.amazonaws.com/alplakes/cropped/sentinel3/geneva/OC3_chla_S3A_20251128T092053_geneva.tif
2025-11-28T10:23:00.000+00:00,S3B,2.08055,1.35635,11.20206,37,https://eawagrs.s3.eu-central-1.amazonaws.com/alplakes/cropped/sentinel3/geneva/OC3_chla_S3B_20251128T102316_geneva.tif
2025-11-29T09:57:00.000+00:00,S3B,2.69687,1.1413,20.07033,29,https://eawagrs.s3.eu-central-1.amazonaws.com/alplakes/cropped/sentinel3/geneva/OC3_chla_S3B_20251129T095706_geneva.tif
2025-12-01T09:43:00.000+00:00,S3A,6.04689,1.91541,8.73054,1,https://eawagrs.s3.eu-central-1.amazonaws.com/alplakes/cropped/sentinel3/geneva/OC3_chla_S3A_20251201T094320_geneva.tif
2025-12-02T10:19:00.000+00:00,S3B,2.59931,1.37553,9.43472,1,https://eawagrs.s3.eu-central-1.amazonaws.com/alplakes/cropped/sentinel3/geneva/OC3_chla_S3B_20251202T101932_geneva.tif
2025-12-04T10:05:00.000+00:00,S3A,4.08373,1.83289,6.33457,1,https://eawagrs.s3.eu-central-1.amazonaws.com/alplakes/cropped/sentinel3/geneva/OC3_chla_S3A_20251204T100546_geneva.tif
2025-12-05T09:39:00.000+00:00,S3A,3.96211,1.30601,19.08475,2,https://eawagrs.s3.eu-central-1.amazonaws.com/alplakes/cropped/sentinel3/geneva/OC3_chla_S3A_20251205T093934_geneva.tif
2025-12-18T10:04:00.000+00:00,S3B,5.14017,2.77465,11.80261,1,https://eawagrs.s3.eu-central-1.amazonaws.com/alplakes/cropped/sentinel3/geneva/OC3_chla_S3B_20251218T100434_geneva.tif
2025-12-08T10:02:00.000+00:00,S3A,5.36454,3.22088,7.95361,1,https://eawagrs.s3.eu-central-1.amazonaws.com/alplakes/cropped/sentinel3/geneva/OC3_chla_S3A_20251208T100200_geneva.tif
2025-12-08T09:23:00.000+00:00,S3B,12.9052,7.25982,20.3478,1,https://eawagrs.s3.eu-central-1.amazonaws.com/alplakes/cropped/sentinel3/geneva/OC3_chla_S3B_20251208T092326_geneva.tif
2025-12-10T10:12:00.000+00:00,S3B,4.87568,1.73143,23.61105,2,https://eawagrs.s3.eu-central-1.amazonaws.com/alplakes/cropped/sentinel3/geneva/OC3_chla_S3B_20251210T101203_geneva.tif
2025-12-11T10:24:00.000+00:00,S3A,4.33597,2.08441,8.69886,1,https://eawagrs.s3.eu-central-1.amazonaws.com/alplakes/cropped/sentinel3/geneva/OC3_chla_S3A_20251211T102425_geneva.tif
2025-12-11T09:45:00.000+00:00,S3B,6.23599,3.58887,13.41896,1,https://eawagrs.s3.eu-central-1.amazonaws.com/alplakes/cropped/sentinel3/geneva/OC3_chla_S3B_20251211T094551_geneva.tif
2025-12-12T09:58:00.000+00:00,S3A,3.00488,0.7901,80.07419,5,https://eawagrs.s3.eu-central-1.amazonaws.com/alplakes/cropped/sentinel3/geneva/OC3_chla_S3A_20251212T095814_geneva.tif
2025-12-12T09:19:00.000+00:00,S3B,7.29173,2.37267,18.48034,3,https://eawagrs.s3.eu-central-1.amazonaws.com/alplakes/cropped/sentinel3/geneva/OC3_chla_S3B_20251212T091941_geneva.tif
2025-12-13T09:32:00.000+00:00,S3A,5.92156,1.89508,10.23308,1,https://eawagrs.s3.eu-central-1.amazonaws.com/alplakes/cropped/sentinel3/geneva/OC3_chla_S3A_20251213T093204_geneva.tif
2025-12-14T10:08:00.000+00:00,S3B,3.22397,1.511,21.28078,4,https://eawagrs.s3.eu-central-1.amazonaws.com/alplakes/cropped/sentinel3/geneva/OC3_chla_S3B_20251214T100818_geneva.tif
2025-12-15T10:20:00.000+00:00,S3A,10.3272,5.02665,18.37523,1,https://eawagrs.s3.eu-central-1.amazonaws.com/alplakes/cropped/sentinel3/geneva/OC3_chla_S3A_20251215T102042_geneva.tif
2025-12-15T09:42:00.000+00:00,S3B,4.54693,2.43191,10.53807,1,https://eawagrs.s3.eu-central-1.amazonaws.com/alplakes/cropped/sentinel3/geneva/OC3_chla_S3B_20251215T094208_geneva.tif
2025-12-20T09:50:00.000+00:00,S3A,8.22648,6.39357,10.65088,1,https://eawagrs.s3.eu-central-1.amazonaws.com/alplakes/cropped/sentinel3/geneva/OC3_chla_S3A_20251220T095048_geneva.tif
2025-12-29T10:19:00.000+00:00,S3B,3.94776,2.44128,6.78614,1,https://eawagrs.s3.eu-central-1.amazonaws.com/alplakes/cropped/sentinel3/geneva/OC3_chla_S3B_20251229T101931_geneva.tif
2025-12-30T09:53:00.000+00:00,S3B,3.3536,0.8816,15.29718,4,https://eawagrs.s3.eu-central-1.amazonaws.com/alplakes/cropped/sentinel3/geneva/OC3_chla_S3B_20251230T095320_geneva.tif
2025-12-31T10:05:00.000+00:00,S3A,3.4702,0.32872,1623.61621,24,https://eawagrs.s3.eu-central-1.amazonaws.com/alplakes/cropped/sentinel3/geneva/OC3_chla_S3A_20251231T100546_geneva.tif
2025-12-31T09:27:00.000+00:00,S3B,6.44911,1.52297,19.89562,18,https://eawagrs.s3.eu-central-1.amazonaws.com/alplakes/cropped/sentinel3/geneva/OC3_chla_S3B_20251231T092709_geneva.tif
2026-01-01T09:39:00.000+00:00,S3A,3.69436,1.34489,19.68769,21,https://eawagrs.s3.eu-central-1.amazonaws.com/alplakes/cropped/sentinel3/geneva/OC3_chla_S3A_20260101T093935_geneva.tif
2026-01-02T10:15:00.000+00:00,S3B,2.43306,0.8382,15.73307,34,https://eawagrs.s3.eu-central-1.amazonaws.com/alplakes/cropped/sentinel3/geneva/OC3_chla_S3B_20260102T101546_geneva.tif
2026-01-03T10:28:00.000+00:00,S3A,2.4457,1.34745,5.70359,2,https://eawagrs.s3.eu-central-1.amazonaws.com/alplakes/cropped/sentinel3/geneva/OC3_chla_S3A_20260103T102813_geneva.tif
2026-01-03T09:49:00.000+00:00,S3B,3.73433,1.03155,18.31055,8,https://eawagrs.s3.eu-central-1.amazonaws.com/alplakes/cropped/sentinel3/geneva/OC3_chla_S3B_20260103T094935_geneva.tif
2026-01-04T10:02:00.000+00:00,S3A,2.61709,1.1575,26.27936,38,https://eawagrs.s3.eu-central-1.amazonaws.com/alplakes/cropped/sentinel3/geneva/OC3_chla_S3A_20260104T100202_geneva.tif
2026-01-04T09:23:00.000+00:00,S3B,9.87665,2.72738,40.41504,57,https://eawagrs.s3.eu-central-1.amazonaws.com/alplakes/cropped/sentinel3/geneva/OC3_chla_S3B_20260104T092324_geneva.tif
2026-01-05T09:35:00.000+00:00,S3A,5.60576,0.79536,23.92212,2,https://eawagrs.s3.eu-central-1.amazonaws.com/alplakes/cropped/sentinel3/geneva/OC3_chla_S3A_20260105T093551_geneva.tif
2026-01-06T10:12:00.000+00:00,S3B,3.20768,1.09423,740.66827,32,https://eawagrs.s3.eu-central-1.amazonaws.com/alplakes/cropped/sentinel3/geneva/OC3_chla_S3B_20260106T101202_geneva.tif
2026-01-07T10:24:00.000+00:00,S3A,2.98109,0.99963,47.63409,9,https://eawagrs.s3.eu-central-1.amazonaws.com/alplakes/cropped/sentinel3/geneva/OC3_chla_S3A_20260107T102429_geneva.tif
2026-01-07T09:45:00.000+00:00,S3B,4.31099,1.76721,22.63501,7,https://eawagrs.s3.eu-central-1.amazonaws.com/alplakes/cropped/sentinel3/geneva/OC3_chla_S3B_20260107T094551_geneva.tif
2026-01-09T09:32:00.000+00:00,S3A,9.75303,8.83904,10.21003,1,https://eawagrs.s3.eu-central-1.amazonaws.com/alplakes/cropped/sentinel3/geneva/OC3_chla_S3A_20260109T093207_geneva.tif
2026-01-11T10:20:00.000+00:00,S3A,2.32328,0.67909,16.34998,29,https://eawagrs.s3.eu-central-1.amazonaws.com/alplakes/cropped/sentinel3/geneva/OC3_chla_S3A_20260111T102045_geneva.tif
2026-01-11T09:42:00.000+00:00,S3B,4.82594,1.19526,28.92517,7,https://eawagrs.s3.eu-central-1.amazonaws.com/alplakes/cropped/sentinel3/geneva/OC3_chla_S3B_20260111T094206_geneva.tif
2026-01-12T09:54:00.000+00:00,S3A,10.63631,3.88329,23.28848,1,https://eawagrs.s3.eu-central-1.amazonaws.com/alplakes/cropped/sentinel3/geneva/OC3_chla_S3A_20260112T095434_geneva.tif
2026-01-14T10:04:00.000+00:00,S3B,3.22833,1.47291,13.4728,24,https://eawagrs.s3.eu-central-1.amazonaws.com/alplakes/cropped/sentinel3/geneva/OC3_chla_S3B_20260114T100432_geneva.tif
2026-01-15T10:17:00.000+00:00,S3A,2.76915,1.24971,12.03566,21,https://eawagrs.s3.eu-central-1.amazonaws.com/alplakes/cropped/sentinel3/geneva/OC3_chla_S3A_20260115T101700_geneva.tif
2026-01-15T09:38:00.000+00:00,S3B,6.33281,1.83444,28.70368,30,https://eawagrs.s3.eu-central-1.amazonaws.com/alplakes/cropped/sentinel3/geneva/OC3_chla_S3B_20260115T093821_geneva.tif
2026-01-18T10:00:00.000+00:00,S3B,10.63815,2.4186,29.90839,10,https://eawagrs.s3.eu-central-1.amazonaws.com/alplakes/cropped/sentinel3/geneva/OC3_chla_S3B_20260118T100048_geneva.tif
2026-01-23T10:09:00.000+00:00,S3A,2.72181,1.81228,3.63133,1,https://eawagrs.s3.eu-central-1.amazonaws.com/alplakes/cropped/sentinel3/geneva/OC3_chla_S3A_20260123T100931_geneva.tif
2026-01-25T10:19:00.000+00:00,S3B,2.546,1.26585,7.40298,1,https://eawagrs.s3.eu-central-1.amazonaws.com/alplakes/cropped/sentinel3/geneva/OC3_chla_S3B_20260125T101928_geneva.tif
2026-01-26T09:53:00.000+00:00,S3B,9.68799,1.2893,34.03682,2,https://eawagrs.s3.eu-central-1.amazonaws.com/alplakes/cropped/sentinel3/geneva/OC3_chla_S3B_20260126T095317_geneva.tif
2026-01-29T10:15:00.000+00:00,S3B,2.67594,1.14864,14.62021,23,https://eawagrs.s3.eu-central-1.amazonaws.com/alplakes/cropped/sentinel3/geneva/OC3_chla_S3B_20260129T101543_geneva.tif
2026-01-31T10:02:00.000+00:00,S3A,5.50619,1.7957,19.47092,2,https://eawagrs.s3.eu-central-1.amazonaws.com/alplakes/cropped/sentinel3/geneva/OC3_chla_S3A_20260131T100204_geneva.tif
2026-01-31T09:23:00.000+00:00,S3B,13.37756,11.62347,15.60982,1,https://eawagrs.s3.eu-central-1.amazonaws.com/alplakes/cropped/sentinel3/geneva/OC3_chla_S3B_20260131T092322_geneva.tif
2026-02-01T09:35:00.000+00:00,S3A,4.33509,1.94685,8.15121,1,https://eawagrs.s3.eu-central-1.amazonaws.com/alplakes/cropped/sentinel3/geneva/OC3_chla_S3A_20260201T093553_geneva.tif
2026-02-02T10:12:00.000+00:00,S3B,2.02235,0.87285,11.70066,40,https://eawagrs.s3.eu-central-1.amazonaws.com/alplakes/cropped/sentinel3/geneva/OC3_chla_S3B_20260202T101200_geneva.tif
2026-02-05T09:32:00.000+00:00,S3A,3.60995,1.61871,12.77211,12,https://eawagrs.s3.eu-central-1.amazonaws.com/alplakes/cropped/sentinel3/geneva/OC3_chla_S3A_20260205T093209_geneva.tif
2026-02-06T10:08:00.000+00:00,S3B,6.39612,6.39612,6.39612,1,https://eawagrs.s3.eu-central-1.amazonaws.com/alplakes/cropped/sentinel3/geneva/OC3_chla_S3B_20260206T100817_geneva.tif
2026-02-07T10:20:00.000+00:00,S3A,2.51703,1.37681,5.21109,1,https://eawagrs.s3.eu-central-1.amazonaws.com/alplakes/cropped/sentinel3/geneva/OC3_chla_S3A_20260207T102047_geneva.tif
2026-02-07T09:42:00.000+00:00,S3B,3.33905,1.73658,9.55769,1,https://eawagrs.s3.eu-central-1.amazonaws.com/alplakes/cropped/sentinel3/geneva/OC3_chla_S3B_20260207T094207_geneva.tif
2026-02-08T09:54:00.000+00:00,S3A,3.008,1.43724,9.40611,1,https://eawagrs.s3.eu-central-1.amazonaws.com/alplakes/cropped/sentinel3/geneva/OC3_chla_S3A_20260208T095436_geneva.tif
2026-02-09T09:28:00.000+00:00,S3A,5.33573,2.37211,8.29936,1,https://eawagrs.s3.eu-central-1.amazonaws.com/alplakes/cropped/sentinel3/geneva/OC3_chla_S3A_20260209T092825_geneva.tif
2026-02-13T09:24:00.000+00:00,S3A,5.58284,2.24798,16.42825,1,https://eawagrs.s3.eu-central-1.amazonaws.com/alplakes/cropped/sentinel3/geneva/OC3_chla_S3A_20260213T092441_geneva.tif
2026-02-13T10:27:00.000+00:00,S3B,2.00583,1.15064,14.97928,35,https://eawagrs.s3.eu-central-1.amazonaws.com/alplakes/cropped/sentinel3/geneva/OC3_chla_S3B_20260213T102701_geneva.tif
2026-02-15T10:13:00.000+00:00,S3A,1.5414,1.17674,1.97788,1,https://eawagrs.s3.eu-central-1.amazonaws.com/alplakes/cropped/sentinel3/geneva/OC3_chla_S3A_20260215T101319_geneva.tif
2026-02-15T09:34:00.000+00:00,S3B,1.58406,1.58406,1.58406,1,https://eawagrs.s3.eu-central-1.amazonaws.com/alplakes/cropped/sentinel3/geneva/OC3_chla_S3B_20260215T093440_geneva.tif
2026-02-17T10:23:00.000+00:00,S3B,1.73512,0.89449,5.25349,2,https://eawagrs.s3.eu-central-1.amazonaws.com/alplakes/cropped/sentinel3/geneva/OC3_chla_S3B_20260217T102317_geneva.tif
2026-02-20T09:43:00.000+00:00,S3A,2.16469,0.94292,8.0691,9,https://eawagrs.s3.eu-central-1.amazonaws.com/alplakes/cropped/sentinel3/geneva/OC3_chla_S3A_20260220T094325_geneva.tif
2026-02-22T09:53:00.000+00:00,S3B,2.30799,1.59579,7.01689,1,https://eawagrs.s3.eu-central-1.amazonaws.com/alplakes/cropped/sentinel3/geneva/OC3_chla_S3B_20260222T095322_geneva.tif
2026-02-23T10:05:00.000+00:00,S3A,1.8292,0.81019,2.84822,1,https://eawagrs.s3.eu-central-1.amazonaws.com/alplakes/cropped/sentinel3/geneva/OC3_chla_S3A_20260223T100551_geneva.tif
2026-02-23T09:27:00.000+00:00,S3B,4.40687,2.54963,6.26412,1,https://eawagrs.s3.eu-central-1.amazonaws.com/alplakes/cropped/sentinel3/geneva/OC3_chla_S3B_20260223T092711_geneva.tif
2026-02-24T09:39:00.000+00:00,S3A,2.84212,1.42876,12.621,31,https://eawagrs.s3.eu-central-1.amazonaws.com/alplakes/cropped/sentinel3/geneva/OC3_chla_S3A_20260224T093940_geneva.tif
2026-02-25T10:15:00.000+00:00,S3B,2.57902,1.45822,12.71961,44,https://eawagrs.s3.eu-central-1.amazonaws.com/alplakes/cropped/sentinel3/geneva/OC3_chla_S3B_20260225T101548_geneva.tif
2026-02-26T10:28:00.000+00:00,S3A,3.66942,2.20593,6.83929,3,https://eawagrs.s3.eu-central-1.amazonaws.com/alplakes/cropped/sentinel3/geneva/OC3_chla_S3A_20260226T102818_geneva.tif
2026-02-26T09:49:00.000+00:00,S3B,4.07049,1.94117,11.74048,59,https://eawagrs.s3.eu-central-1.amazonaws.com/alplakes/cropped/sentinel3/geneva/OC3_chla_S3B_20260226T094937_geneva.tif
2026-02-27T10:02:00.000+00:00,S3A,4.76895,2.01635,14.11482,71,https://eawagrs.s3.eu-central-1.amazonaws.com/alplakes/cropped/sentinel3/geneva/OC3_chla_S3A_20260227T100207_geneva.tif
2026-02-27T09:23:00.000+00:00,S3B,8.0434,2.21621,20.42777,37,https://eawagrs.s3.eu-central-1.amazonaws.com/alplakes/cropped/sentinel3/geneva/OC3_chla_S3B_20260227T092325_geneva.tif
2026-02-28T09:35:00.000+00:00,S3A,7.90482,4.84816,9.68875,1,https://eawagrs.s3.eu-central-1.amazonaws.com/alplakes/cropped/sentinel3/geneva/OC3_chla_S3A_20260228T093556_geneva.tif
2026-03-01T10:12:00.000+00:00,S3B,5.1829,2.17759,18.13063,75,https://eawagrs.s3.eu-central-1.amazonaws.com/alplakes/cropped/sentinel3/geneva/OC3_chla_S3B_20260301T101202_geneva.tif
2026-03-02T10:24:00.000+00:00,S3A,4.75933,2.59558,16.22684,81,https://eawagrs.s3.eu-central-1.amazonaws.com/alplakes/cropped/sentinel3/geneva/OC3_chla_S3A_20260302T102433_geneva.tif
2026-03-02T09:45:00.000+00:00,S3B,5.70376,2.48087,19.36263,72,https://eawagrs.s3.eu-central-1.amazonaws.com/alplakes/cropped/sentinel3/geneva/OC3_chla_S3B_20260302T094551_geneva.tif
2026-03-03T09:58:00.000+00:00,S3A,5.30721,2.31349,12.81958,85,https://eawagrs.s3.eu-central-1.amazonaws.com/alplakes/cropped/sentinel3/geneva/OC3_chla_S3A_20260303T095822_geneva.tif
2026-03-03T09:19:00.000+00:00,S3B,6.09749,2.52245,10.66601,10,https://eawagrs.s3.eu-central-1.amazonaws.com/alplakes/cropped/sentinel3/geneva/OC3_chla_S3B_20260303T091940_geneva.tif
2026-03-04T09:32:00.000+00:00,S3A,6.58726,2.92756,15.21812,60,https://eawagrs.s3.eu-central-1.amazonaws.com/alplakes/cropped/sentinel3/geneva/OC3_chla_S3A_20260304T093211_geneva.tif
2026-03-05T10:08:00.000+00:00,S3B,14.63301,8.24537,21.72436,2,https://eawagrs.s3.eu-central-1.amazonaws.com/alplakes/cropped/sentinel3/geneva/OC3_chla_S3B_20260305T100817_geneva.tif
2026-03-06T10:20:00.000+00:00,S3A,14.28648,6.17072,22.94012,2,https://eawagrs.s3.eu-central-1.amazonaws.com/alplakes/cropped/sentinel3/geneva/OC3_chla_S3A_20260306T102048_geneva.tif
2026-03-06T09:42:00.000+00:00,S3B,14.57303,8.74826,19.49524,1,https://eawagrs.s3.eu-central-1.amazonaws.com/alplakes/cropped/sentinel3/geneva/OC3_chla_S3B_20260306T094206_geneva.tif
2026-03-07T09:54:00.000+00:00,S3A,7.66534,3.66735,18.15734,21,https://eawagrs.s3.eu-central-1.amazonaws.com/alplakes/cropped/sentinel3/geneva/OC3_chla_S3A_20260307T095437_geneva.tif
2026-03-08T09:28:00.000+00:00,S3A,8.31756,6.65095,10.90586,1,https://eawagrs.s3.eu-central-1.amazonaws.com/alplakes/cropped/sentinel3/geneva/OC3_chla_S3A_20260308T092826_geneva.tif
2026-03-09T10:04:00.000+00:00,S3B,5.8692,3.36458,15.86762,61,https://eawagrs.s3.eu-central-1.amazonaws.com/alplakes/cropped/sentinel3/geneva/OC3_chla_S3B_20260309T100433_geneva.tif
2026-03-10T10:17:00.000+00:00,S3A,5.22954,3.25252,7.79407,1,https://eawagrs.s3.eu-central-1.amazonaws.com/alplakes/cropped/sentinel3/geneva/OC3_chla_S3A_20260310T101703_geneva.tif
2026-03-12T09:24:00.000+00:00,S3A,6.53676,2.06211,15.89476,61,https://eawagrs.s3.eu-central-1.amazonaws.com/alplakes/cropped/sentinel3/geneva/OC3_chla_S3A_20260312T092441_geneva.tif
2026-03-12T10:26:00.000+00:00,S3B,4.72752,1.41323,14.55889,68,https://eawagrs.s3.eu-central-1.amazonaws.com/alplakes/cropped/sentinel3/geneva/OC3_chla_S3B_20260312T102659_geneva.tif
2026-03-13T10:00:00.000+00:00,S3B,4.85325,1.5034,16.59805,88,https://eawagrs.s3.eu-central-1.amazonaws.com/alplakes/cropped/sentinel3/geneva/OC3_chla_S3B_20260313T100048_geneva.tif
2026-03-15T09:47:00.000+00:00,S3A,3.94914,1.2148,22.00479,58,https://eawagrs.s3.eu-central-1.amazonaws.com/alplakes/cropped/sentinel3/geneva/OC3_chla_S3A_20260315T094707_geneva.tif
2026-03-17T09:57:00.000+00:00,S3B,3.34069,1.42003,12.62866,86,https://eawagrs.s3.eu-central-1.amazonaws.com/alplakes/cropped/sentinel3/geneva/OC3_chla_S3B_20260317T095703_geneva.tif
2026-03-18T10:09:00.000+00:00,S3A,3.1183,1.20079,14.39053,6,https://eawagrs.s3.eu-central-1.amazonaws.com/alplakes/cropped/sentinel3/geneva/OC3_chla_S3A_20260318T100934_geneva.tif
2026-03-18T09:30:00.000+00:00,S3B,3.96564,2.52633,12.937,2,https://eawagrs.s3.eu-central-1.amazonaws.com/alplakes/cropped/sentinel3/geneva/OC3_chla_S3B_20260318T093052_geneva.tif
2026-03-19T09:43:00.000+00:00,S3A,2.87576,1.69478,8.5122,76,https://eawagrs.s3.eu-central-1.amazonaws.com/alplakes/cropped/sentinel3/geneva/OC3_chla_S3A_20260319T094323_geneva.tif
2026-03-20T10:19:00.000+00:00,S3B,2.67936,1.68115,17.30442,78,https://eawagrs.s3.eu-central-1.amazonaws.com/alplakes/cropped/sentinel3/geneva/OC3_chla_S3B_20260320T101930_geneva.tif
2026-03-21T09:53:00.000+00:00,S3B,2.77689,1.57997,9.54573,69,https://eawagrs.s3.eu-central-1.amazonaws.com/alplakes/cropped/sentinel3/geneva/OC3_chla_S3B_20260321T095320_geneva.tif
2026-03-23T09:39:00.000+00:00,S3A,3.30995,2.10022,18.98954,18,https://eawagrs.s3.eu-central-1.amazonaws.com/alplakes/cropped/sentinel3/geneva/OC3_chla_S3A_20260323T093940_geneva.tif
2026-03-24T10:15:00.000+00:00,S3B,3.70014,2.38467,16.62066,17,https://eawagrs.s3.eu-central-1.amazonaws.com/alplakes/cropped/sentinel3/geneva/OC3_chla_S3B_20260324T101547_geneva.tif
2024-09-15T10:04:00.000+00:00,S3B,2.95046,1.65005,20.33158,87,https://eawagrs.s3.eu-central-1.amazonaws.com/alplakes/cropped/sentinel3/geneva/OC3_chla_S3B_20240915T100417_geneva.tif
2026-03-25T09:49:00.000+00:00,S3B,4.74736,3.19783,6.68217,1,https://eawagrs.s3.eu-central-1.amazonaws.com/alplakes/cropped/sentinel3/geneva/OC3_chla_S3B_20260325T094937_geneva.tif
2026-03-26T10:02:00.000+00:00,S3A,2.7973,0.95529,4.6856,1,https://eawagrs.s3.eu-central-1.amazonaws.com/alplakes/cropped/sentinel3/geneva/OC3_chla_S3A_20260326T100207_geneva.tif
2026-03-27T09:35:00.000+00:00,S3A,3.91182,1.37548,37.91336,69,https://eawagrs.s3.eu-central-1.amazonaws.com/alplakes/cropped/sentinel3/geneva/OC3_chla_S3A_20260327T093557_geneva.tif
2026-03-28T10:12:00.000+00:00,S3B,8.46087,4.81237,14.0008,1,https://eawagrs.s3.eu-central-1.amazonaws.com/alplakes/cropped/sentinel3/geneva/OC3_chla_S3B_20260328T101204_geneva.tif
2026-03-29T10:24:00.000+00:00,S3A,2.57235,0.64076,61.39133,72,https://eawagrs.s3.eu-central-1.amazonaws.com/alplakes/cropped/sentinel3/geneva/OC3_chla_S3A_20260329T102435_geneva.tif
2026-03-29T09:45:00.000+00:00,S3B,2.81915,1.04726,16.14144,44,https://eawagrs.s3.eu-central-1.amazonaws.com/alplakes/cropped/sentinel3/geneva/OC3_chla_S3B_20260329T094553_geneva.tif
2026-03-31T09:32:00.000+00:00,S3A,4.41011,2.12898,8.96666,4,https://eawagrs.s3.eu-central-1.amazonaws.com/alplakes/cropped/sentinel3/geneva/OC3_chla_S3A_20260331T093213_geneva.tif
2026-04-01T10:08:00.000+00:00,S3B,2.77558,1.24588,13.83857,81,https://eawagrs.s3.eu-central-1.amazonaws.com/alplakes/cropped/sentinel3/geneva/OC3_chla_S3B_20260401T100820_geneva.tif
2026-04-02T10:20:00.000+00:00,S3A,2.88688,1.5003,15.93271,69,https://eawagrs.s3.eu-central-1.amazonaws.com/alplakes/cropped/sentinel3/geneva/OC3_chla_S3A_20260402T102051_geneva.tif
2026-04-02T09:42:00.000+00:00,S3B,3.04064,1.83451,8.96882,46,https://eawagrs.s3.eu-central-1.amazonaws.com/alplakes/cropped/sentinel3/geneva/OC3_chla_S3B_20260402T094210_geneva.tif
2026-04-03T09:54:00.000+00:00,S3A,2.79016,1.38448,12.34699,81,https://eawagrs.s3.eu-central-1.amazonaws.com/alplakes/cropped/sentinel3/geneva/OC3_chla_S3A_20260403T095440_geneva.tif
2026-04-04T09:28:00.000+00:00,S3A,3.91893,2.28151,17.16991,3,https://eawagrs.s3.eu-central-1.amazonaws.com/alplakes/cropped/sentinel3/geneva/OC3_chla_S3A_20260404T092829_geneva.tif
2026-04-05T10:04:00.000+00:00,S3B,3.4193,1.83539,18.29274,83,https://eawagrs.s3.eu-central-1.amazonaws.com/alplakes/cropped/sentinel3/geneva/OC3_chla_S3B_20260405T100436_geneva.tif
2026-04-06T10:17:00.000+00:00,S3A,3.45406,1.88466,18.37756,90,https://eawagrs.s3.eu-central-1.amazonaws.com/alplakes/cropped/sentinel3/geneva/OC3_chla_S3A_20260406T101707_geneva.tif
2026-04-06T09:38:00.000+00:00,S3B,3.79391,2.37512,14.33937,76,https://eawagrs.s3.eu-central-1.amazonaws.com/alplakes/cropped/sentinel3/geneva/OC3_chla_S3B_20260406T093825_geneva.tif
2026-04-07T09:50:00.000+00:00,S3A,3.84101,2.01517,15.8536,88,https://eawagrs.s3.eu-central-1.amazonaws.com/alplakes/cropped/sentinel3/geneva/OC3_chla_S3A_20260407T095056_geneva.tif
2026-04-08T09:24:00.000+00:00,S3A,4.01089,2.36939,13.66574,74,https://eawagrs.s3.eu-central-1.amazonaws.com/alplakes/cropped/sentinel3/geneva/OC3_chla_S3A_20260408T092445_geneva.tif
2026-04-08T10:27:00.000+00:00,S3B,3.73388,2.38282,11.43691,74,https://eawagrs.s3.eu-central-1.amazonaws.com/alplakes/cropped/sentinel3/geneva/OC3_chla_S3B_20260408T102703_geneva.tif
2026-04-09T10:00:00.000+00:00,S3B,3.98813,2.49753,18.63991,90,https://eawagrs.s3.eu-central-1.amazonaws.com/alplakes/cropped/sentinel3/geneva/OC3_chla_S3B_20260409T100052_geneva.tif
2026-04-11T09:47:00.000+00:00,S3A,4.09414,2.875,15.88513,18,https://eawagrs.s3.eu-central-1.amazonaws.com/alplakes/cropped/sentinel3/geneva/OC3_chla_S3A_20260411T094712_geneva.tif
2026-04-24T10:12:00.000+00:00,S3B,5.39409,2.98399,13.2086,91,https://eawagrs.s3.eu-central-1.amazonaws.com/alplakes/cropped/sentinel3/geneva/OC3_chla_S3B_20260424T101208_geneva.tif
2026-04-15T09:43:00.000+00:00,S3A,5.14591,2.94802,15.19572,29,https://eawagrs.s3.eu-central-1.amazonaws.com/alplakes/cropped/sentinel3/geneva/OC3_chla_S3A_20260415T094328_geneva.tif
2026-04-16T10:19:00.000+00:00,S3B,4.44717,2.53962,15.4616,88,https://eawagrs.s3.eu-central-1.amazonaws.com/alplakes/cropped/sentinel3/geneva/OC3_chla_S3B_20260416T101934_geneva.tif
2026-04-17T09:53:00.000+00:00,S3B,3.35038,3.05188,4.45968,1,https://eawagrs.s3.eu-central-1.amazonaws.com/alplakes/cropped/sentinel3/geneva/OC3_chla_S3B_20260417T095323_geneva.tif
2026-04-18T10:05:00.000+00:00,S3A,4.04835,2.51391,13.44829,87,https://eawagrs.s3.eu-central-1.amazonaws.com/alplakes/cropped/sentinel3/geneva/OC3_chla_S3A_20260418T100555_geneva.tif
2026-04-18T09:27:00.000+00:00,S3B,4.24287,2.82105,13.56671,67,https://eawagrs.s3.eu-central-1.amazonaws.com/alplakes/cropped/sentinel3/geneva/OC3_chla_S3B_20260418T092713_geneva.tif
2026-04-19T09:39:00.000+00:00,S3A,3.87759,2.69736,12.93846,44,https://eawagrs.s3.eu-central-1.amazonaws.com/alplakes/cropped/sentinel3/geneva/OC3_chla_S3A_20260419T093944_geneva.tif
2026-04-20T10:15:00.000+00:00,S3B,4.14443,2.32118,11.33848,77,https://eawagrs.s3.eu-central-1.amazonaws.com/alplakes/cropped/sentinel3/geneva/OC3_chla_S3B_20260420T101551_geneva.tif
2026-04-21T10:28:00.000+00:00,S3A,3.86996,2.80322,5.91959,3,https://eawagrs.s3.eu-central-1.amazonaws.com/alplakes/cropped/sentinel3/geneva/OC3_chla_S3A_20260421T102821_geneva.tif
2026-04-21T09:49:00.000+00:00,S3B,4.70687,2.6399,11.30014,85,https://eawagrs.s3.eu-central-1.amazonaws.com/alplakes/cropped/sentinel3/geneva/OC3_chla_S3B_20260421T094940_geneva.tif
2026-04-22T10:02:00.000+00:00,S3A,4.37488,2.57526,8.58924,70,https://eawagrs.s3.eu-central-1.amazonaws.com/alplakes/cropped/sentinel3/geneva/OC3_chla_S3A_20260422T100210_geneva.tif
2026-04-22T09:23:00.000+00:00,S3B,4.47406,2.73927,6.80848,46,https://eawagrs.s3.eu-central-1.amazonaws.com/alplakes/cropped/sentinel3/geneva/OC3_chla_S3B_20260422T092330_geneva.tif
2026-04-23T09:35:00.000+00:00,S3A,5.09791,3.14118,14.04304,81,https://eawagrs.s3.eu-central-1.amazonaws.com/alplakes/cropped/sentinel3/geneva/OC3_chla_S3A_20260423T093559_geneva.tif
2026-04-25T10:24:00.000+00:00,S3A,5.11833,2.82001,13.53658,91,https://eawagrs.s3.eu-central-1.amazonaws.com/alplakes/cropped/sentinel3/geneva/OC3_chla_S3A_20260425T102436_geneva.tif
2026-04-25T09:45:00.000+00:00,S3B,5.23954,3.17068,15.50642,86,https://eawagrs.s3.eu-central-1.amazonaws.com/alplakes/cropped/sentinel3/geneva/OC3_chla_S3B_20260425T094557_geneva.tif
2026-04-26T09:58:00.000+00:00,S3A,4.92301,3.1621,10.67934,50,https://eawagrs.s3.eu-central-1.amazonaws.com/alplakes/cropped/sentinel3/geneva/OC3_chla_S3A_20260426T095825_geneva.tif
2026-04-27T09:32:00.000+00:00,S3A,4.58236,3.08628,7.25293,22,https://eawagrs.s3.eu-central-1.amazonaws.com/alplakes/cropped/sentinel3/geneva/OC3_chla_S3A_20260427T093214_geneva.tif
2026-04-30T09:54:00.000+00:00,S3A,7.38636,3.70103,14.27484,74,https://eawagrs.s3.eu-central-1.amazonaws.com/alplakes/cropped/sentinel3/geneva/OC3_chla_S3A_20260430T095441_geneva.tif
2026-05-01T09:28:00.000+00:00,S3A,7.77855,4.68969,15.34104,85,https://eawagrs.s3.eu-central-1.amazonaws.com/alplakes/cropped/sentinel3/geneva/OC3_chla_S3A_20260501T092830_geneva.tif
2026-05-02T10:04:00.000+00:00,S3B,6.80443,3.90191,15.65167,61,https://eawagrs.s3.eu-central-1.amazonaws.com/alplakes/cropped/sentinel3/geneva/OC3_chla_S3B_20260502T100440_geneva.tif
2026-05-03T10:17:00.000+00:00,S3A,5.57491,3.84314,14.32614,5,https://eawagrs.s3.eu-central-1.amazonaws.com/alplakes/cropped/sentinel3/geneva/OC3_chla_S3A_20260503T101708_geneva.tif
2026-05-03T09:38:00.000+00:00,S3B,6.2799,4.94985,7.99572,1,https://eawagrs.s3.eu-central-1.amazonaws.com/alplakes/cropped/sentinel3/geneva/OC3_chla_S3B_20260503T093829_geneva.tif
2026-05-07T10:13:00.000+00:00,S3A,6.4532,3.50455,12.82499,73,https://eawagrs.s3.eu-central-1.amazonaws.com/alplakes/cropped/sentinel3/geneva/OC3_chla_S3A_20260507T101324_geneva.tif
2026-05-08T09:47:00.000+00:00,S3A,6.6434,3.51235,16.92948,81,https://eawagrs.s3.eu-central-1.amazonaws.com/alplakes/cropped/sentinel3/geneva/OC3_chla_S3A_20260508T094713_geneva.tif
2026-05-07T09:34:00.000+00:00,S3B,6.48521,3.73208,13.35158,70,https://eawagrs.s3.eu-central-1.amazonaws.com/alplakes/cropped/sentinel3/geneva/OC3_chla_S3B_20260507T093445_geneva.tif
2026-05-09T09:21:00.000+00:00,S3A,6.94692,4.02484,15.16319,75,https://eawagrs.s3.eu-central-1.amazonaws.com/alplakes/cropped/sentinel3/geneva/OC3_chla_S3A_20260509T092103_geneva.tif
2026-05-09T10:23:00.000+00:00,S3B,7.05409,3.27018,17.02213,90,https://eawagrs.s3.eu-central-1.amazonaws.com/alplakes/cropped/sentinel3/geneva/OC3_chla_S3B_20260509T102322_geneva.tif
2026-05-11T10:09:00.000+00:00,S3A,6.58748,4.11046,17.01964,4,https://eawagrs.s3.eu-central-1.amazonaws.com/alplakes/cropped/sentinel3/geneva/OC3_chla_S3A_20260511T100940_geneva.tif
2026-05-12T09:43:00.000+00:00,S3A,6.81643,3.18504,19.47579,82,https://eawagrs.s3.eu-central-1.amazonaws.com/alplakes/cropped/sentinel3/geneva/OC3_chla_S3A_20260512T094329_geneva.tif
2026-05-13T10:19:00.000+00:00,S3B,6.73715,3.0754,17.85947,50,https://eawagrs.s3.eu-central-1.amazonaws.com/alplakes/cropped/sentinel3/geneva/OC3_chla_S3B_20260513T101937_geneva.tif
2026-05-14T09:53:00.000+00:00,S3B,4.91767,2.62193,7.93609,1,https://eawagrs.s3.eu-central-1.amazonaws.com/alplakes/cropped/sentinel3/geneva/OC3_chla_S3B_20260514T095326_geneva.tif
2026-05-16T09:39:00.000+00:00,S3A,4.98931,2.96796,8.17399,2,https://eawagrs.s3.eu-central-1.amazonaws.com/alplakes/cropped/sentinel3/geneva/OC3_chla_S3A_20260516T093945_geneva.tif
2026-05-19T10:02:00.000+00:00,S3A,6.01173,5.58748,6.43597,1,https://eawagrs.s3.eu-central-1.amazonaws.com/alplakes/cropped/sentinel3/geneva/OC3_chla_S3A_20260519T100212_geneva.tif
2026-05-21T10:12:00.000+00:00,S3B,3.92594,2.45337,8.419,30,https://eawagrs.s3.eu-central-1.amazonaws.com/alplakes/cropped/sentinel3/geneva/OC3_chla_S3B_20260521T101207_geneva.tif
2026-05-22T10:24:00.000+00:00,S3A,4.16775,2.26257,18.17199,88,https://eawagrs.s3.eu-central-1.amazonaws.com/alplakes/cropped/sentinel3/geneva/OC3_chla_S3A_20260522T102438_geneva.tif
2026-05-22T09:45:00.000+00:00,S3B,4.3966,2.41863,18.8159,87,https://eawagrs.s3.eu-central-1.amazonaws.com/alplakes/cropped/sentinel3/geneva/OC3_chla_S3B_20260522T094556_geneva.tif
2026-05-23T09:58:00.000+00:00,S3A,4.12623,2.12187,13.09106,87,https://eawagrs.s3.eu-central-1.amazonaws.com/alplakes/cropped/sentinel3/geneva/OC3_chla_S3A_20260523T095827_geneva.tif
2026-05-23T09:19:00.000+00:00,S3B,5.60699,2.9003,10.50289,8,https://eawagrs.s3.eu-central-1.amazonaws.com/alplakes/cropped/sentinel3/geneva/OC3_chla_S3B_20260523T091946_geneva.tif
2026-05-24T09:32:00.000+00:00,S3A,4.31622,2.60293,9.78457,53,https://eawagrs.s3.eu-central-1.amazonaws.com/alplakes/cropped/sentinel3/geneva/OC3_chla_S3A_20260524T093216_geneva.tif
2026-05-25T10:08:00.000+00:00,S3B,4.13694,2.45123,9.20031,60,https://eawagrs.s3.eu-central-1.amazonaws.com/alplakes/cropped/sentinel3/geneva/OC3_chla_S3B_20260525T100824_geneva.tif
2026-05-26T10:20:00.000+00:00,S3A,4.56548,2.6745,12.59736,30,https://eawagrs.s3.eu-central-1.amazonaws.com/alplakes/cropped/sentinel3/geneva/OC3_chla_S3A_20260526T102053_geneva.tif
2026-05-26T09:42:00.000+00:00,S3B,4.92216,3.08204,8.52227,14,https://eawagrs.s3.eu-central-1.amazonaws.com/alplakes/cropped/sentinel3/geneva/OC3_chla_S3B_20260526T094213_geneva.tif
2026-05-27T09:54:00.000+00:00,S3A,3.99673,2.34518,12.08783,73,https://eawagrs.s3.eu-central-1.amazonaws.com/alplakes/cropped/sentinel3/geneva/OC3_chla_S3A_20260527T095442_geneva.tif
2026-05-28T09:28:00.000+00:00,S3A,4.11699,2.95256,6.86884,6,https://eawagrs.s3.eu-central-1.amazonaws.com/alplakes/cropped/sentinel3/geneva/OC3_chla_S3A_20260528T092831_geneva.tif
2026-06-10T09:53:00.000+00:00,S3B,4.06624,4.06624,4.06624,1,https://eawagrs.s3.eu-central-1.amazonaws.com/alplakes/cropped/sentinel3/geneva/OC3_chla_S3B_20260610T095326_geneva.tif
2026-05-29T10:04:00.000+00:00,S3B,4.28046,2.23983,10.24568,90,https://eawagrs.s3.eu-central-1.amazonaws.com/alplakes/cropped/sentinel3/geneva/OC3_chla_S3B_20260529T100440_geneva.tif
2026-05-31T09:50:00.000+00:00,S3A,3.47405,2.52356,7.43409,12,https://eawagrs.s3.eu-central-1.amazonaws.com/alplakes/cropped/sentinel3/geneva/OC3_chla_S3A_20260531T095058_geneva.tif
2026-06-03T10:13:00.000+00:00,S3A,4.61808,2.78777,10.98676,51,https://eawagrs.s3.eu-central-1.amazonaws.com/alplakes/cropped/sentinel3/geneva/OC3_chla_S3A_20260603T101325_geneva.tif
2026-06-03T09:34:00.000+00:00,S3B,4.82508,2.78067,8.31515,35,https://eawagrs.s3.eu-central-1.amazonaws.com/alplakes/cropped/sentinel3/geneva/OC3_chla_S3B_20260603T093444_geneva.tif
2026-06-05T10:23:00.000+00:00,S3B,3.93287,2.85835,8.54001,21,https://eawagrs.s3.eu-central-1.amazonaws.com/alplakes/cropped/sentinel3/geneva/OC3_chla_S3B_20260605T102322_geneva.tif
2026-06-06T09:57:00.000+00:00,S3B,3.78655,2.80038,11.32709,77,https://eawagrs.s3.eu-central-1.amazonaws.com/alplakes/cropped/sentinel3/geneva/OC3_chla_S3B_20260606T095711_geneva.tif
2026-06-08T09:43:00.000+00:00,S3A,3.46383,2.79579,9.38046,16,https://eawagrs.s3.eu-central-1.amazonaws.com/alplakes/cropped/sentinel3/geneva/OC3_chla_S3A_20260608T094329_geneva.tif
2026-06-11T10:05:00.000+00:00,S3A,3.26417,2.34178,8.66747,15,https://eawagrs.s3.eu-central-1.amazonaws.com/alplakes/cropped/sentinel3/geneva/OC3_chla_S3A_20260611T100556_geneva.tif
2026-06-11T09:27:00.000+00:00,S3B,3.10542,2.5717,5.68762,5,https://eawagrs.s3.eu-central-1.amazonaws.com/alplakes/cropped/sentinel3/geneva/OC3_chla_S3B_20260611T092714_geneva.tif
2026-06-12T09:39:00.000+00:00,S3A,3.42694,2.29511,9.80353,35,https://eawagrs.s3.eu-central-1.amazonaws.com/alplakes/cropped/sentinel3/geneva/OC3_chla_S3A_20260612T093945_geneva.tif
2026-06-13T10:15:00.000+00:00,S3B,3.04975,2.27625,9.33722,85,https://eawagrs.s3.eu-central-1.amazonaws.com/alplakes/cropped/sentinel3/geneva/OC3_chla_S3B_20260613T101552_geneva.tif
2026-06-14T10:28:00.000+00:00,S3A,3.28252,2.69764,4.51353,1,https://eawagrs.s3.eu-central-1.amazonaws.com/alplakes/cropped/sentinel3/geneva/OC3_chla_S3A_20260614T102822_geneva.tif
2026-06-14T09:49:00.000+00:00,S3B,2.71821,2.11587,5.04859,20,https://eawagrs.s3.eu-central-1.amazonaws.com/alplakes/cropped/sentinel3/geneva/OC3_chla_S3B_20260614T094942_geneva.tif
2026-06-15T10:02:00.000+00:00,S3A,2.65697,2.05594,8.41885,41,https://eawagrs.s3.eu-central-1.amazonaws.com/alplakes/cropped/sentinel3/geneva/OC3_chla_S3A_20260615T100211_geneva.tif
2026-06-15T09:23:00.000+00:00,S3B,2.68768,2.56424,2.7769,1,https://eawagrs.s3.eu-central-1.amazonaws.com/alplakes/cropped/sentinel3/geneva/OC3_chla_S3B_20260615T092331_geneva.tif
2026-06-16T09:36:00.000+00:00,S3A,2.62663,2.32303,2.86228,3,https://eawagrs.s3.eu-central-1.amazonaws.com/alplakes/cropped/sentinel3/geneva/OC3_chla_S3A_20260616T093600_geneva.tif
2026-06-17T10:12:00.000+00:00,S3B,2.74072,2.29018,8.90987,6,https://eawagrs.s3.eu-central-1.amazonaws.com/alplakes/cropped/sentinel3/geneva/OC3_chla_S3B_20260617T101209_geneva.tif
2026-06-18T10:24:00.000+00:00,S3A,2.35908,1.87712,9.11752,62,https://eawagrs.s3.eu-central-1.amazonaws.com/alplakes/cropped/sentinel3/geneva/OC3_chla_S3A_20260618T102437_geneva.tif
2026-06-18T09:45:00.000+00:00,S3B,2.40962,1.88518,4.36518,63,https://eawagrs.s3.eu-central-1.amazonaws.com/alplakes/cropped/sentinel3/geneva/OC3_chla_S3B_20260618T094558_geneva.tif
2026-06-19T09:58:00.000+00:00,S3A,2.24095,1.72682,8.40294,51,https://eawagrs.s3.eu-central-1.amazonaws.com/alplakes/cropped/sentinel3/geneva/OC3_chla_S3A_20260619T095826_geneva.tif
2026-06-20T09:32:00.000+00:00,S3A,2.85488,2.5045,3.34765,2,https://eawagrs.s3.eu-central-1.amazonaws.com/alplakes/cropped/sentinel3/geneva/OC3_chla_S3A_20260620T093215_geneva.tif
2026-06-21T10:08:00.000+00:00,S3B,2.58981,2.008,10.77015,23,https://eawagrs.s3.eu-central-1.amazonaws.com/alplakes/cropped/sentinel3/geneva/OC3_chla_S3B_20260621T100824_geneva.tif
2026-06-22T10:20:00.000+00:00,S3A,2.43488,1.7955,9.25707,36,https://eawagrs.s3.eu-central-1.amazonaws.com/alplakes/cropped/sentinel3/geneva/OC3_chla_S3A_20260622T102053_geneva.tif
2026-06-22T09:42:00.000+00:00,S3B,2.53027,2.04149,6.33847,22,https://eawagrs.s3.eu-central-1.amazonaws.com/alplakes/cropped/sentinel3/geneva/OC3_chla_S3B_20260622T094214_geneva.tif
2026-06-23T09:54:00.000+00:00,S3A,2.35577,1.95617,6.03442,29,https://eawagrs.s3.eu-central-1.amazonaws.com/alplakes/cropped/sentinel3/geneva/OC3_chla_S3A_20260623T095443_geneva.tif
2026-06-24T09:28:00.000+00:00,S3A,2.21569,2.1143,2.29067,1,https://eawagrs.s3.eu-central-1.amazonaws.com/alplakes/cropped/sentinel3/geneva/OC3_chla_S3A_20260624T092832_geneva.tif
2026-06-25T10:04:00.000+00:00,S3B,2.22318,1.60273,10.66801,54,https://eawagrs.s3.eu-central-1.amazonaws.com/alplakes/cropped/sentinel3/geneva/OC3_chla_S3B_20260625T100440_geneva.tif
2026-06-26T10:17:00.000+00:00,S3A,2.23432,1.73261,3.01488,22,https://eawagrs.s3.eu-central-1.amazonaws.com/alplakes/cropped/sentinel3/geneva/OC3_chla_S3A_20260626T101709_geneva.tif
2026-06-26T09:38:00.000+00:00,S3B,2.3783,1.96753,2.94607,9,https://eawagrs.s3.eu-central-1.amazonaws.com/alplakes/cropped/sentinel3/geneva/OC3_chla_S3B_20260626T093829_geneva.tif
2026-06-27T09:50:00.000+00:00,S3A,2.17805,1.69869,3.45245,25,https://eawagrs.s3.eu-central-1.amazonaws.com/alplakes/cropped/sentinel3/geneva/OC3_chla_S3A_20260627T095059_geneva.tif
2026-06-28T10:27:00.000+00:00,S3B,3.16543,3.14256,3.21118,1,https://eawagrs.s3.eu-central-1.amazonaws.com/alplakes/cropped/sentinel3/geneva/OC3_chla_S3B_20260628T102707_geneva.tif
2026-06-29T10:00:00.000+00:00,S3B,2.46619,2.13825,2.74461,3,https://eawagrs.s3.eu-central-1.amazonaws.com/alplakes/cropped/sentinel3/geneva/OC3_chla_S3B_20260629T100056_geneva.tif
2026-06-30T10:13:00.000+00:00,S3A,2.50698,1.96594,3.30404,22,https://eawagrs.s3.eu-central-1.amazonaws.com/alplakes/cropped/sentinel3/geneva/OC3_chla_S3A_20260630T101325_geneva.tif
2026-06-30T09:34:00.000+00:00,S3B,2.53175,2.22295,3.08981,5,https://eawagrs.s3.eu-central-1.amazonaws.com/alplakes/cropped/sentinel3/geneva/OC3_chla_S3B_20260630T093445_geneva.tif
2026-07-02T09:21:00.000+00:00,S3A,2.70673,2.15231,4.79153,29,https://eawagrs.s3.eu-central-1.amazonaws.com/alplakes/cropped/sentinel3/geneva/OC3_chla_S3A_20260702T092104_geneva.tif
2026-07-02T10:23:00.000+00:00,S3B,3.1049,2.18041,11.06163,12,https://eawagrs.s3.eu-central-1.amazonaws.com/alplakes/cropped/sentinel3/geneva/OC3_chla_S3B_20260702T102322_geneva.tif
2026-07-03T09:57:00.000+00:00,S3B,2.71766,1.86918,11.12397,82,https://eawagrs.s3.eu-central-1.amazonaws.com/alplakes/cropped/sentinel3/geneva/OC3_chla_S3B_20260703T095711_geneva.tif
2026-07-04T10:09:00.000+00:00,S3A,2.65641,1.9995,9.74139,84,https://eawagrs.s3.eu-central-1.amazonaws.com/alplakes/cropped/sentinel3/geneva/OC3_chla_S3A_20260704T100941_geneva.tif
2026-07-04T09:31:00.000+00:00,S3B,2.70741,2.1623,7.64643,66,https://eawagrs.s3.eu-central-1.amazonaws.com/alplakes/cropped/sentinel3/geneva/OC3_chla_S3B_20260704T093100_geneva.tif
2026-07-05T09:43:00.000+00:00,S3A,2.69193,2.09648,10.47022,72,https://eawagrs.s3.eu-central-1.amazonaws.com/alplakes/cropped/sentinel3/geneva/OC3_chla_S3A_20260705T094330_geneva.tif
2026-07-06T10:19:00.000+00:00,S3B,7.0778,7.0778,7.0778,1,https://eawagrs.s3.eu-central-1.amazonaws.com/alplakes/cropped/sentinel3/geneva/OC3_chla_S3B_20260706T101937_geneva.tif
2026-07-07T09:53:00.000+00:00,S3B,2.48829,1.90175,9.08426,69,https://eawagrs.s3.eu-central-1.amazonaws.com/alplakes/cropped/sentinel3/geneva/OC3_chla_S3B_20260707T095326_geneva.tif
2026-07-08T10:05:00.000+00:00,S3A,2.43462,1.78406,19.60348,78,https://eawagrs.s3.eu-central-1.amazonaws.com/alplakes/cropped/sentinel3/geneva/OC3_chla_S3A_20260708T100556_geneva.tif
2026-07-08T09:27:00.000+00:00,S3B,2.40755,2.07033,4.47335,4,https://eawagrs.s3.eu-central-1.amazonaws.com/alplakes/cropped/sentinel3/geneva/OC3_chla_S3B_20260708T092715_geneva.tif
2026-07-09T09:39:00.000+00:00,S3A,2.47116,1.76959,7.42246,63,https://eawagrs.s3.eu-central-1.amazonaws.com/alplakes/cropped/sentinel3/geneva/OC3_chla_S3A_20260709T093945_geneva.tif
2026-07-10T10:15:00.000+00:00,S3B,2.7606,2.12464,17.40946,41,https://eawagrs.s3.eu-central-1.amazonaws.com/alplakes/cropped/sentinel3/geneva/OC3_chla_S3B_20260710T101552_geneva.tif
2026-07-11T09:49:00.000+00:00,S3B,2.56311,2.12594,6.26229,9,https://eawagrs.s3.eu-central-1.amazonaws.com/alplakes/cropped/sentinel3/geneva/OC3_chla_S3B_20260711T094941_geneva.tif
2026-07-12T10:02:00.000+00:00,S3A,2.75699,2.06519,14.58405,84,https://eawagrs.s3.eu-central-1.amazonaws.com/alplakes/cropped/sentinel3/geneva/OC3_chla_S3A_20260712T100211_geneva.tif
2026-07-12T09:23:00.000+00:00,S3B,2.76328,2.06997,3.59412,16,https://eawagrs.s3.eu-central-1.amazonaws.com/alplakes/cropped/sentinel3/geneva/OC3_chla_S3B_20260712T092330_geneva.tif
2026-07-14T10:12:00.000+00:00,S3B,3.21556,2.62418,12.28495,8,https://eawagrs.s3.eu-central-1.amazonaws.com/alplakes/cropped/sentinel3/geneva/OC3_chla_S3B_20260714T101208_geneva.tif
2026-07-16T09:58:00.000+00:00,S3A,3.15541,2.40774,4.01275,28,https://eawagrs.s3.eu-central-1.amazonaws.com/alplakes/cropped/sentinel3/geneva/OC3_chla_S3A_20260716T095826_geneva.tif
2026-07-17T09:32:00.000+00:00,S3A,3.77844,2.90193,8.61517,37,https://eawagrs.s3.eu-central-1.amazonaws.com/alplakes/cropped/sentinel3/geneva/OC3_chla_S3A_20260717T093215_geneva.tif
2026-07-18T10:08:00.000+00:00,S3B,3.7394,2.65201,12.05451,74,https://eawagrs.s3.eu-central-1.amazonaws.com/alplakes/cropped/sentinel3/geneva/OC3_chla_S3B_20260718T100823_geneva.tif
2026-07-19T10:20:00.000+00:00,S3A,3.50326,2.82851,4.35414,21,https://eawagrs.s3.eu-central-1.amazonaws.com/alplakes/cropped/sentinel3/geneva/OC3_chla_S3A_20260719T102052_geneva.tif
2026-07-19T09:42:00.000+00:00,S3B,3.66286,3.05822,4.7295,21,https://eawagrs.s3.eu-central-1.amazonaws.com/alplakes/cropped/sentinel3/geneva/OC3_chla_S3B_20260719T094212_geneva.tif
2026-07-20T09:54:00.000+00:00,S3A,4.03469,2.82664,9.12274,75,https://eawagrs.s3.eu-central-1.amazonaws.com/alplakes/cropped/sentinel3/geneva/OC3_chla_S3A_20260720T095441_geneva.tif
2026-07-21T09:28:00.000+00:00,S3A,4.19934,3.23099,6.3123,57,https://eawagrs.s3.eu-central-1.amazonaws.com/alplakes/cropped/sentinel3/geneva/OC3_chla_S3A_20260721T092830_geneva.tif
2026-07-22T10:04:00.000+00:00,S3B,4.19312,3.0803,9.57153,75,https://eawagrs.s3.eu-central-1.amazonaws.com/alplakes/cropped/sentinel3/geneva/OC3_chla_S3B_20260722T100439_geneva.tif
2026-07-23T10:17:00.000+00:00,S3A,3.73023,3.22492,4.53697,11,https://eawagrs.s3.eu-central-1.amazonaws.com/alplakes/cropped/sentinel3/geneva/OC3_chla_S3A_20260723T101707_geneva.tif
2026-07-24T09:50:00.000+00:00,S3A,4.60264,3.05125,13.37153,88,https://eawagrs.s3.eu-central-1.amazonaws.com/alplakes/cropped/sentinel3/geneva/OC3_chla_S3A_20260724T095056_geneva.tif
2026-07-27T10:13:00.000+00:00,S3A,4.57749,3.06819,12.35054,42,https://eawagrs.s3.eu-central-1.amazonaws.com/alplakes/cropped/sentinel3/geneva/OC3_chla_S3A_20260727T101323_geneva.tif
2026-07-27T09:34:00.000+00:00,S3B,5.14712,3.68615,8.33091,25,https://eawagrs.s3.eu-central-1.amazonaws.com/alplakes/cropped/sentinel3/geneva/OC3_chla_S3B_20260727T093443_geneva.tif
2026-07-28T09:47:00.000+00:00,S3A,4.56754,3.25332,15.91361,87,https://eawagrs.s3.eu-central-1.amazonaws.com/alplakes/cropped/sentinel3/geneva/OC3_chla_S3A_20260728T094712_geneva.tif
2026-07-29T09:21:00.000+00:00,S3A,4.39371,3.65608,5.2703,2,https://eawagrs.s3.eu-central-1.amazonaws.com/alplakes/cropped/sentinel3/geneva/OC3_chla_S3A_20260729T092101_geneva.tif
2026-07-29T10:23:00.000+00:00,S3B,3.99941,3.01472,9.40675,67,https://eawagrs.s3.eu-central-1.amazonaws.com/alplakes/cropped/sentinel3/geneva/OC3_chla_S3B_20260729T102320_geneva.tif
2026-07-30T09:57:00.000+00:00,S3B,4.14574,3.386,5.19253,13,https://eawagrs.s3.eu-central-1.amazonaws.com/alplakes/cropped/sentinel3/geneva/OC3_chla_S3B_20260730T095709_geneva.tif
2026-08-01T09:43:00.000+00:00,S3A,3.69625,3.16196,4.284,3,https://eawagrs.s3.eu-central-1.amazonaws.com/alplakes/cropped/sentinel3/geneva/OC3_chla_S3A_20260801T094327_geneva.tif
2026-08-02T10:19:00.000+00:00,S3B,3.41668,2.67957,12.05452,44,https://eawagrs.s3.eu-central-1.amazonaws.com/alplakes/cropped/sentinel3/geneva/OC3_chla_S3B_20260802T101935_geneva.tif
2026-08-04T10:05:00.000+00:00,S3A,3.62784,3.21459,4.13862,4,https://eawagrs.s3.eu-central-1.amazonaws.com/alplakes/cropped/sentinel3/geneva/OC3_chla_S3A_20260804T100553_geneva.tif
2026-08-05T09:39:00.000+00:00,S3A,3.79387,3.02055,4.76201,14,https://eawagrs.s3.eu-central-1.amazonaws.com/alplakes/cropped/sentinel3/geneva/OC3_chla_S3A_20260805T093942_geneva.tif
2026-08-06T10:15:00.000+00:00,S3B,3.99161,2.89573,17.15483,76,https://eawagrs.s3.eu-central-1.amazonaws.com/alplakes/cropped/sentinel3/geneva/OC3_chla_S3B_20260806T101550_geneva.tif
2026-08-07T09:49:00.000+00:00,S3B,4.34944,3.07796,14.23372,82,https://eawagrs.s3.eu-central-1.amazonaws.com/alplakes/cropped/sentinel3/geneva/OC3_chla_S3B_20260807T094939_geneva.tif
2026-08-08T10:02:00.000+00:00,S3A,4.39762,3.21933,17.25617,90,https://eawagrs.s3.eu-central-1.amazonaws.com/alplakes/cropped/sentinel3/geneva/OC3_chla_S3A_20260808T100209_geneva.tif
2026-08-08T09:23:00.000+00:00,S3B,4.60858,3.43722,7.21622,26,https://eawagrs.s3.eu-central-1.amazonaws.com/alplakes/cropped/sentinel3/geneva/OC3_chla_S3B_20260808T092328_geneva.tif
2026-08-22T10:00:00.000+00:00,S3B,4.3327,3.00846,16.06211,90,https://eawagrs.s3.eu-central-1.amazonaws.com/alplakes/cropped/sentinel3/geneva/OC3_chla_S3B_20260822T100052_geneva.tif
2026-08-23T10:13:00.000+00:00,S3A,3.75483,2.73084,11.36235,80,https://eawagrs.s3.eu-central-1.amazonaws.com/alplakes/cropped/sentinel3/geneva/OC3_chla_S3A_20260823T101322_geneva.tif
2026-08-23T09:34:00.000+00:00,S3B,4.09232,3.07497,8.02552,70,https://eawagrs.s3.eu-central-1.amazonaws.com/alplakes/cropped/sentinel3/geneva/OC3_chla_S3B_20260823T093441_geneva.tif
2026-08-10T10:12:00.000+00:00,S3B,4.87307,4.14318,11.59663,1,https://eawagrs.s3.eu-central-1.amazonaws.com/alplakes/cropped/sentinel3/geneva/OC3_chla_S3B_20260810T101205_geneva.tif
2026-08-25T09:20:00.000+00:00,S3A,4.07076,3.06699,6.80393,24,https://eawagrs.s3.eu-central-1.amazonaws.com/alplakes/cropped/sentinel3/geneva/OC3_chla_S3A_20260825T092059_geneva.tif
2026-08-12T09:58:00.000+00:00,S3A,4.21954,3.42178,12.90951,20,https://eawagrs.s3.eu-central-1.amazonaws.com/alplakes/cropped/sentinel3/geneva/OC3_chla_S3A_20260812T095824_geneva.tif
2026-08-25T10:23:00.000+00:00,S3B,3.95701,2.97666,14.39816,83,https://eawagrs.s3.eu-central-1.amazonaws.com/alplakes/cropped/sentinel3/geneva/OC3_chla_S3B_20260825T102318_geneva.tif
2026-08-13T09:32:00.000+00:00,S3A,4.22692,3.84611,4.63083,1,https://eawagrs.s3.eu-central-1.amazonaws.com/alplakes/cropped/sentinel3/geneva/OC3_chla_S3A_20260813T093214_geneva.tif
2026-08-14T10:08:00.000+00:00,S3B,4.39859,3.36611,9.61285,36,https://eawagrs.s3.eu-central-1.amazonaws.com/alplakes/cropped/sentinel3/geneva/OC3_chla_S3B_20260814T100821_geneva.tif
2026-08-15T10:20:00.000+00:00,S3A,4.37402,3.44418,10.22052,20,https://eawagrs.s3.eu-central-1.amazonaws.com/alplakes/cropped/sentinel3/geneva/OC3_chla_S3A_20260815T102051_geneva.tif
2026-08-15T09:42:00.000+00:00,S3B,5.91127,4.05567,7.44643,2,https://eawagrs.s3.eu-central-1.amazonaws.com/alplakes/cropped/sentinel3/geneva/OC3_chla_S3B_20260815T094210_geneva.tif
2026-08-16T09:54:00.000+00:00,S3A,4.1771,3.78162,4.59518,1,https://eawagrs.s3.eu-central-1.amazonaws.com/alplakes/cropped/sentinel3/geneva/OC3_chla_S3A_20260816T095440_geneva.tif
2026-08-29T10:19:00.000+00:00,S3B,4.67642,3.4133,8.66669,50,https://eawagrs.s3.eu-central-1.amazonaws.com/alplakes/cropped/sentinel3/geneva/OC3_chla_S3B_20260829T101934_geneva.tif
2026-08-30T09:53:00.000+00:00,S3B,5.50692,3.3591,14.82716,88,https://eawagrs.s3.eu-central-1.amazonaws.com/alplakes/cropped/sentinel3/geneva/OC3_chla_S3B_20260830T095323_geneva.tif
2026-08-31T10:05:00.000+00:00,S3A,5.71562,3.27057,13.63329,75,https://eawagrs.s3.eu-central-1.amazonaws.com/alplakes/cropped/sentinel3/geneva/OC3_chla_S3A_20260831T100553_geneva.tif
2026-08-31T09:27:00.000+00:00,S3B,6.51576,3.99084,10.94099,60,https://eawagrs.s3.eu-central-1.amazonaws.com/alplakes/cropped/sentinel3/geneva/OC3_chla_S3B_20260831T092712_geneva.tif
2026-09-01T09:39:00.000+00:00,S3A,6.16219,3.60697,16.14694,85,https://eawagrs.s3.eu-central-1.amazonaws.com/alplakes/cropped/sentinel3/geneva/OC3_chla_S3A_20260901T093942_geneva.tif
2026-08-19T10:17:00.000+00:00,S3A,4.32733,2.94156,18.2414,91,https://eawagrs.s3.eu-central-1.amazonaws.com/alplakes/cropped/sentinel3/geneva/OC3_chla_S3A_20260819T101706_geneva.tif
2026-08-19T09:38:00.000+00:00,S3B,4.75049,3.22591,12.14052,84,https://eawagrs.s3.eu-central-1.amazonaws.com/alplakes/cropped/sentinel3/geneva/OC3_chla_S3B_20260819T093825_geneva.tif
2026-09-03T10:28:00.000+00:00,S3A,6.98229,4.86781,9.91586,4,https://eawagrs.s3.eu-central-1.amazonaws.com/alplakes/cropped/sentinel3/geneva/OC3_chla_S3A_20260903T102820_geneva.tif
2026-09-03T09:49:00.000+00:00,S3B,8.27144,4.26988,17.41956,87,https://eawagrs.s3.eu-central-1.amazonaws.com/alplakes/cropped/sentinel3/geneva/OC3_chla_S3B_20260903T094939_geneva.tif
