timestamp,daily_mean,daily_max,observations,year,day_of_year
2019-07-29 00:00:00+00:00,1.4651388888888888,2.614,36,2019,210
2019-07-30 00:00:00+00:00,2.5537847222222223,7.176,144,2019,211
2019-07-31 00:00:00+00:00,3.137263888888889,6.2170000000000005,144,2019,212
2019-08-01 00:00:00+00:00,1.8099722222222223,4.274,144,2019,213
2019-08-02 00:00:00+00:00,1.8950625,4.425,144,2019,214
2019-08-03 00:00:00+00:00,2.16425,7.456,144,2019,215
2019-08-04 00:00:00+00:00,1.3327222222222224,4.946000000000001,144,2019,216
2019-08-05 00:00:00+00:00,1.4309861111111113,3.7939999999999996,144,2019,217
2019-08-06 00:00:00+00:00,3.030041666666667,9.61,144,2019,218
2019-08-07 00:00:00+00:00,3.663965277777778,7.885,144,2019,219
2019-08-08 00:00:00+00:00,1.4669027777777779,3.877,144,2019,220
2019-08-09 00:00:00+00:00,1.897722222222222,7.739,144,2019,221
2019-08-10 00:00:00+00:00,1.9375555555555555,6.582999999999999,144,2019,222
2019-08-11 00:00:00+00:00,2.2065277777777776,11.1,144,2019,223
2019-08-12 00:00:00+00:00,2.694847222222222,5.921,144,2019,224
2019-08-13 00:00:00+00:00,2.929013888888889,5.669,144,2019,225
2019-08-14 00:00:00+00:00,2.2680069444444446,4.1419999999999995,144,2019,226
2019-08-15 00:00:00+00:00,2.8969097222222224,7.445,144,2019,227
2019-08-16 00:00:00+00:00,2.0602916666666666,4.84,144,2019,228
2019-08-17 00:00:00+00:00,1.8505763888888889,5.112,144,2019,229
2019-08-18 00:00:00+00:00,2.732625,10.93,144,2019,230
2019-08-19 00:00:00+00:00,2.2058750000000003,7.855,144,2019,231
2019-08-20 00:00:00+00:00,1.9633541666666667,5.626,144,2019,232
2019-08-21 00:00:00+00:00,5.689854166666667,7.577000000000001,144,2019,233
2019-08-22 00:00:00+00:00,1.8104097222222224,3.5060000000000002,144,2019,234
2019-08-23 00:00:00+00:00,1.8881944444444443,4.39,144,2019,235
2019-08-24 00:00:00+00:00,1.1784791666666665,2.394,144,2019,236
2019-08-25 00:00:00+00:00,1.1382847222222223,2.07,144,2019,237
2019-08-26 00:00:00+00:00,1.2873124999999999,2.519,144,2019,238
2019-08-27 00:00:00+00:00,1.2788472222222222,3.978,144,2019,239
2019-08-28 00:00:00+00:00,1.8239375,5.5489999999999995,144,2019,240
2019-08-29 00:00:00+00:00,1.2945694444444444,3.103,144,2019,241
2019-08-30 00:00:00+00:00,1.4499444444444445,3.918,144,2019,242
2019-08-31 00:00:00+00:00,1.826673611111111,5.859,144,2019,243
2019-09-01 00:00:00+00:00,2.748263888888889,8.36,144,2019,244
2019-09-02 00:00:00+00:00,4.817458333333334,9.82,144,2019,245
2019-09-03 00:00:00+00:00,2.8604166666666666,6.726,144,2019,246
2019-09-04 00:00:00+00:00,1.441861111111111,2.535,144,2019,247
2019-09-05 00:00:00+00:00,2.8866388888888888,6.053,144,2019,248
2019-09-06 00:00:00+00:00,5.792777777777777,9.63,144,2019,249
2019-09-07 00:00:00+00:00,1.98,7.0729999999999995,144,2019,250
2019-09-08 00:00:00+00:00,2.6361875,5.671,144,2019,251
2019-09-09 00:00:00+00:00,1.7295902777777779,4.282,144,2019,252
2019-09-10 00:00:00+00:00,1.4288888888888889,5.015,144,2019,253
2019-09-11 00:00:00+00:00,1.3981666666666668,4.252,144,2019,254
2019-09-12 00:00:00+00:00,1.1802083333333333,2.8289999999999997,144,2019,255
2019-09-13 00:00:00+00:00,1.0684583333333333,2.008,144,2019,256
2019-09-14 00:00:00+00:00,1.2160833333333334,3.017,144,2019,257
2019-09-15 00:00:00+00:00,1.1038125,2.287,144,2019,258
2019-09-16 00:00:00+00:00,1.0795277777777779,2.1959999999999997,144,2019,259
2019-09-17 00:00:00+00:00,2.251875,8.13,144,2019,260
2019-09-18 00:00:00+00:00,3.988847222222222,9.01,144,2019,261
2019-09-19 00:00:00+00:00,4.543694444444444,9.72,144,2019,262
2019-09-20 00:00:00+00:00,1.5604444444444445,4.084,144,2019,263
2019-09-21 00:00:00+00:00,1.3148125,3.022,144,2019,264
2019-09-22 00:00:00+00:00,1.7010069444444444,9.59,144,2019,265
2019-09-23 00:00:00+00:00,1.8909999999999998,6.093,144,2019,266
2019-09-24 00:00:00+00:00,2.3615347222222223,9.19,144,2019,267
2019-09-25 00:00:00+00:00,4.9949513888888895,10.28,144,2019,268
2019-09-26 00:00:00+00:00,1.8115277777777778,4.288,144,2019,269
2019-09-27 00:00:00+00:00,3.6916736111111113,8.48,144,2019,270
2019-09-28 00:00:00+00:00,3.500625,9.56,144,2019,271
2019-09-29 00:00:00+00:00,3.2244513888888893,10.51,144,2019,272
2019-09-30 00:00:00+00:00,2.9188819444444447,9.02,144,2019,273
2019-10-01 00:00:00+00:00,1.9990555555555554,7.547999999999999,144,2019,274
2019-10-02 00:00:00+00:00,3.771798611111111,8.33,144,2019,275
2019-10-03 00:00:00+00:00,2.9870694444444443,5.289,144,2019,276
2019-10-04 00:00:00+00:00,4.125791666666667,7.695,144,2019,277
2019-10-05 00:00:00+00:00,2.4170555555555553,6.301,144,2019,278
2019-10-06 00:00:00+00:00,3.3471180555555557,9.51,144,2019,279
2019-10-07 00:00:00+00:00,2.0394236111111113,4.542,144,2019,280
2019-10-08 00:00:00+00:00,1.9378333333333333,5.749,144,2019,281
2019-10-09 00:00:00+00:00,5.898423611111111,13.25,144,2019,282
2019-10-10 00:00:00+00:00,4.6488611111111116,9.34,144,2019,283
2019-10-11 00:00:00+00:00,1.7800972222222222,3.785,144,2019,284
2019-10-12 00:00:00+00:00,2.024694444444444,4.399,144,2019,285
2019-10-13 00:00:00+00:00,1.6424097222222223,3.725,144,2019,286
2019-10-14 00:00:00+00:00,1.313013888888889,3.261,144,2019,287
2019-10-15 00:00:00+00:00,4.462208333333333,12.31,144,2019,288
2019-10-16 00:00:00+00:00,2.0927708333333332,6.232,144,2019,289
2019-10-17 00:00:00+00:00,1.3981180555555557,3.398,144,2019,290
2019-10-18 00:00:00+00:00,1.596076388888889,4.346,144,2019,291
2019-10-19 00:00:00+00:00,1.8174722222222224,5.371,144,2019,292
2019-10-20 00:00:00+00:00,1.5322916666666666,3.595,144,2019,293
2019-10-21 00:00:00+00:00,1.5591736111111112,3.928,144,2019,294
2019-10-22 00:00:00+00:00,1.6222916666666667,4.665,144,2019,295
2019-10-23 00:00:00+00:00,1.9656944444444444,5.48,144,2019,296
2019-10-24 00:00:00+00:00,1.5783055555555556,3.5589999999999997,144,2019,297
2019-10-25 00:00:00+00:00,1.4405625,2.7939999999999996,144,2019,298
2019-10-26 00:00:00+00:00,1.5069097222222223,2.8939999999999997,144,2019,299
2019-10-27 00:00:00+00:00,1.187763888888889,2.188,144,2019,300
2019-10-28 00:00:00+00:00,0.8314791666666667,2.673,144,2019,301
2019-10-29 00:00:00+00:00,1.6251944444444444,5.0889999999999995,144,2019,302
2019-10-30 00:00:00+00:00,1.9281666666666668,4.3260000000000005,144,2019,303
2019-10-31 00:00:00+00:00,1.5150763888888887,3.818,144,2019,304
2019-11-01 00:00:00+00:00,2.2051805555555557,7.042999999999999,144,2019,305
2019-11-02 00:00:00+00:00,3.804180555555556,12.69,144,2019,306
2019-11-03 00:00:00+00:00,5.164569444444444,14.33,144,2019,307
2019-11-04 00:00:00+00:00,6.602888888888889,11.64,144,2019,308
2019-11-05 00:00:00+00:00,3.3515694444444444,11.86,144,2019,309
2019-11-06 00:00:00+00:00,3.814319444444444,6.6339999999999995,144,2019,310
2019-11-07 00:00:00+00:00,3.715729166666667,9.9,144,2019,311
2019-11-08 00:00:00+00:00,1.7998472222222222,3.866,144,2019,312
2019-11-09 00:00:00+00:00,1.8829027777777776,4.724,144,2019,313
2019-11-10 00:00:00+00:00,2.6442847222222223,5.557,144,2019,314
2019-11-11 00:00:00+00:00,2.5396388888888892,8.21,144,2019,315
2019-11-12 00:00:00+00:00,3.502666666666667,8.37,144,2019,316
2019-11-13 00:00:00+00:00,2.0933819444444444,5.733,144,2019,317
2019-11-14 00:00:00+00:00,2.5450555555555554,7.805,144,2019,318
2019-11-15 00:00:00+00:00,3.435277777777778,8.82,144,2019,319
2019-11-16 00:00:00+00:00,2.504798611111111,5.997999999999999,144,2019,320
2019-11-17 00:00:00+00:00,2.838375,7.144,144,2019,321
2019-11-18 00:00:00+00:00,3.0487152777777777,6.6610000000000005,144,2019,322
2019-11-19 00:00:00+00:00,3.8185347222222226,7.2379999999999995,144,2019,323
2019-11-20 00:00:00+00:00,2.318083333333333,4.051,144,2019,324
2019-11-21 00:00:00+00:00,1.5119930555555556,3.08,144,2019,325
2019-11-22 00:00:00+00:00,2.2902569444444447,5.61,144,2019,326
2019-11-23 00:00:00+00:00,1.841625,4.863,144,2019,327
2019-11-24 00:00:00+00:00,1.3753819444444444,3.681,144,2019,328
2019-11-25 00:00:00+00:00,1.212402777777778,2.036,144,2019,329
2019-11-26 00:00:00+00:00,1.3465555555555555,2.96,144,2019,330
2019-11-27 00:00:00+00:00,3.4448333333333334,9.6,144,2019,331
2019-11-28 00:00:00+00:00,6.725361111111111,11.29,144,2019,332
2019-11-29 00:00:00+00:00,4.778131944444445,9.8,144,2019,333
2019-11-30 00:00:00+00:00,1.9149791666666667,4.798,144,2019,334
2019-12-01 00:00:00+00:00,2.1260555555555554,5.904,144,2019,335
2019-12-02 00:00:00+00:00,4.523819444444444,10.71,144,2019,336
2019-12-03 00:00:00+00:00,3.912069444444444,8.43,144,2019,337
2019-12-04 00:00:00+00:00,2.057125,3.9739999999999998,144,2019,338
2019-12-05 00:00:00+00:00,1.6399166666666667,2.694,144,2019,339
2019-12-06 00:00:00+00:00,1.3765555555555555,3.1310000000000002,144,2019,340
2019-12-07 00:00:00+00:00,2.0752638888888892,6.684,144,2019,341
2019-12-08 00:00:00+00:00,2.4796319444444443,7.72,144,2019,342
2019-12-09 00:00:00+00:00,7.615868055555556,13.48,144,2019,343
2019-12-10 00:00:00+00:00,2.3878194444444443,5.761,144,2019,344
2019-12-11 00:00:00+00:00,3.0077013888888886,8.07,144,2019,345
2019-12-12 00:00:00+00:00,6.649854166666667,12.6,144,2019,346
2019-12-13 00:00:00+00:00,7.455152777777777,15.14,144,2019,347
2019-12-14 00:00:00+00:00,5.966555555555555,16.15,144,2019,348
2019-12-15 00:00:00+00:00,2.6134027777777775,5.815,144,2019,349
2019-12-16 00:00:00+00:00,1.0704722222222223,3.2439999999999998,144,2019,350
2019-12-17 00:00:00+00:00,1.0240486111111111,3.0789999999999997,144,2019,351
2019-12-18 00:00:00+00:00,1.213611111111111,3.08,144,2019,352
2019-12-19 00:00:00+00:00,1.304951388888889,3.937,144,2019,353
2019-12-20 00:00:00+00:00,2.5154722222222223,9.52,144,2019,354
2019-12-21 00:00:00+00:00,1.794645833333333,9.04,144,2019,355
2019-12-22 00:00:00+00:00,7.801298611111111,15.73,144,2019,356
2019-12-23 00:00:00+00:00,6.254361111111112,11.62,144,2019,357
2019-12-24 00:00:00+00:00,3.4404791666666665,7.443,144,2019,358
2019-12-25 00:00:00+00:00,3.829798611111111,8.58,144,2019,359
2019-12-26 00:00:00+00:00,1.8863055555555555,4.761,144,2019,360
2019-12-27 00:00:00+00:00,1.9502430555555554,5.315,144,2019,361
2019-12-28 00:00:00+00:00,4.890666666666666,8.11,144,2019,362
2019-12-29 00:00:00+00:00,3.3150208333333335,5.593,144,2019,363
2019-12-30 00:00:00+00:00,1.5061041666666666,3.6639999999999997,144,2019,364
2019-12-31 00:00:00+00:00,1.559951388888889,3.0,144,2019,365
2020-01-01 00:00:00+00:00,1.8197777777777777,3.7230000000000003,144,2020,1
2020-01-02 00:00:00+00:00,1.8890902777777778,3.65,144,2020,2
2020-01-03 00:00:00+00:00,1.5849305555555555,3.71,144,2020,3
2020-01-04 00:00:00+00:00,1.3985347222222222,7.74,144,2020,4
2020-01-05 00:00:00+00:00,2.2067847222222223,5.459,144,2020,5
2020-01-06 00:00:00+00:00,1.3777777777777778,3.44,144,2020,6
2020-01-07 00:00:00+00:00,1.6070972222222222,5.499,144,2020,7
2020-01-08 00:00:00+00:00,1.3325555555555555,2.9560000000000004,144,2020,8
2020-01-09 00:00:00+00:00,1.7669444444444444,4.6610000000000005,144,2020,9
2020-01-10 00:00:00+00:00,2.870090277777778,7.282,144,2020,10
2020-01-11 00:00:00+00:00,2.068548611111111,5.819,144,2020,11
2020-01-12 00:00:00+00:00,1.6639375,3.293,144,2020,12
2020-01-13 00:00:00+00:00,1.5650694444444444,3.073,144,2020,13
2020-01-14 00:00:00+00:00,2.004986111111111,5.396,144,2020,14
2020-01-15 00:00:00+00:00,2.0468680555555556,5.946000000000001,144,2020,15
2020-01-16 00:00:00+00:00,1.7435208333333334,5.818,144,2020,16
2020-01-17 00:00:00+00:00,1.5961805555555555,4.276,144,2020,17
2020-01-18 00:00:00+00:00,3.2731805555555558,7.556,144,2020,18
2020-01-19 00:00:00+00:00,6.4777152777777784,10.18,144,2020,19
2020-01-20 00:00:00+00:00,6.151756944444444,10.59,144,2020,20
2020-01-21 00:00:00+00:00,1.8474444444444442,4.098,144,2020,21
2020-01-22 00:00:00+00:00,1.3550347222222223,2.637,144,2020,22
2020-01-23 00:00:00+00:00,2.1872986111111112,5.092,144,2020,23
2020-01-24 00:00:00+00:00,1.378486111111111,3.0860000000000003,144,2020,24
2020-01-25 00:00:00+00:00,1.3234374999999998,2.7089999999999996,144,2020,25
2020-01-26 00:00:00+00:00,1.1730972222222222,2.785,144,2020,26
2020-01-27 00:00:00+00:00,2.246534722222222,8.89,144,2020,27
2020-01-28 00:00:00+00:00,9.970979166666666,15.54,144,2020,28
2020-01-29 00:00:00+00:00,6.927458333333333,12.62,144,2020,29
2020-01-30 00:00:00+00:00,1.280388888888889,5.237,144,2020,30
2020-01-31 00:00:00+00:00,1.6356458333333332,5.175,144,2020,31
2020-02-01 00:00:00+00:00,3.15725,8.48,144,2020,32
2020-02-02 00:00:00+00:00,2.517611111111111,9.35,144,2020,33
2020-02-03 00:00:00+00:00,4.170138888888889,8.08,144,2020,34
2020-02-04 00:00:00+00:00,4.2997708333333335,14.19,144,2020,35
2020-02-05 00:00:00+00:00,4.029034722222223,8.41,144,2020,36
2020-02-06 00:00:00+00:00,2.161645833333333,7.255,144,2020,37
2020-02-07 00:00:00+00:00,1.4251805555555555,2.354,144,2020,38
2020-02-08 00:00:00+00:00,1.3399583333333334,2.2880000000000003,144,2020,39
2020-02-09 00:00:00+00:00,3.270138888888889,9.26,144,2020,40
2020-02-10 00:00:00+00:00,8.253944444444445,15.77,144,2020,41
2020-02-11 00:00:00+00:00,8.171368055555554,14.07,144,2020,42
2020-02-12 00:00:00+00:00,4.862895833333334,9.65,144,2020,43
2020-02-13 00:00:00+00:00,4.906777777777778,13.52,144,2020,44
2020-02-14 00:00:00+00:00,3.5248541666666666,11.88,144,2020,45
2020-02-15 00:00:00+00:00,1.249236111111111,2.8139999999999996,144,2020,46
2020-02-16 00:00:00+00:00,2.034194444444444,4.9319999999999995,144,2020,47
2020-02-17 00:00:00+00:00,2.7781180555555554,7.353,144,2020,48
2020-02-18 00:00:00+00:00,2.261347222222222,4.571000000000001,144,2020,49
2020-02-19 00:00:00+00:00,4.835881944444444,9.69,144,2020,50
2020-02-20 00:00:00+00:00,1.7051388888888888,4.754,144,2020,51
2020-02-21 00:00:00+00:00,2.028076388888889,5.654,144,2020,52
2020-02-22 00:00:00+00:00,1.2730277777777779,2.977,144,2020,53
2020-02-23 00:00:00+00:00,1.613159722222222,3.638,144,2020,54
2020-02-24 00:00:00+00:00,1.448,3.515,143,2020,55
2020-02-25 00:00:00+00:00,5.000256944444445,14.58,144,2020,56
2020-02-26 00:00:00+00:00,9.51575,14.04,144,2020,57
2020-02-27 00:00:00+00:00,5.277409722222222,10.91,144,2020,58
2020-02-28 00:00:00+00:00,2.6657569444444444,6.276,144,2020,59
2020-02-29 00:00:00+00:00,3.934145833333334,10.39,144,2020,60
2020-03-01 00:00:00+00:00,4.790597222222222,10.42,144,2020,61
2020-03-02 00:00:00+00:00,3.0121458333333333,9.15,144,2020,62
2020-03-03 00:00:00+00:00,2.5090416666666666,10.49,144,2020,63
2020-03-04 00:00:00+00:00,2.3103888888888893,4.5680000000000005,144,2020,64
2020-03-05 00:00:00+00:00,4.092611111111111,12.27,144,2020,65
2020-03-06 00:00:00+00:00,6.260993055555556,13.03,144,2020,66
2020-03-07 00:00:00+00:00,2.690451388888889,6.051,144,2020,67
2020-03-08 00:00:00+00:00,1.6673194444444444,8.05,144,2020,68
2020-03-09 00:00:00+00:00,2.8636944444444445,8.87,144,2020,69
2020-03-10 00:00:00+00:00,3.758402777777778,7.223,144,2020,70
2020-03-11 00:00:00+00:00,1.997097222222222,4.953,144,2020,71
2020-03-12 00:00:00+00:00,2.024951388888889,5.909,144,2020,72
2020-03-13 00:00:00+00:00,2.1565902777777777,5.6339999999999995,144,2020,73
2020-03-14 00:00:00+00:00,1.433923611111111,3.222,144,2020,74
2020-03-15 00:00:00+00:00,1.5547222222222221,3.7739999999999996,144,2020,75
2020-03-16 00:00:00+00:00,0.9820833333333332,2.316,144,2020,76
2020-03-17 00:00:00+00:00,1.0556736111111111,2.476,144,2020,77
2020-03-18 00:00:00+00:00,0.8962083333333334,1.8630000000000002,144,2020,78
2020-03-19 00:00:00+00:00,1.1029652777777779,2.597,144,2020,79
2020-03-20 00:00:00+00:00,1.450597222222222,4.32,144,2020,80
2020-03-21 00:00:00+00:00,2.114770833333333,9.08,144,2020,81
2020-03-22 00:00:00+00:00,4.1226666666666665,9.09,144,2020,82
2020-03-23 00:00:00+00:00,4.066729166666667,7.916,144,2020,83
2020-03-24 00:00:00+00:00,4.120555555555556,8.27,144,2020,84
2020-03-25 00:00:00+00:00,4.4294722222222225,8.79,144,2020,85
2020-03-26 00:00:00+00:00,4.044694444444445,9.55,144,2020,86
2020-03-27 00:00:00+00:00,1.1278402777777776,2.273,144,2020,87
2020-03-28 00:00:00+00:00,1.507861111111111,5.891,144,2020,88
2020-03-29 00:00:00+00:00,4.822145833333334,10.26,144,2020,89
2020-03-30 00:00:00+00:00,9.178145833333334,11.44,144,2020,90
2020-03-31 00:00:00+00:00,4.8270486111111115,9.78,144,2020,91
2020-04-01 00:00:00+00:00,1.2407291666666667,2.835,144,2020,92
2020-04-02 00:00:00+00:00,1.6921736111111112,6.359,144,2020,93
2020-04-03 00:00:00+00:00,2.9849375,8.51,144,2020,94
2020-04-04 00:00:00+00:00,1.7110694444444445,6.351,144,2020,95
2020-04-05 00:00:00+00:00,1.2048055555555555,2.571,144,2020,96
2020-04-06 00:00:00+00:00,1.2686875,2.63,144,2020,97
2020-04-07 00:00:00+00:00,1.2341805555555556,2.613,144,2020,98
2020-04-08 00:00:00+00:00,1.1342708333333333,2.358,144,2020,99
2020-04-09 00:00:00+00:00,1.8076944444444445,6.249,144,2020,100
2020-04-10 00:00:00+00:00,1.0188194444444445,2.499,144,2020,101
2020-04-11 00:00:00+00:00,1.1301736111111111,2.6319999999999997,144,2020,102
2020-04-12 00:00:00+00:00,1.9300555555555556,5.197,144,2020,103
2020-04-13 00:00:00+00:00,2.7319305555555555,11.88,144,2020,104
2020-04-14 00:00:00+00:00,7.167819444444444,12.59,144,2020,105
2020-04-15 00:00:00+00:00,1.161173611111111,3.259,144,2020,106
2020-04-16 00:00:00+00:00,1.2726388888888889,3.17,144,2020,107
2020-04-17 00:00:00+00:00,1.2629583333333334,4.113,144,2020,108
2020-04-18 00:00:00+00:00,1.7401944444444444,6.874,144,2020,109
2020-04-19 00:00:00+00:00,1.1945416666666668,3.409,144,2020,110
2020-04-20 00:00:00+00:00,2.5357916666666664,7.336,144,2020,111
2020-04-21 00:00:00+00:00,1.7869583333333334,4.02,144,2020,112
2020-04-22 00:00:00+00:00,1.0756041666666667,3.85,144,2020,113
2020-04-23 00:00:00+00:00,1.366923611111111,3.641,144,2020,114
2020-04-24 00:00:00+00:00,1.1507847222222223,2.239,144,2020,115
2020-04-25 00:00:00+00:00,1.897173611111111,4.57,144,2020,116
2020-04-26 00:00:00+00:00,2.2618263888888888,4.933,144,2020,117
2020-04-27 00:00:00+00:00,1.5508680555555554,9.06,144,2020,118
2020-04-28 00:00:00+00:00,3.2363125,8.97,144,2020,119
2020-04-29 00:00:00+00:00,2.742048611111111,10.24,144,2020,120
2020-04-30 00:00:00+00:00,2.0683680555555553,5.7620000000000005,144,2020,121
2020-05-01 00:00:00+00:00,4.538916666666667,13.82,144,2020,122
2020-05-02 00:00:00+00:00,3.6678611111111112,9.69,144,2020,123
2020-05-03 00:00:00+00:00,1.638486111111111,3.785,144,2020,124
2020-05-04 00:00:00+00:00,1.850402777777778,5.768,144,2020,125
2020-05-05 00:00:00+00:00,1.731090277777778,5.89,144,2020,126
2020-05-06 00:00:00+00:00,3.5037361111111114,7.19,144,2020,127
2020-05-07 00:00:00+00:00,1.6903263888888889,5.398,144,2020,128
2020-05-08 00:00:00+00:00,1.3794305555555555,4.2010000000000005,144,2020,129
2020-05-09 00:00:00+00:00,1.8417430555555556,4.962,144,2020,130
2020-05-10 00:00:00+00:00,1.6161597222222222,4.626,144,2020,131
2020-05-11 00:00:00+00:00,3.7149375,13.07,144,2020,132
2020-05-12 00:00:00+00:00,2.523361111111111,5.207000000000001,144,2020,133
2020-05-13 00:00:00+00:00,1.8242500000000001,7.246,144,2020,134
2020-05-14 00:00:00+00:00,4.236472222222222,9.35,144,2020,135
2020-05-15 00:00:00+00:00,3.835770833333333,6.316,144,2020,136
2020-05-16 00:00:00+00:00,2.2537708333333333,6.531000000000001,144,2020,137
2020-05-17 00:00:00+00:00,4.527777777777778,8.32,144,2020,138
2020-05-18 00:00:00+00:00,2.559548611111111,7.149,144,2020,139
2020-05-19 00:00:00+00:00,5.783180555555556,10.8,144,2020,140
2020-05-20 00:00:00+00:00,8.456944444444444,10.91,144,2020,141
2020-05-21 00:00:00+00:00,1.9093263888888887,6.605,144,2020,142
2020-05-22 00:00:00+00:00,1.3327013888888888,2.9730000000000003,144,2020,143
2020-05-23 00:00:00+00:00,2.860638888888889,9.93,144,2020,144
2020-05-24 00:00:00+00:00,3.622444444444444,8.54,144,2020,145
2020-05-25 00:00:00+00:00,6.172548611111111,10.99,144,2020,146
2020-05-26 00:00:00+00:00,5.926083333333334,9.96,144,2020,147
2020-05-27 00:00:00+00:00,2.8412222222222225,9.54,144,2020,148
2020-05-28 00:00:00+00:00,4.583763888888889,11.72,144,2020,149
2020-05-29 00:00:00+00:00,7.314708333333333,11.85,144,2020,150
2020-05-30 00:00:00+00:00,2.7566458333333332,9.31,144,2020,151
2020-05-31 00:00:00+00:00,2.187736111111111,8.82,144,2020,152
2020-06-01 00:00:00+00:00,1.3700416666666666,4.459,144,2020,153
2020-06-02 00:00:00+00:00,1.4893611111111111,6.055,144,2020,154
2020-06-03 00:00:00+00:00,2.1531180555555554,10.18,144,2020,155
2020-06-04 00:00:00+00:00,2.1209375,5.58,144,2020,156
2020-06-05 00:00:00+00:00,5.939069444444445,11.74,144,2020,157
2020-06-06 00:00:00+00:00,3.1372222222222224,7.519,144,2020,158
2020-06-07 00:00:00+00:00,1.3547361111111111,4.833,144,2020,159
2020-06-08 00:00:00+00:00,3.865013888888889,7.478,144,2020,160
2020-06-09 00:00:00+00:00,2.610125,5.761,144,2020,161
2020-06-10 00:00:00+00:00,0.9543611111111111,2.113,144,2020,162
2020-06-11 00:00:00+00:00,1.3852013888888888,4.828,144,2020,163
2020-06-12 00:00:00+00:00,1.729263888888889,4.276,144,2020,164
2020-06-13 00:00:00+00:00,2.3322430555555558,14.51,144,2020,165
2020-06-14 00:00:00+00:00,1.5268055555555557,3.7460000000000004,144,2020,166
2020-06-15 00:00:00+00:00,2.0798819444444443,6.484,144,2020,167
2020-06-16 00:00:00+00:00,1.8816875000000002,6.6579999999999995,144,2020,168
2020-06-19 00:00:00+00:00,2.2422013888888888,7.886,144,2020,171
2020-06-20 00:00:00+00:00,2.2899652777777777,5.797000000000001,144,2020,172
2020-06-21 00:00:00+00:00,1.4760972222222222,4.752,144,2020,173
2020-06-22 00:00:00+00:00,4.345923611111111,9.43,144,2020,174
2020-06-23 00:00:00+00:00,2.225715277777778,8.03,144,2020,175
2020-06-24 00:00:00+00:00,1.8723958333333333,5.024,144,2020,176
2020-06-25 00:00:00+00:00,1.5775833333333333,4.363,144,2020,177
2020-06-26 00:00:00+00:00,1.9589027777777777,7.5489999999999995,144,2020,178
2020-06-27 00:00:00+00:00,1.840326388888889,6.457000000000001,144,2020,179
2020-06-28 00:00:00+00:00,2.425840277777778,6.9239999999999995,144,2020,180
2020-06-29 00:00:00+00:00,3.149638888888889,7.835,144,2020,181
2020-06-30 00:00:00+00:00,1.4675902777777778,3.635,144,2020,182
2020-07-01 00:00:00+00:00,2.2759166666666664,12.67,144,2020,183
2020-07-02 00:00:00+00:00,2.681375,6.827000000000001,144,2020,184
2020-07-03 00:00:00+00:00,3.116125,6.369,144,2020,185
2020-07-04 00:00:00+00:00,1.5196293706293706,3.4410000000000003,143,2020,186
2020-07-05 00:00:00+00:00,1.3392708333333332,2.71,144,2020,187
2020-07-06 00:00:00+00:00,4.213548148148147,8.77,135,2020,188
2020-07-07 00:00:00+00:00,4.626048611111111,9.61,144,2020,189
2020-07-08 00:00:00+00:00,1.2020972222222222,3.498,144,2020,190
2020-07-10 00:00:00+00:00,2.5992291666666665,8.96,144,2020,192
2020-07-11 00:00:00+00:00,3.453034722222222,9.21,144,2020,193
2020-07-12 00:00:00+00:00,4.240847222222222,8.31,144,2020,194
2020-07-13 00:00:00+00:00,1.5098402777777777,5.443,144,2020,195
2020-07-14 00:00:00+00:00,1.6934583333333333,3.4530000000000003,144,2020,196
2020-07-15 00:00:00+00:00,2.348708333333333,8.44,144,2020,197
2020-07-16 00:00:00+00:00,2.48448951048951,5.433,143,2020,198
2020-07-17 00:00:00+00:00,3.7812847222222223,7.178,144,2020,199
2020-07-18 00:00:00+00:00,4.467590277777777,8.63,144,2020,200
2020-07-19 00:00:00+00:00,1.4722569444444444,4.306,144,2020,201
2020-07-20 00:00:00+00:00,1.2413611111111111,2.815,144,2020,202
2020-07-21 00:00:00+00:00,2.085256944444444,8.79,144,2020,203
2020-07-22 00:00:00+00:00,4.131583333333333,9.43,144,2020,204
2020-07-23 00:00:00+00:00,3.459423611111111,8.33,144,2020,205
2020-07-24 00:00:00+00:00,3.1380625,7.968,144,2020,206
2020-07-25 00:00:00+00:00,1.7739791666666667,3.8689999999999998,144,2020,207
2020-07-26 00:00:00+00:00,2.9573958333333334,6.459,144,2020,208
2020-07-27 00:00:00+00:00,1.5963194444444444,3.009,144,2020,209
2020-07-28 00:00:00+00:00,2.403201388888889,7.642,144,2020,210
2020-07-29 00:00:00+00:00,1.7026319444444444,5.938,144,2020,211
2020-07-30 00:00:00+00:00,1.642763888888889,5.2139999999999995,144,2020,212
2020-07-31 00:00:00+00:00,1.7852986111111109,6.977,144,2020,213
2020-08-01 00:00:00+00:00,2.7471527777777776,10.09,144,2020,214
2020-08-02 00:00:00+00:00,2.0235555555555553,5.81,144,2020,215
2020-08-03 00:00:00+00:00,2.414326388888889,7.365,144,2020,216
2020-08-04 00:00:00+00:00,4.081729166666666,9.14,144,2020,217
2020-08-05 00:00:00+00:00,3.615166666666666,7.832000000000001,144,2020,218
2020-08-06 00:00:00+00:00,1.2671388888888888,3.653,144,2020,219
2020-08-07 00:00:00+00:00,1.066284722222222,2.267,144,2020,220
2020-08-08 00:00:00+00:00,1.2305555555555554,2.957,144,2020,221
2020-08-09 00:00:00+00:00,1.277972222222222,3.455,144,2020,222
2020-08-10 00:00:00+00:00,2.7794027777777774,9.05,144,2020,223
2020-08-11 00:00:00+00:00,2.4761736111111112,8.07,144,2020,224
2020-08-12 00:00:00+00:00,4.984597222222223,15.99,144,2020,225
2020-08-13 00:00:00+00:00,3.4242013888888887,14.6,144,2020,226
2020-08-14 00:00:00+00:00,1.6016249999999999,3.728,144,2020,227
2020-08-15 00:00:00+00:00,1.2855555555555556,2.9530000000000003,144,2020,228
2020-08-16 00:00:00+00:00,2.1044930555555554,10.99,144,2020,229
2020-08-17 00:00:00+00:00,2.274451388888889,5.602,144,2020,230
2020-08-18 00:00:00+00:00,1.7900069444444446,7.101,144,2020,231
2020-08-19 00:00:00+00:00,1.6413819444444444,4.994,144,2020,232
2020-08-20 00:00:00+00:00,1.4623333333333333,3.484,144,2020,233
2020-08-21 00:00:00+00:00,1.599236111111111,4.021,144,2020,234
2020-08-22 00:00:00+00:00,2.681416666666667,6.025,144,2020,235
2020-08-23 00:00:00+00:00,2.9440347222222223,5.774,144,2020,236
2020-08-24 00:00:00+00:00,2.8199375,6.31,144,2020,237
2020-08-25 00:00:00+00:00,2.000125,6.021,144,2020,238
2020-08-26 00:00:00+00:00,4.968972222222223,9.02,144,2020,239
2020-08-27 00:00:00+00:00,1.6847777777777777,3.182,144,2020,240
2020-08-28 00:00:00+00:00,4.1697847222222215,13.05,144,2020,241
2020-08-29 00:00:00+00:00,2.0232361111111112,4.061,144,2020,242
2020-08-30 00:00:00+00:00,2.7298402777777775,8.01,144,2020,243
2020-08-31 00:00:00+00:00,2.3451319444444447,5.577999999999999,144,2020,244
2020-09-01 00:00:00+00:00,3.5929583333333333,7.138,144,2020,245
2020-09-02 00:00:00+00:00,2.3966319444444446,5.45,144,2020,246
2020-09-03 00:00:00+00:00,1.4634027777777776,4.131,144,2020,247
2020-09-04 00:00:00+00:00,1.4665694444444446,4.209,144,2020,248
2020-09-05 00:00:00+00:00,1.8967083333333332,6.178,144,2020,249
2020-09-06 00:00:00+00:00,2.9046363636363637,6.235,143,2020,250
2020-09-07 00:00:00+00:00,6.4129652777777775,9.43,144,2020,251
2020-09-08 00:00:00+00:00,1.348263888888889,4.873,144,2020,252
2020-09-09 00:00:00+00:00,1.2742847222222222,2.4859999999999998,144,2020,253
2020-09-10 00:00:00+00:00,2.052701388888889,5.311,144,2020,254
2020-09-11 00:00:00+00:00,1.589236111111111,4.852,144,2020,255
2020-09-12 00:00:00+00:00,1.2004027777777777,3.489,144,2020,256
2020-09-13 00:00:00+00:00,1.3680625,4.417,144,2020,257
2020-09-14 00:00:00+00:00,1.116826388888889,2.253,144,2020,258
2020-09-15 00:00:00+00:00,1.4062708333333331,4.762,144,2020,259
2020-09-16 00:00:00+00:00,2.4691388888888888,7.837999999999999,144,2020,260
2020-09-17 00:00:00+00:00,3.975506944444444,9.3,144,2020,261
2020-09-18 00:00:00+00:00,1.2500069444444444,3.1289999999999996,144,2020,262
2020-09-19 00:00:00+00:00,1.911909722222222,4.66,144,2020,263
2020-09-20 00:00:00+00:00,1.9963125,7.106,144,2020,264
2020-09-21 00:00:00+00:00,1.5788472222222223,3.1519999999999997,144,2020,265
2020-09-22 00:00:00+00:00,2.089777777777778,9.3,144,2020,266
2020-09-23 00:00:00+00:00,2.2702291666666667,5.987,144,2020,267
2020-09-24 00:00:00+00:00,4.458756944444445,10.6,144,2020,268
2020-09-25 00:00:00+00:00,5.720381944444444,10.83,144,2020,269
2020-09-26 00:00:00+00:00,5.860138888888889,12.76,144,2020,270
2020-09-27 00:00:00+00:00,7.805000000000001,11.85,144,2020,271
2020-09-28 00:00:00+00:00,4.593118055555555,9.73,144,2020,272
2020-09-29 00:00:00+00:00,3.2719791666666667,8.87,144,2020,273
2020-09-30 00:00:00+00:00,1.6054027777777777,3.543,144,2020,274
2020-10-01 00:00:00+00:00,1.9578541666666665,6.992999999999999,144,2020,275
2020-10-02 00:00:00+00:00,3.1070069444444446,15.3,144,2020,276
2020-10-03 00:00:00+00:00,5.184138888888889,13.72,144,2020,277
2020-10-04 00:00:00+00:00,6.695201388888889,16.59,144,2020,278
2020-10-05 00:00:00+00:00,7.900402777777777,13.07,144,2020,279
2020-10-06 00:00:00+00:00,5.971347222222223,9.06,144,2020,280
2020-10-07 00:00:00+00:00,5.7482291666666665,10.65,144,2020,281
2020-10-08 00:00:00+00:00,1.8513611111111112,4.989,144,2020,282
2020-10-09 00:00:00+00:00,1.8331527777777776,4.966,144,2020,283
2020-10-10 00:00:00+00:00,2.325659722222222,6.126,144,2020,284
2020-10-11 00:00:00+00:00,3.3771597222222223,6.909,144,2020,285
2020-10-12 00:00:00+00:00,3.8592708333333334,6.605,144,2020,286
2020-10-13 00:00:00+00:00,1.946576388888889,5.454,144,2020,287
2020-10-14 00:00:00+00:00,3.702034722222222,8.48,144,2020,288
2020-10-15 00:00:00+00:00,6.485118055555556,10.94,144,2020,289
2020-10-16 00:00:00+00:00,6.246812500000001,9.16,144,2020,290
2020-10-17 00:00:00+00:00,1.8914930555555556,4.81,144,2020,291
2020-10-18 00:00:00+00:00,2.076326388888889,4.505,144,2020,292
2020-10-19 00:00:00+00:00,1.523048611111111,2.521,144,2020,293
2020-10-20 00:00:00+00:00,1.5371805555555556,3.513,144,2020,294
2020-10-21 00:00:00+00:00,1.3024444444444443,4.255,144,2020,295
2020-10-22 00:00:00+00:00,1.1178125,2.807,144,2020,296
2020-10-23 00:00:00+00:00,1.269423611111111,5.171,144,2020,297
2020-10-24 00:00:00+00:00,1.3709027777777778,2.718,144,2020,298
2020-10-25 00:00:00+00:00,1.5560347222222222,3.978,144,2020,299
2020-10-26 00:00:00+00:00,2.5999861111111113,7.183,144,2020,300
2020-10-27 00:00:00+00:00,3.4599930555555556,5.856,144,2020,301
2020-10-28 00:00:00+00:00,2.629868055555556,7.871,144,2020,302
2020-10-29 00:00:00+00:00,3.009534722222222,8.71,144,2020,303
2020-10-30 00:00:00+00:00,1.0622708333333335,2.09,144,2020,304
2020-10-31 00:00:00+00:00,1.5992916666666668,3.236,144,2020,305
2020-11-01 00:00:00+00:00,1.0922708333333333,2.4930000000000003,144,2020,306
2020-11-02 00:00:00+00:00,0.9383124999999999,3.0269999999999997,144,2020,307
2020-11-03 00:00:00+00:00,2.353666666666667,5.757000000000001,144,2020,308
2020-11-04 00:00:00+00:00,4.3475,8.04,144,2020,309
2020-11-05 00:00:00+00:00,3.651763888888889,6.356,144,2020,310
2020-11-06 00:00:00+00:00,1.6463680555555555,4.05,144,2020,311
2020-11-07 00:00:00+00:00,1.2144097222222223,2.49,144,2020,312
2020-11-08 00:00:00+00:00,1.0500555555555555,1.966,144,2020,313
2020-11-09 00:00:00+00:00,1.3843958333333335,2.5340000000000003,144,2020,314
2020-11-10 00:00:00+00:00,1.4711527777777778,2.9,144,2020,315
2020-11-11 00:00:00+00:00,1.801875,3.8369999999999997,144,2020,316
2020-11-12 00:00:00+00:00,1.7888680555555554,6.354,144,2020,317
2020-11-16 00:00:00+00:00,3.244188811188811,8.21,143,2020,321
2020-11-17 00:00:00+00:00,1.5104097222222221,3.035,144,2020,322
2020-11-18 00:00:00+00:00,1.4447083333333335,2.32,144,2020,323
2020-11-19 00:00:00+00:00,2.4469097222222222,6.62,144,2020,324
2020-11-20 00:00:00+00:00,5.8779375,10.54,144,2020,325
2020-11-21 00:00:00+00:00,2.570402777777778,5.226,144,2020,326
2020-11-22 00:00:00+00:00,1.5770694444444446,2.815,144,2020,327
2020-11-23 00:00:00+00:00,1.5436041666666667,3.928,144,2020,328
2020-11-24 00:00:00+00:00,1.916236111111111,3.845,144,2020,329
2020-11-25 00:00:00+00:00,1.6839305555555555,3.127,144,2020,330
2020-11-26 00:00:00+00:00,1.799090277777778,3.218,144,2020,331
2020-11-27 00:00:00+00:00,1.4940625,3.145,144,2020,332
2020-11-28 00:00:00+00:00,3.0349791666666666,6.782,144,2020,333
2020-11-29 00:00:00+00:00,4.401583333333333,5.625,144,2020,334
2020-11-30 00:00:00+00:00,2.5929305555555557,4.0889999999999995,144,2020,335
2020-12-01 00:00:00+00:00,1.9830694444444446,5.544,144,2020,336
2020-12-02 00:00:00+00:00,4.061909722222222,7.492999999999999,144,2020,337
2020-12-03 00:00:00+00:00,2.342076388888889,6.291,144,2020,338
2020-12-04 00:00:00+00:00,2.679236111111111,7.525,144,2020,339
2020-12-05 00:00:00+00:00,1.822986111111111,5.207999999999999,144,2020,340
2020-12-06 00:00:00+00:00,1.6612291666666668,3.622,144,2020,341
2020-12-07 00:00:00+00:00,2.982152777777778,7.449,144,2020,342
2020-12-08 00:00:00+00:00,1.7329444444444446,5.532,144,2020,343
2020-12-10 00:00:00+00:00,1.851625,4.159,144,2020,345
2020-12-11 00:00:00+00:00,2.340923611111111,8.05,144,2020,346
2020-12-12 00:00:00+00:00,4.718638888888889,8.57,144,2020,347
2020-12-13 00:00:00+00:00,1.5053888888888889,3.878,144,2020,348
2020-12-14 00:00:00+00:00,1.5864861111111113,3.162,144,2020,349
2020-12-15 00:00:00+00:00,1.1128888888888888,2.9560000000000004,144,2020,350
2020-12-16 00:00:00+00:00,1.6279652777777778,3.9589999999999996,144,2020,351
2020-12-17 00:00:00+00:00,1.1635,2.314,144,2020,352
2020-12-18 00:00:00+00:00,1.2115208333333334,3.048,144,2020,353
2020-12-19 00:00:00+00:00,1.2476111111111112,2.8289999999999997,144,2020,354
2020-12-20 00:00:00+00:00,1.047986111111111,3.002,144,2020,355
2020-12-21 00:00:00+00:00,2.0234722222222223,5.332000000000001,144,2020,356
2020-12-22 00:00:00+00:00,2.481375,5.327000000000001,144,2020,357
2020-12-23 00:00:00+00:00,1.5814791666666668,5.045,144,2020,358
2020-12-24 00:00:00+00:00,6.056041666666667,10.73,144,2020,359
2020-12-25 00:00:00+00:00,4.219194444444444,9.48,144,2020,360
2020-12-26 00:00:00+00:00,4.495395833333333,8.53,144,2020,361
2020-12-27 00:00:00+00:00,4.434104166666667,12.49,144,2020,362
2020-12-28 00:00:00+00:00,7.173979166666667,14.05,144,2020,363
2020-12-29 00:00:00+00:00,6.6110138888888885,14.53,144,2020,364
2021-01-05 00:00:00+00:00,4.80327536231884,6.358,69,2021,5
2021-01-06 00:00:00+00:00,2.31,6.002000000000001,144,2021,6
2021-01-07 00:00:00+00:00,2.5505347222222223,4.35,144,2021,7
2021-01-08 00:00:00+00:00,3.607722222222222,5.9110000000000005,144,2021,8
2021-01-09 00:00:00+00:00,4.129041666666667,7.454,144,2021,9
2021-01-10 00:00:00+00:00,5.493555555555556,7.981,144,2021,10
2021-01-11 00:00:00+00:00,3.410166666666667,6.539,144,2021,11
2021-01-12 00:00:00+00:00,2.3449722222222222,5.441,144,2021,12
2021-01-13 00:00:00+00:00,2.7060625,6.593,144,2021,13
2021-01-14 00:00:00+00:00,4.197923611111111,6.697,144,2021,14
2021-01-15 00:00:00+00:00,4.024013888888889,9.51,144,2021,15
2021-01-16 00:00:00+00:00,2.4751041666666667,7.265,144,2021,16
2021-01-17 00:00:00+00:00,2.1944999999999997,7.652,144,2021,17
2021-01-18 00:00:00+00:00,1.5281875,4.445,144,2021,18
2021-01-19 00:00:00+00:00,1.878423611111111,3.766,144,2021,19
2021-01-20 00:00:00+00:00,2.1150486111111113,6.581,144,2021,20
2021-01-21 00:00:00+00:00,2.5379097222222224,12.47,144,2021,21
2021-01-22 00:00:00+00:00,3.3763541666666668,9.0,144,2021,22
2021-01-23 00:00:00+00:00,5.308756944444444,13.29,144,2021,23
2021-01-24 00:00:00+00:00,3.522152777777778,10.89,144,2021,24
2021-01-25 00:00:00+00:00,5.918902777777777,12.09,144,2021,25
2021-01-26 00:00:00+00:00,1.9174375,4.184,144,2021,26
2021-01-27 00:00:00+00:00,2.468048611111111,8.93,144,2021,27
2021-01-28 00:00:00+00:00,1.9969097222222223,4.845,144,2021,28
2021-01-29 00:00:00+00:00,5.3831875,11.22,144,2021,29
2021-01-30 00:00:00+00:00,1.8937638888888888,5.825,144,2021,30
2021-01-31 00:00:00+00:00,1.1708888888888889,5.142,144,2021,31
2021-02-01 00:00:00+00:00,4.202118055555555,8.44,144,2021,32
2021-02-02 00:00:00+00:00,1.4936180555555554,5.232,144,2021,33
2021-02-03 00:00:00+00:00,3.045111111111111,9.42,144,2021,34
2021-02-04 00:00:00+00:00,1.3481458333333334,6.12,144,2021,35
2021-02-05 00:00:00+00:00,1.1019930555555557,4.635,144,2021,36
2021-02-06 00:00:00+00:00,1.4920277777777777,4.263999999999999,144,2021,37
2021-02-07 00:00:00+00:00,4.5795763888888885,8.96,144,2021,38
2021-02-08 00:00:00+00:00,5.170083333333333,10.38,144,2021,39
2021-02-09 00:00:00+00:00,3.0314444444444444,7.216,144,2021,40
2021-02-10 00:00:00+00:00,2.274722222222222,9.57,144,2021,41
2021-02-11 00:00:00+00:00,3.9686458333333334,6.1979999999999995,144,2021,42
2021-02-12 00:00:00+00:00,2.764034965034965,5.01,143,2021,43
2021-02-13 00:00:00+00:00,3.413034722222222,5.393,144,2021,44
2021-02-14 00:00:00+00:00,1.848097222222222,4.448,144,2021,45
2021-02-15 00:00:00+00:00,2.0599097222222222,5.063,144,2021,46
2021-02-16 00:00:00+00:00,1.5742291666666666,3.963,144,2021,47
2021-02-17 00:00:00+00:00,1.3807013888888888,3.0210000000000004,144,2021,48
2021-02-18 00:00:00+00:00,1.260736111111111,3.694,144,2021,49
2021-02-19 00:00:00+00:00,1.3406597222222223,3.41,144,2021,50
2021-02-20 00:00:00+00:00,1.1119652777777778,2.6860000000000004,144,2021,51
2021-02-21 00:00:00+00:00,1.0911458333333333,2.6189999999999998,144,2021,52
2021-02-22 00:00:00+00:00,1.1590416666666665,3.286,144,2021,53
2021-02-23 00:00:00+00:00,0.7859097222222222,2.399,144,2021,54
2021-02-26 00:00:00+00:00,1.032701388888889,5.9239999999999995,144,2021,57
2021-03-03 00:00:00+00:00,0.6102569444444444,1.672,144,2021,62
2021-03-04 00:00:00+00:00,0.9282152777777779,2.546,144,2021,63
2021-03-06 00:00:00+00:00,3.1034305555555557,7.585,144,2021,65
2021-03-07 00:00:00+00:00,1.0825,2.803,144,2021,66
2021-03-08 00:00:00+00:00,2.6160069444444445,7.164,144,2021,67
2021-03-09 00:00:00+00:00,1.9230208333333334,6.0520000000000005,144,2021,68
2021-03-10 00:00:00+00:00,1.471451388888889,4.503,144,2021,69
2021-03-11 00:00:00+00:00,4.622069444444445,10.61,144,2021,70
2021-03-12 00:00:00+00:00,4.688993055555556,10.21,144,2021,71
2021-03-13 00:00:00+00:00,8.304298611111111,13.36,144,2021,72
2021-03-14 00:00:00+00:00,6.100388888888889,12.96,144,2021,73
2021-03-15 00:00:00+00:00,3.785715277777778,7.694,144,2021,74
2021-03-17 00:00:00+00:00,1.4904722222222224,3.82,144,2021,76
2021-03-18 00:00:00+00:00,5.3774375,9.11,144,2021,77
2021-03-19 00:00:00+00:00,5.4057361111111115,10.76,144,2021,78
2021-03-20 00:00:00+00:00,7.4515,10.76,144,2021,79
2021-03-21 00:00:00+00:00,3.8708680555555555,7.513,144,2021,80
2021-03-22 00:00:00+00:00,7.459076388888889,9.96,144,2021,81
2021-03-23 00:00:00+00:00,2.160361111111111,7.141,144,2021,82
2021-03-24 00:00:00+00:00,1.2343333333333333,2.2680000000000002,144,2021,83
2021-03-25 00:00:00+00:00,1.150611111111111,2.327,144,2021,84
2021-03-26 00:00:00+00:00,1.8562291666666668,10.81,144,2021,85
2021-03-27 00:00:00+00:00,3.3724444444444446,8.59,144,2021,86
2021-03-28 00:00:00+00:00,1.2566666666666668,2.645,144,2021,87
2021-03-29 00:00:00+00:00,0.9573055555555556,2.002,144,2021,88
2021-03-30 00:00:00+00:00,0.9382430555555555,2.109,144,2021,89
2021-03-31 00:00:00+00:00,0.8517569444444445,2.094,144,2021,90
2021-04-01 00:00:00+00:00,0.88,2.29,144,2021,91
2021-04-02 00:00:00+00:00,3.0711666666666666,10.99,144,2021,92
2021-04-03 00:00:00+00:00,6.839048611111111,14.04,144,2021,93
2021-04-04 00:00:00+00:00,3.811,8.77,144,2021,94
2021-04-05 00:00:00+00:00,3.1425069444444444,9.92,144,2021,95
2021-04-06 00:00:00+00:00,5.326743055555556,9.43,144,2021,96
2021-04-07 00:00:00+00:00,2.196756944444444,7.129,144,2021,97
2021-04-08 00:00:00+00:00,1.7379444444444445,3.478,144,2021,98
2021-04-09 00:00:00+00:00,2.326159722222222,7.399,144,2021,99
2021-04-10 00:00:00+00:00,2.0330763888888885,7.97,144,2021,100
2021-04-11 00:00:00+00:00,2.5747569444444443,9.02,144,2021,101
2021-04-12 00:00:00+00:00,3.4160069444444443,7.456,144,2021,102
2021-04-13 00:00:00+00:00,6.757180555555555,10.69,144,2021,103
2021-04-14 00:00:00+00:00,5.291451388888889,10.21,144,2021,104
2021-04-15 00:00:00+00:00,5.862333333333334,9.47,144,2021,105
2021-04-19 00:00:00+00:00,2.3106666666666666,5.946000000000001,144,2021,109
2021-04-20 00:00:00+00:00,1.2926666666666666,3.7260000000000004,144,2021,110
2021-04-21 00:00:00+00:00,1.6482222222222223,5.922000000000001,144,2021,111
2021-04-22 00:00:00+00:00,3.741423611111111,9.08,144,2021,112
2021-04-30 00:00:00+00:00,1.4458041958041958,4.761,143,2021,120
2021-05-01 00:00:00+00:00,1.5086527777777778,3.611,144,2021,121
2021-05-02 00:00:00+00:00,2.0831666666666666,6.864,144,2021,122
2021-05-03 00:00:00+00:00,1.4788819444444445,4.865,144,2021,123
2021-05-04 00:00:00+00:00,5.053625,10.73,144,2021,124
2021-05-05 00:00:00+00:00,4.689111111111111,10.45,144,2021,125
2021-05-06 00:00:00+00:00,3.180138888888889,9.22,144,2021,126
2021-05-07 00:00:00+00:00,3.5021597222222223,7.686,144,2021,127
2021-05-08 00:00:00+00:00,1.8897430555555554,3.9410000000000003,144,2021,128
2021-05-09 00:00:00+00:00,3.116444444444445,10.98,144,2021,129
2021-05-10 00:00:00+00:00,1.9880555555555555,5.59,144,2021,130
2021-05-11 00:00:00+00:00,3.2542569444444442,9.21,144,2021,131
2021-05-12 00:00:00+00:00,2.1543680555555556,6.446000000000001,144,2021,132
2021-05-13 00:00:00+00:00,2.830625,12.1,144,2021,133
2021-05-14 00:00:00+00:00,2.259076388888889,4.761,144,2021,134
2021-05-15 00:00:00+00:00,2.8917152777777777,6.295,144,2021,135
2021-05-16 00:00:00+00:00,3.144055555555555,8.22,144,2021,136
2021-05-17 00:00:00+00:00,3.9384861111111116,11.04,144,2021,137
2021-05-18 00:00:00+00:00,2.493736111111111,8.01,144,2021,138
2021-05-19 00:00:00+00:00,1.867902777777778,6.194,144,2021,139
2021-05-20 00:00:00+00:00,1.7442708333333334,4.603,144,2021,140
2021-05-21 00:00:00+00:00,2.2470138888888886,5.914,144,2021,141
2021-05-22 00:00:00+00:00,2.7132708333333335,7.075,144,2021,142
2021-05-23 00:00:00+00:00,2.191263888888889,7.042999999999999,144,2021,143
2021-05-24 00:00:00+00:00,2.9638680555555554,11.87,144,2021,144
2021-05-25 00:00:00+00:00,5.1853541666666665,10.62,144,2021,145
2021-05-26 00:00:00+00:00,1.8418888888888887,6.021,144,2021,146
2021-05-27 00:00:00+00:00,2.858916666666667,7.728,144,2021,147
2021-05-28 00:00:00+00:00,1.5065594405594405,4.893,143,2021,148
2021-05-29 00:00:00+00:00,3.9676875,9.62,144,2021,149
2021-05-30 00:00:00+00:00,3.9894166666666666,9.47,144,2021,150
2021-05-31 00:00:00+00:00,1.1463472222222224,2.7760000000000002,144,2021,151
2021-06-05 00:00:00+00:00,2.1903333333333332,5.016,144,2021,156
2021-06-06 00:00:00+00:00,3.1814722222222223,7.406000000000001,144,2021,157
2021-06-07 00:00:00+00:00,3.0086041666666663,7.189,144,2021,158
2021-06-08 00:00:00+00:00,1.0864097222222222,5.1080000000000005,144,2021,159
2021-06-09 00:00:00+00:00,1.2193680555555555,5.521,144,2021,160
2021-06-10 00:00:00+00:00,3.059569444444444,7.334,144,2021,161
2021-06-11 00:00:00+00:00,2.7020416666666667,7.349,144,2021,162
2021-06-12 00:00:00+00:00,1.6890347222222222,6.093999999999999,144,2021,163
2021-06-13 00:00:00+00:00,4.026583333333333,9.06,144,2021,164
2021-06-14 00:00:00+00:00,1.2067916666666667,4.252,144,2021,165
2021-06-15 00:00:00+00:00,1.2503958333333332,3.397,144,2021,166
2021-06-16 00:00:00+00:00,1.22075,2.431,144,2021,167
2021-06-17 00:00:00+00:00,2.139666666666667,9.69,144,2021,168
2021-06-18 00:00:00+00:00,2.0425416666666667,8.56,144,2021,169
2021-06-19 00:00:00+00:00,1.5680416666666668,6.894,144,2021,170
2021-06-20 00:00:00+00:00,2.6814930555555554,14.86,144,2021,171
2021-06-21 00:00:00+00:00,2.0245069444444446,6.807,144,2021,172
2021-06-22 00:00:00+00:00,2.8985833333333333,9.39,144,2021,173
2021-06-23 00:00:00+00:00,2.503138888888889,12.93,144,2021,174
2021-06-24 00:00:00+00:00,3.526194444444444,10.06,144,2021,175
2021-06-25 00:00:00+00:00,2.3973263888888887,5.834,144,2021,176
2021-06-26 00:00:00+00:00,1.5286111111111111,2.83,144,2021,177
2021-06-27 00:00:00+00:00,1.5314513888888888,3.7939999999999996,144,2021,178
2021-06-28 00:00:00+00:00,2.3765069444444444,8.3,144,2021,179
2021-06-29 00:00:00+00:00,3.563916666666666,10.09,144,2021,180
2021-06-30 00:00:00+00:00,4.015208333333334,8.55,144,2021,181
2021-07-01 00:00:00+00:00,1.7109583333333331,3.6430000000000002,144,2021,182
2021-07-02 00:00:00+00:00,1.4969652777777778,4.904,144,2021,183
2021-07-03 00:00:00+00:00,1.2767708333333332,2.883,144,2021,184
2021-07-04 00:00:00+00:00,2.8212222222222225,8.93,144,2021,185
2021-07-05 00:00:00+00:00,1.8639930555555557,4.2589999999999995,144,2021,186
2021-07-06 00:00:00+00:00,1.8579444444444444,6.2589999999999995,144,2021,187
2021-07-07 00:00:00+00:00,1.933923611111111,5.879,144,2021,188
2021-07-08 00:00:00+00:00,2.3063055555555554,6.769,144,2021,189
2021-07-09 00:00:00+00:00,2.1698333333333335,5.266,144,2021,190
2021-07-10 00:00:00+00:00,1.9298125000000002,9.8,144,2021,191
2021-07-11 00:00:00+00:00,1.3520972222222223,2.627,144,2021,192
2021-07-12 00:00:00+00:00,2.1050555555555555,6.752999999999999,144,2021,193
2021-07-13 00:00:00+00:00,3.694694444444445,13.4,144,2021,194
2021-07-14 00:00:00+00:00,5.114819444444445,10.12,144,2021,195
2021-07-15 00:00:00+00:00,3.0022430555555553,7.047999999999999,144,2021,196
2021-07-16 00:00:00+00:00,2.529076388888889,7.557,144,2021,197
2021-07-17 00:00:00+00:00,7.129055944055945,11.56,143,2021,198
2021-07-18 00:00:00+00:00,8.295930555555556,12.43,144,2021,199
2021-07-19 00:00:00+00:00,6.803805555555556,10.22,144,2021,200
2021-07-20 00:00:00+00:00,2.5423776223776224,7.471,143,2021,201
2021-07-21 00:00:00+00:00,1.2657847222222223,4.602,144,2021,202
2021-07-22 00:00:00+00:00,1.2793541666666668,3.02,144,2021,203
2021-07-23 00:00:00+00:00,1.1641041666666667,3.284,144,2021,204
2021-07-24 00:00:00+00:00,2.0200347222222224,9.6,144,2021,205
2021-07-25 00:00:00+00:00,1.5505208333333333,3.9339999999999997,144,2021,206
2021-07-26 00:00:00+00:00,2.220756944444444,5.172000000000001,144,2021,207
2021-07-27 00:00:00+00:00,1.876527777777778,5.971,144,2021,208
2021-07-28 00:00:00+00:00,1.9348541666666665,5.337000000000001,144,2021,209
2021-07-29 00:00:00+00:00,2.035451388888889,8.24,144,2021,210
2021-07-30 00:00:00+00:00,3.140645833333333,7.825,144,2021,211
2021-07-31 00:00:00+00:00,2.0476597222222224,7.186,144,2021,212
2021-08-01 00:00:00+00:00,1.5209791666666668,4.782,144,2021,213
2021-08-02 00:00:00+00:00,1.8019305555555556,4.803,144,2021,214
2021-08-03 00:00:00+00:00,2.5443333333333333,8.17,144,2021,215
2021-08-04 00:00:00+00:00,1.4721041666666668,4.001,144,2021,216
2021-08-05 00:00:00+00:00,3.1410347222222224,8.03,144,2021,217
2021-08-06 00:00:00+00:00,2.811541666666667,8.1,144,2021,218
2021-08-07 00:00:00+00:00,2.5706458333333333,7.5329999999999995,144,2021,219
2021-08-08 00:00:00+00:00,2.9899722222222223,6.597,144,2021,220
2021-08-09 00:00:00+00:00,1.5429374999999999,3.677,144,2021,221
2021-08-10 00:00:00+00:00,1.3028888888888888,2.7539999999999996,144,2021,222
2021-08-11 00:00:00+00:00,1.0553555555555556,2.318,135,2021,223
2021-08-12 00:00:00+00:00,3.365689655172414,13.05,58,2021,224
2021-08-13 00:00:00+00:00,2.2019930555555556,9.07,144,2021,225
2021-08-14 00:00:00+00:00,0.9120555555555556,2.1590000000000003,144,2021,226
2021-08-15 00:00:00+00:00,1.6328958333333334,11.0,144,2021,227
2021-08-16 00:00:00+00:00,5.042881944444444,9.44,144,2021,228
2021-08-17 00:00:00+00:00,2.6345625,6.105,144,2021,229
2021-08-18 00:00:00+00:00,2.856,6.972,144,2021,230
2021-08-19 00:00:00+00:00,1.3336319444444444,2.8939999999999997,144,2021,231
2021-08-20 00:00:00+00:00,1.3592013888888888,2.903,144,2021,232
2021-08-21 00:00:00+00:00,1.4865833333333334,4.391,144,2021,233
2021-08-22 00:00:00+00:00,3.1587708333333335,7.511,144,2021,234
2021-08-23 00:00:00+00:00,4.8560625,9.89,144,2021,235
2021-08-24 00:00:00+00:00,6.661111111111111,10.46,144,2021,236
2021-08-25 00:00:00+00:00,2.908923611111111,7.936,144,2021,237
2021-08-26 00:00:00+00:00,2.2447638888888886,7.731,144,2021,238
2021-08-27 00:00:00+00:00,4.421798611111111,8.05,144,2021,239
2021-08-28 00:00:00+00:00,5.262201388888888,9.59,144,2021,240
2021-08-29 00:00:00+00:00,3.9645972222222223,6.916,144,2021,241
2021-08-30 00:00:00+00:00,4.721465277777778,9.36,144,2021,242
2021-08-31 00:00:00+00:00,5.069715277777778,9.92,144,2021,243
2021-09-01 00:00:00+00:00,2.8006805555555556,7.08,144,2021,244
2021-09-02 00:00:00+00:00,1.3125902777777778,2.576,144,2021,245
2021-09-03 00:00:00+00:00,1.397340277777778,2.99,144,2021,246
2021-09-04 00:00:00+00:00,1.1732291666666665,2.835,144,2021,247
2021-09-05 00:00:00+00:00,1.4802569444444444,4.082,144,2021,248
2021-09-06 00:00:00+00:00,1.293576388888889,2.951,144,2021,249
2021-09-07 00:00:00+00:00,1.1619166666666667,2.7510000000000003,144,2021,250
2021-09-08 00:00:00+00:00,1.7307847222222223,3.3960000000000004,144,2021,251
2021-09-09 00:00:00+00:00,1.5553680555555556,5.99,144,2021,252
2021-09-10 00:00:00+00:00,1.7496527777777777,5.227,144,2021,253
2021-09-11 00:00:00+00:00,1.819604166666667,5.607,144,2021,254
2021-09-12 00:00:00+00:00,1.3958263888888889,3.425,144,2021,255
2021-09-13 00:00:00+00:00,1.7489652777777778,3.988,144,2021,256
2021-09-14 00:00:00+00:00,1.3502430555555556,3.2,144,2021,257
2021-09-15 00:00:00+00:00,2.668027777777778,7.757000000000001,144,2021,258
2021-09-16 00:00:00+00:00,1.5233055555555555,3.781,144,2021,259
2021-09-17 00:00:00+00:00,1.8548611111111113,3.9019999999999997,144,2021,260
2021-09-18 00:00:00+00:00,1.428222222222222,3.702,144,2021,261
2021-09-19 00:00:00+00:00,2.9656944444444444,12.61,144,2021,262
2021-09-20 00:00:00+00:00,2.3245069444444444,4.904,144,2021,263
2021-09-21 00:00:00+00:00,3.2923472222222223,6.709,144,2021,264
2021-09-22 00:00:00+00:00,2.985368055555556,5.961,144,2021,265
2021-09-23 00:00:00+00:00,1.5122361111111111,3.865,144,2021,266
2021-09-24 00:00:00+00:00,1.3861805555555557,2.657,144,2021,267
2021-09-25 00:00:00+00:00,2.264125,7.414,144,2021,268
2021-09-26 00:00:00+00:00,2.3711944444444444,6.148,144,2021,269
2021-09-27 00:00:00+00:00,1.6890972222222222,5.006,144,2021,270
2021-09-28 00:00:00+00:00,2.2955277777777776,6.772,144,2021,271
2021-09-29 00:00:00+00:00,3.773784722222222,9.14,144,2021,272
2021-09-30 00:00:00+00:00,2.991236111111111,6.341,144,2021,273
2021-10-01 00:00:00+00:00,1.5857777777777777,4.737,144,2021,274
2021-10-02 00:00:00+00:00,2.778611111111111,7.43,144,2021,275
2021-10-03 00:00:00+00:00,2.476375,6.3229999999999995,144,2021,276
2021-10-04 00:00:00+00:00,1.6271180555555556,4.302,144,2021,277
2021-10-05 00:00:00+00:00,5.1760069444444445,11.83,144,2021,278
2021-10-06 00:00:00+00:00,2.382833333333333,6.457000000000001,144,2021,279
2021-10-07 00:00:00+00:00,6.484944444444444,10.12,144,2021,280
2021-10-08 00:00:00+00:00,4.624555555555556,7.96,144,2021,281
2021-10-09 00:00:00+00:00,3.522784722222222,6.9510000000000005,144,2021,282
2021-10-10 00:00:00+00:00,2.4019097222222223,5.3629999999999995,144,2021,283
2021-10-11 00:00:00+00:00,3.0206250000000003,6.71,144,2021,284
2021-10-12 00:00:00+00:00,3.015375,5.246,144,2021,285
2021-10-13 00:00:00+00:00,5.117763888888889,9.49,144,2021,286
2021-10-14 00:00:00+00:00,2.0002013888888888,4.61,144,2021,287
2021-10-15 00:00:00+00:00,1.4134305555555555,3.1719999999999997,144,2021,288
2021-10-16 00:00:00+00:00,1.4444652777777778,3.2230000000000003,144,2021,289
2021-10-17 00:00:00+00:00,1.4350694444444445,2.496,144,2021,290
2021-10-18 00:00:00+00:00,1.5076458333333334,3.0269999999999997,144,2021,291
2021-10-19 00:00:00+00:00,1.4689097222222223,2.8960000000000004,144,2021,292
2021-10-20 00:00:00+00:00,3.0353333333333334,11.27,144,2021,293
2021-10-21 00:00:00+00:00,6.321555555555555,14.61,144,2021,294
2021-10-22 00:00:00+00:00,3.129472222222222,7.171,144,2021,295
2021-10-23 00:00:00+00:00,3.0227291666666667,6.695,144,2021,296
2021-10-24 00:00:00+00:00,1.514875,2.592,144,2021,297
2021-10-25 00:00:00+00:00,1.3956111111111111,2.263,144,2021,298
2021-10-26 00:00:00+00:00,2.2751319444444444,7.108,144,2021,299
2021-10-27 00:00:00+00:00,1.671451388888889,3.602,144,2021,300
2021-10-28 00:00:00+00:00,1.666215277777778,3.051,144,2021,301
2021-10-29 00:00:00+00:00,1.4479722222222222,3.0460000000000003,144,2021,302
2021-10-30 00:00:00+00:00,1.6614375000000001,3.7260000000000004,144,2021,303
2021-10-31 00:00:00+00:00,1.5000347222222221,3.8810000000000002,144,2021,304
2021-11-01 00:00:00+00:00,2.5164097222222224,8.65,144,2021,305
2021-11-02 00:00:00+00:00,5.453645833333334,11.75,144,2021,306
2021-11-03 00:00:00+00:00,4.060763888888889,9.85,144,2021,307
2021-11-04 00:00:00+00:00,3.1388333333333334,7.771,144,2021,308
2021-11-05 00:00:00+00:00,4.584625,8.8,144,2021,309
2021-11-06 00:00:00+00:00,3.2740555555555555,7.1339999999999995,144,2021,310
2021-11-07 00:00:00+00:00,1.7876319444444444,4.645,144,2021,311
2021-11-08 00:00:00+00:00,5.622277777777778,8.91,144,2021,312
2021-11-09 00:00:00+00:00,2.4958958333333334,5.417000000000001,144,2021,313
2021-11-10 00:00:00+00:00,1.4857083333333334,2.5660000000000003,144,2021,314
2021-11-11 00:00:00+00:00,1.2880624999999999,3.0460000000000003,144,2021,315
2021-11-12 00:00:00+00:00,1.4059652777777778,2.668,144,2021,316
2021-11-13 00:00:00+00:00,1.3547638888888889,3.61,144,2021,317
2021-11-14 00:00:00+00:00,3.7766180555555553,7.966,144,2021,318
2021-11-15 00:00:00+00:00,3.9336111111111114,7.324,144,2021,319
2021-11-16 00:00:00+00:00,1.977236111111111,3.812,144,2021,320
2021-11-17 00:00:00+00:00,4.040423611111112,7.808,144,2021,321
2021-11-18 00:00:00+00:00,3.0465138888888887,7.271,144,2021,322
2021-11-19 00:00:00+00:00,1.3384722222222223,2.439,144,2021,323
2021-11-20 00:00:00+00:00,1.5487916666666668,2.905,144,2021,324
2021-11-21 00:00:00+00:00,1.326986111111111,3.5,144,2021,325
2021-11-22 00:00:00+00:00,6.304881944444444,9.35,144,2021,326
2021-11-23 00:00:00+00:00,6.063138888888889,9.08,144,2021,327
2021-11-24 00:00:00+00:00,2.3001597222222223,4.391,144,2021,328
2021-11-25 00:00:00+00:00,1.5667083333333334,3.266,144,2021,329
2021-11-26 00:00:00+00:00,4.049604166666667,9.36,144,2021,330
2021-11-27 00:00:00+00:00,7.324541666666666,13.08,144,2021,331
2021-11-28 00:00:00+00:00,5.429812500000001,8.33,144,2021,332
2021-11-29 00:00:00+00:00,2.7876458333333334,6.542999999999999,144,2021,333
2021-11-30 00:00:00+00:00,2.8965833333333335,7.787000000000001,144,2021,334
2021-12-01 00:00:00+00:00,3.860076388888889,9.92,144,2021,335
2021-12-02 00:00:00+00:00,3.7924583333333337,9.53,144,2021,336
2021-12-03 00:00:00+00:00,3.274347222222222,7.121,144,2021,337
2021-12-04 00:00:00+00:00,3.8637569444444444,12.26,144,2021,338
2021-12-05 00:00:00+00:00,4.26675,9.46,144,2021,339
2021-12-06 00:00:00+00:00,2.8544097222222224,7.475,144,2021,340
2021-12-07 00:00:00+00:00,2.5442430555555555,7.777,144,2021,341
2021-12-08 00:00:00+00:00,2.855909722222222,7.167000000000001,144,2021,342
2021-12-09 00:00:00+00:00,2.750625,7.602,144,2021,343
2021-12-10 00:00:00+00:00,4.491777777777778,10.98,144,2021,344
2021-12-11 00:00:00+00:00,2.457923611111111,6.483,144,2021,345
2021-12-12 00:00:00+00:00,2.227333333333333,6.112,144,2021,346
2021-12-13 00:00:00+00:00,1.3857708333333332,2.522,144,2021,347
2021-12-14 00:00:00+00:00,1.5520625000000001,3.112,144,2021,348
2021-12-15 00:00:00+00:00,2.1500624999999998,4.605,144,2021,349
2021-12-16 00:00:00+00:00,3.658923611111111,6.105,144,2021,350
2021-12-17 00:00:00+00:00,3.331777777777778,6.257999999999999,144,2021,351
2021-12-18 00:00:00+00:00,2.5755416666666666,6.2379999999999995,144,2021,352
2021-12-19 00:00:00+00:00,2.0674652777777776,4.895,144,2021,353
2021-12-20 00:00:00+00:00,3.2091180555555554,5.742999999999999,144,2021,354
2021-12-21 00:00:00+00:00,2.572347222222222,4.499,144,2021,355
2021-12-22 00:00:00+00:00,1.9838958333333332,3.792,144,2021,356
2021-12-23 00:00:00+00:00,1.7465347222222223,4.783,144,2021,357
2021-12-24 00:00:00+00:00,2.3741874999999997,5.059,144,2021,358
2021-12-25 00:00:00+00:00,1.3919444444444444,4.973,144,2021,359
2021-12-26 00:00:00+00:00,2.191111111111111,6.7,144,2021,360
2021-12-27 00:00:00+00:00,1.8975069444444443,4.937,144,2021,361
2021-12-28 00:00:00+00:00,3.4586111111111113,9.23,144,2021,362
2021-12-29 00:00:00+00:00,3.0440625000000003,6.645,144,2021,363
2021-12-30 00:00:00+00:00,1.197861111111111,3.904,144,2021,364
2021-12-31 00:00:00+00:00,0.941875,2.164,144,2021,365
2022-01-01 00:00:00+00:00,0.9541041666666666,3.24,144,2022,1
2022-01-02 00:00:00+00:00,0.9140694444444445,3.27,144,2022,2
2022-01-03 00:00:00+00:00,1.5756458333333334,3.3339999999999996,144,2022,3
2022-01-04 00:00:00+00:00,4.452972222222222,8.78,144,2022,4
2022-01-05 00:00:00+00:00,3.542076388888889,9.83,144,2022,5
2022-01-06 00:00:00+00:00,3.3501458333333334,6.372000000000001,144,2022,6
2022-01-07 00:00:00+00:00,3.3940277777777776,6.779,144,2022,7
2022-01-08 00:00:00+00:00,5.247430555555556,8.23,144,2022,8
2022-01-09 00:00:00+00:00,5.830201388888889,16.36,144,2022,9
2022-01-10 00:00:00+00:00,4.7966597222222225,8.23,144,2022,10
2022-01-11 00:00:00+00:00,5.093319444444444,7.632999999999999,144,2022,11
2022-01-12 00:00:00+00:00,4.008368055555556,6.664,144,2022,12
2022-01-13 00:00:00+00:00,2.896208333333333,5.898,144,2022,13
2022-01-14 00:00:00+00:00,1.742298611111111,2.483,144,2022,14
2022-01-15 00:00:00+00:00,1.7570694444444444,2.864,144,2022,15
2022-01-16 00:00:00+00:00,1.7067291666666666,3.873,144,2022,16
2022-01-17 00:00:00+00:00,1.9595972222222224,7.606,144,2022,17
2022-01-18 00:00:00+00:00,2.5786041666666666,6.602,144,2022,18
2022-01-19 00:00:00+00:00,3.664861111111111,8.4,144,2022,19
2022-01-20 00:00:00+00:00,3.0892569444444447,8.3,144,2022,20
2022-01-21 00:00:00+00:00,7.571229166666667,11.02,144,2022,21
2022-01-22 00:00:00+00:00,2.8116874999999997,7.135,144,2022,22
2022-01-23 00:00:00+00:00,2.872125,6.492999999999999,144,2022,23
2022-01-24 00:00:00+00:00,1.6997638888888889,4.413,144,2022,24
2022-01-25 00:00:00+00:00,1.435888888888889,3.114,144,2022,25
2022-01-26 00:00:00+00:00,1.607222222222222,2.9010000000000002,144,2022,26
2022-01-27 00:00:00+00:00,1.6839097222222223,3.477,144,2022,27
2022-01-28 00:00:00+00:00,1.0571111111111111,4.185,144,2022,28
2022-01-29 00:00:00+00:00,1.5843958333333332,5.044,144,2022,29
2022-01-30 00:00:00+00:00,1.6593194444444446,5.6610000000000005,144,2022,30
2022-01-31 00:00:00+00:00,4.792104166666666,9.67,144,2022,31
2022-02-01 00:00:00+00:00,2.9195208333333333,7.752000000000001,144,2022,32
2022-02-02 00:00:00+00:00,2.801229166666667,6.042000000000001,144,2022,33
2022-02-03 00:00:00+00:00,1.4352430555555555,2.805,144,2022,34
2022-02-04 00:00:00+00:00,1.9611180555555556,8.24,144,2022,35
2022-02-05 00:00:00+00:00,2.055458333333333,4.559,144,2022,36
2022-02-06 00:00:00+00:00,5.016888888888889,9.81,144,2022,37
2022-02-07 00:00:00+00:00,3.9040069444444447,10.82,144,2022,38
2022-02-08 00:00:00+00:00,1.6438194444444445,5.885,144,2022,39
2022-02-09 00:00:00+00:00,1.242527777777778,2.272,144,2022,40
2022-02-10 00:00:00+00:00,1.7376666666666667,3.9789999999999996,144,2022,41
2022-02-11 00:00:00+00:00,4.612847222222222,9.47,144,2022,42
2022-02-12 00:00:00+00:00,1.9576597222222223,6.556,144,2022,43
2022-02-13 00:00:00+00:00,2.1171944444444444,6.206,144,2022,44
2022-02-14 00:00:00+00:00,3.244548611111111,8.5,144,2022,45
2022-02-15 00:00:00+00:00,2.7758819444444445,6.157,144,2022,46
2022-02-16 00:00:00+00:00,2.663770833333333,7.5889999999999995,144,2022,47
2022-02-17 00:00:00+00:00,3.964902777777778,9.48,144,2022,48
2022-02-18 00:00:00+00:00,2.421111111111111,10.33,144,2022,49
2022-02-19 00:00:00+00:00,2.6080555555555556,8.16,144,2022,50
2022-02-20 00:00:00+00:00,2.7935416666666666,7.101,144,2022,51
2022-02-21 00:00:00+00:00,6.690930555555556,13.14,144,2022,52
2022-02-22 00:00:00+00:00,2.3009444444444447,6.676,144,2022,53
2022-02-23 00:00:00+00:00,1.2134583333333333,3.2960000000000003,144,2022,54
2022-02-24 00:00:00+00:00,3.182111111111111,9.16,144,2022,55
2022-02-25 00:00:00+00:00,3.2130625,8.32,144,2022,56
2022-02-26 00:00:00+00:00,7.313597222222222,10.14,144,2022,57
2022-02-27 00:00:00+00:00,2.2315694444444443,4.9830000000000005,144,2022,58
2022-02-28 00:00:00+00:00,1.169722222222222,2.822,144,2022,59
2022-03-01 00:00:00+00:00,1.9642777777777778,6.6160000000000005,144,2022,60
2022-03-02 00:00:00+00:00,1.3319513888888888,2.485,144,2022,61
2022-03-03 00:00:00+00:00,1.0664305555555555,2.912,144,2022,62
2022-03-04 00:00:00+00:00,3.123486111111111,8.3,144,2022,63
2022-03-05 00:00:00+00:00,2.404263888888889,6.055,144,2022,64
2022-03-06 00:00:00+00:00,3.2101458333333337,7.973,144,2022,65
2022-03-07 00:00:00+00:00,2.052416666666667,6.349,144,2022,66
2022-03-08 00:00:00+00:00,1.3290277777777777,2.7039999999999997,144,2022,67
2022-03-09 00:00:00+00:00,1.3860972222222223,2.4619999999999997,144,2022,68
2022-03-10 00:00:00+00:00,1.282722222222222,2.613,144,2022,69
2022-03-11 00:00:00+00:00,1.2772916666666667,2.89,144,2022,70
2022-03-12 00:00:00+00:00,2.764708333333333,11.02,144,2022,71
2022-03-13 00:00:00+00:00,3.8747222222222226,13.6,144,2022,72
2022-03-14 00:00:00+00:00,1.2995972222222223,5.428999999999999,144,2022,73
2022-03-15 00:00:00+00:00,1.021951388888889,3.266,144,2022,74
2022-03-16 00:00:00+00:00,0.8501180555555555,2.062,144,2022,75
2022-03-17 00:00:00+00:00,4.243854166666667,10.56,144,2022,76
2022-03-18 00:00:00+00:00,8.524541666666666,10.72,144,2022,77
2022-03-19 00:00:00+00:00,1.8991180555555556,7.529,144,2022,78
2022-03-20 00:00:00+00:00,1.2756527777777777,3.322,144,2022,79
2022-03-21 00:00:00+00:00,1.1296319444444445,2.494,144,2022,80
2022-03-22 00:00:00+00:00,1.2753263888888888,3.534,144,2022,81
2022-03-23 00:00:00+00:00,1.3325069444444444,3.4389999999999996,144,2022,82
2022-03-24 00:00:00+00:00,1.1478472222222222,2.127,144,2022,83
2022-03-25 00:00:00+00:00,2.4120416666666666,7.843,144,2022,84
2022-03-26 00:00:00+00:00,1.0859652777777777,3.957,144,2022,85
2022-03-27 00:00:00+00:00,1.3788541666666667,2.9760000000000004,144,2022,86
2022-03-28 00:00:00+00:00,1.0386041666666666,2.279,144,2022,87
2022-03-29 00:00:00+00:00,1.564861111111111,5.9239999999999995,144,2022,88
2022-03-30 00:00:00+00:00,2.339104166666667,7.129,144,2022,89
2022-03-31 00:00:00+00:00,1.8391388888888889,5.071000000000001,144,2022,90
2022-04-01 00:00:00+00:00,2.2178194444444443,6.405,144,2022,91
2022-04-02 00:00:00+00:00,3.7710486111111106,9.8,144,2022,92
2022-04-03 00:00:00+00:00,6.8215208333333335,9.95,144,2022,93
2022-04-04 00:00:00+00:00,2.0299791666666667,4.8389999999999995,144,2022,94
2022-04-05 00:00:00+00:00,1.7660277777777778,3.99,144,2022,95
2022-04-06 00:00:00+00:00,2.047736111111111,6.787999999999999,144,2022,96
2022-04-07 00:00:00+00:00,4.920638888888889,9.07,144,2022,97
2022-04-08 00:00:00+00:00,5.481645833333333,15.33,144,2022,98
2022-04-09 00:00:00+00:00,3.7741736111111113,11.58,144,2022,99
2022-04-10 00:00:00+00:00,1.2785347222222223,3.6069999999999998,144,2022,100
2022-04-11 00:00:00+00:00,0.9995555555555556,2.33,144,2022,101
2022-04-12 00:00:00+00:00,0.9875972222222222,2.864,144,2022,102
2022-04-13 00:00:00+00:00,1.098875,3.258,144,2022,103
2022-04-14 00:00:00+00:00,1.1592916666666666,5.275,144,2022,104
2022-04-15 00:00:00+00:00,2.938340277777778,9.18,144,2022,105
2022-04-16 00:00:00+00:00,7.2471875,13.25,144,2022,106
2022-04-17 00:00:00+00:00,5.374291666666667,10.46,144,2022,107
2022-04-18 00:00:00+00:00,1.211652777777778,3.5039999999999996,144,2022,108
2022-04-19 00:00:00+00:00,1.9946527777777778,7.607,144,2022,109
2022-04-20 00:00:00+00:00,1.8180069444444444,6.745,144,2022,110
2022-04-21 00:00:00+00:00,2.931326388888889,8.01,144,2022,111
2022-04-22 00:00:00+00:00,1.5592916666666667,4.565,144,2022,112
2022-04-23 00:00:00+00:00,3.956263888888889,13.52,144,2022,113
2022-04-24 00:00:00+00:00,1.718375,5.651,144,2022,114
2022-04-25 00:00:00+00:00,2.3359236111111112,6.127999999999999,144,2022,115
2022-04-26 00:00:00+00:00,2.821034722222222,6.749,144,2022,116
2022-04-27 00:00:00+00:00,2.533715277777778,8.25,144,2022,117
2022-04-28 00:00:00+00:00,2.56425,8.68,144,2022,118
2022-04-29 00:00:00+00:00,1.7848680555555556,6.346,144,2022,119
2022-04-30 00:00:00+00:00,2.0934444444444447,8.12,144,2022,120
2022-05-01 00:00:00+00:00,2.1629097222222224,6.502999999999999,144,2022,121
2022-05-02 00:00:00+00:00,1.510736111111111,4.382,144,2022,122
2022-05-03 00:00:00+00:00,1.941201388888889,8.71,144,2022,123
2022-05-04 00:00:00+00:00,1.9549166666666666,7.2010000000000005,144,2022,124
2022-05-05 00:00:00+00:00,1.288673611111111,3.42,144,2022,125
2022-05-06 00:00:00+00:00,6.510076388888889,10.54,144,2022,126
2022-05-07 00:00:00+00:00,6.303680555555555,9.85,144,2022,127
2022-05-08 00:00:00+00:00,5.387895833333333,8.57,144,2022,128
2022-05-09 00:00:00+00:00,0.8906760563380282,2.813,142,2022,129
2022-05-10 00:00:00+00:00,1.3554305555555555,3.557,144,2022,130
2022-05-11 00:00:00+00:00,2.1596736111111112,6.882999999999999,144,2022,131
2022-05-12 00:00:00+00:00,1.4813402777777778,4.175,144,2022,132
2022-05-13 00:00:00+00:00,1.847236111111111,5.727,144,2022,133
2022-05-14 00:00:00+00:00,1.246673611111111,5.774,144,2022,134
2022-05-15 00:00:00+00:00,3.130861111111111,11.43,144,2022,135
2022-05-16 00:00:00+00:00,1.5654722222222222,3.412,144,2022,136
2022-05-17 00:00:00+00:00,1.028888888888889,4.082,144,2022,137
2022-05-18 00:00:00+00:00,1.260111111111111,3.259,144,2022,138
2022-05-19 00:00:00+00:00,2.5291597222222224,7.3229999999999995,144,2022,139
2022-05-20 00:00:00+00:00,3.4100763888888888,9.1,144,2022,140
2022-05-21 00:00:00+00:00,1.9983611111111113,5.39,144,2022,141
2022-05-22 00:00:00+00:00,2.0020486111111113,5.862,144,2022,142
2022-05-23 00:00:00+00:00,2.2232430555555553,6.186,144,2022,143
2022-05-24 00:00:00+00:00,3.4166041666666667,7.912000000000001,144,2022,144
2022-05-25 00:00:00+00:00,2.9770833333333333,6.973,144,2022,145
2022-05-26 00:00:00+00:00,2.7688819444444444,6.584,144,2022,146
2022-05-27 00:00:00+00:00,2.5119652777777777,7.7589999999999995,144,2022,147
2022-05-28 00:00:00+00:00,5.9508680555555555,8.94,144,2022,148
2022-05-29 00:00:00+00:00,5.426236111111112,8.91,144,2022,149
2022-05-30 00:00:00+00:00,1.9058194444444443,6.635,144,2022,150
2022-05-31 00:00:00+00:00,3.482847222222222,10.21,144,2022,151
2022-06-01 00:00:00+00:00,2.4171666666666667,6.199,144,2022,152
2022-06-02 00:00:00+00:00,2.059597222222222,5.855,144,2022,153
2022-06-03 00:00:00+00:00,2.264465277777778,6.775,144,2022,154
2022-06-04 00:00:00+00:00,1.58775,9.78,144,2022,155
2022-06-05 00:00:00+00:00,1.8365277777777775,6.082000000000001,144,2022,156
2022-06-06 00:00:00+00:00,1.803277777777778,6.587000000000001,144,2022,157
2022-06-07 00:00:00+00:00,2.8569930555555554,6.8629999999999995,144,2022,158
2022-06-08 00:00:00+00:00,2.961027777777778,9.72,144,2022,159
2022-06-09 00:00:00+00:00,2.2730486111111112,5.486000000000001,144,2022,160
2022-06-10 00:00:00+00:00,2.4998472222222223,4.973,144,2022,161
2022-06-11 00:00:00+00:00,1.3476249999999999,4.205,144,2022,162
2022-06-12 00:00:00+00:00,1.4043958333333333,6.276,144,2022,163
2022-06-13 00:00:00+00:00,3.3868541666666667,7.744,144,2022,164
2022-06-14 00:00:00+00:00,1.4647222222222223,5.1770000000000005,144,2022,165
2022-06-15 00:00:00+00:00,1.6035347222222223,5.526,144,2022,166
2022-06-16 00:00:00+00:00,2.6670486111111114,7.5,144,2022,167
2022-06-17 00:00:00+00:00,1.648173611111111,4.513,144,2022,168
2022-06-18 00:00:00+00:00,1.214361111111111,4.206,144,2022,169
2022-06-19 00:00:00+00:00,2.126256944444444,4.468,144,2022,170
2022-06-20 00:00:00+00:00,2.337,7.672000000000001,144,2022,171
2022-06-21 00:00:00+00:00,1.9202291666666664,5.195,144,2022,172
2022-06-22 00:00:00+00:00,3.0920694444444443,10.16,144,2022,173
2022-06-23 00:00:00+00:00,2.175986111111111,11.71,144,2022,174
2022-06-24 00:00:00+00:00,3.3262222222222224,10.58,144,2022,175
2022-06-25 00:00:00+00:00,2.3292361111111113,8.15,144,2022,176
2022-06-26 00:00:00+00:00,2.183375,7.968999999999999,144,2022,177
2022-06-27 00:00:00+00:00,2.668465277777778,8.1,144,2022,178
2022-06-28 00:00:00+00:00,2.844520833333333,6.984,144,2022,179
2022-06-29 00:00:00+00:00,1.985138888888889,6.449,144,2022,180
2022-06-30 00:00:00+00:00,2.6430069444444446,8.94,144,2022,181
2022-07-01 00:00:00+00:00,3.0931875,6.772,144,2022,182
2022-07-02 00:00:00+00:00,1.6899375,5.341,144,2022,183
2022-07-03 00:00:00+00:00,1.8964097222222225,7.468999999999999,144,2022,184
2022-07-04 00:00:00+00:00,2.5301597222222223,6.346,144,2022,185
2022-07-05 00:00:00+00:00,2.3505416666666665,6.4110000000000005,144,2022,186
2022-07-06 00:00:00+00:00,3.4350972222222222,8.61,144,2022,187
2022-07-07 00:00:00+00:00,3.784263888888889,7.3,144,2022,188
2022-07-08 00:00:00+00:00,7.445805555555555,10.67,144,2022,189
2022-07-09 00:00:00+00:00,3.3278125,7.441,144,2022,190
2022-07-10 00:00:00+00:00,4.6053749999999996,9.24,144,2022,191
2022-07-11 00:00:00+00:00,4.137756944444444,9.0,144,2022,192
2022-07-12 00:00:00+00:00,2.796576388888889,7.471,144,2022,193
2022-07-13 00:00:00+00:00,1.2650833333333333,2.496,144,2022,194
2022-07-14 00:00:00+00:00,1.551625,5.445,144,2022,195
2022-07-15 00:00:00+00:00,2.3121527777777775,6.747000000000001,144,2022,196
2022-07-16 00:00:00+00:00,3.7401874999999998,8.8,144,2022,197
2022-07-17 00:00:00+00:00,3.1495486111111113,8.96,144,2022,198
2022-07-18 00:00:00+00:00,3.160347222222222,9.21,144,2022,199
2022-07-19 00:00:00+00:00,1.8221666666666667,4.996,144,2022,200
2022-07-20 00:00:00+00:00,3.7026805555555558,11.67,144,2022,201
2022-07-21 00:00:00+00:00,2.2226944444444445,7.353,144,2022,202
2022-07-22 00:00:00+00:00,1.8235833333333333,7.315,144,2022,203
2022-07-23 00:00:00+00:00,1.9748402777777778,4.792,144,2022,204
2022-07-24 00:00:00+00:00,1.210201388888889,3.6189999999999998,144,2022,205
2022-07-25 00:00:00+00:00,2.329076388888889,6.375,144,2022,206
2022-07-26 00:00:00+00:00,3.8383263888888886,7.564,144,2022,207
2022-07-27 00:00:00+00:00,4.147055555555556,7.22,144,2022,208
2022-07-28 00:00:00+00:00,2.166243055555556,6.707999999999999,144,2022,209
2022-07-29 00:00:00+00:00,2.520541666666667,7.452999999999999,144,2022,210
2022-07-30 00:00:00+00:00,2.269236111111111,5.083,144,2022,211
2022-07-31 00:00:00+00:00,1.9415208333333334,6.0889999999999995,144,2022,212
2022-08-01 00:00:00+00:00,1.8087499999999999,6.091,144,2022,213
2022-08-02 00:00:00+00:00,2.056715277777778,6.071000000000001,144,2022,214
2022-08-03 00:00:00+00:00,1.5304583333333333,3.602,144,2022,215
2022-08-04 00:00:00+00:00,2.370118055555556,10.16,144,2022,216
2022-08-05 00:00:00+00:00,4.889881944444444,12.69,144,2022,217
2022-08-06 00:00:00+00:00,4.335006944444444,8.76,144,2022,218
2022-08-07 00:00:00+00:00,3.768291666666667,6.374,144,2022,219
2022-08-08 00:00:00+00:00,4.331923611111112,9.5,144,2022,220
2022-08-09 00:00:00+00:00,4.075465277777777,9.05,144,2022,221
2022-08-10 00:00:00+00:00,2.522777777777778,8.3,144,2022,222
2022-08-11 00:00:00+00:00,2.105076388888889,7.812,144,2022,223
2022-08-12 00:00:00+00:00,2.7610416666666664,8.74,144,2022,224
2022-08-13 00:00:00+00:00,1.6440277777777779,6.676,144,2022,225
2022-08-14 00:00:00+00:00,2.6963958333333333,8.81,144,2022,226
2022-08-15 00:00:00+00:00,2.4898541666666665,6.659,144,2022,227
2022-08-16 00:00:00+00:00,1.9586180555555555,7.072,144,2022,228
2022-08-17 00:00:00+00:00,2.71225,12.77,144,2022,229
2022-08-18 00:00:00+00:00,2.333979166666667,5.433,144,2022,230
2022-08-19 00:00:00+00:00,2.0911666666666666,6.751,144,2022,231
2022-08-20 00:00:00+00:00,1.3985277777777778,3.261,144,2022,232
2022-08-21 00:00:00+00:00,1.9479097222222224,6.058,144,2022,233
2022-08-22 00:00:00+00:00,2.423770833333333,6.183,144,2022,234
2022-08-23 00:00:00+00:00,3.2456875000000003,7.117000000000001,144,2022,235
2022-08-24 00:00:00+00:00,1.6509722222222223,5.9110000000000005,144,2022,236
2022-08-25 00:00:00+00:00,1.4966388888888889,2.707,144,2022,237
2022-08-26 00:00:00+00:00,2.59,8.83,144,2022,238
2022-08-27 00:00:00+00:00,2.7498402777777775,7.6160000000000005,144,2022,239
2022-08-28 00:00:00+00:00,1.7852708333333334,3.855,144,2022,240
2022-08-29 00:00:00+00:00,1.4364722222222222,2.386,144,2022,241
2022-08-30 00:00:00+00:00,2.3229652777777776,10.62,144,2022,242
2022-08-31 00:00:00+00:00,3.587,7.692,144,2022,243
2022-09-01 00:00:00+00:00,2.3529513888888887,5.765,144,2022,244
2022-09-02 00:00:00+00:00,1.7740069444444444,5.047,144,2022,245
2022-09-03 00:00:00+00:00,1.5809652777777776,6.9110000000000005,144,2022,246
2022-09-04 00:00:00+00:00,1.3666666666666667,2.727,144,2022,247
2022-09-05 00:00:00+00:00,1.2802083333333334,4.585,144,2022,248
2022-09-06 00:00:00+00:00,2.807777777777778,7.434,144,2022,249
2022-09-07 00:00:00+00:00,3.999354166666667,10.79,144,2022,250
2022-09-08 00:00:00+00:00,3.763576388888889,6.591,144,2022,251
2022-09-09 00:00:00+00:00,5.374555555555556,10.21,144,2022,252
2022-09-10 00:00:00+00:00,4.018965277777777,7.471,144,2022,253
2022-09-11 00:00:00+00:00,1.7254097222222222,3.43,144,2022,254
2022-09-12 00:00:00+00:00,1.3259930555555557,2.218,144,2022,255
2022-09-13 00:00:00+00:00,1.4748819444444445,2.984,144,2022,256
2022-09-14 00:00:00+00:00,2.1341944444444447,7.933,144,2022,257
2022-09-15 00:00:00+00:00,2.1496597222222222,5.41,144,2022,258
2022-09-16 00:00:00+00:00,2.983791666666667,6.957999999999999,144,2022,259
2022-09-17 00:00:00+00:00,2.769861111111111,5.2139999999999995,144,2022,260
2022-09-18 00:00:00+00:00,2.276895833333333,5.7410000000000005,144,2022,261
2022-09-19 00:00:00+00:00,4.752263888888889,8.51,144,2022,262
2022-09-20 00:00:00+00:00,5.024625,9.18,144,2022,263
2022-09-21 00:00:00+00:00,3.950743055555556,7.306,144,2022,264
2022-09-22 00:00:00+00:00,1.7222638888888888,3.345,144,2022,265
2022-09-23 00:00:00+00:00,1.5535694444444443,5.957000000000001,144,2022,266
2022-09-24 00:00:00+00:00,3.3313333333333333,9.16,144,2022,267
2022-09-25 00:00:00+00:00,2.059527777777778,5.175,144,2022,268
2022-09-26 00:00:00+00:00,5.3395625,11.12,144,2022,269
2022-09-27 00:00:00+00:00,9.364881944444443,12.51,144,2022,270
2022-09-28 00:00:00+00:00,6.775381944444444,13.31,144,2022,271
2022-09-29 00:00:00+00:00,3.7364375,10.76,144,2022,272
2022-09-30 00:00:00+00:00,2.088118055555556,4.788,144,2022,273
2022-10-01 00:00:00+00:00,4.4466874999999995,9.51,144,2022,274
2022-10-02 00:00:00+00:00,1.9094930555555554,6.516,144,2022,275
2022-10-03 00:00:00+00:00,2.9825208333333335,6.472,144,2022,276
2022-10-04 00:00:00+00:00,1.2914305555555556,2.917,144,2022,277
2022-10-05 00:00:00+00:00,1.4966458333333332,2.9,144,2022,278
2022-10-06 00:00:00+00:00,2.026104166666667,5.409,144,2022,279
2022-10-07 00:00:00+00:00,1.2851875000000001,2.639,144,2022,280
2022-10-08 00:00:00+00:00,2.371368055555555,7.68,144,2022,281
2022-10-09 00:00:00+00:00,1.5305902777777778,6.204,144,2022,282
2022-10-10 00:00:00+00:00,1.3316041666666667,2.998,144,2022,283
2022-10-11 00:00:00+00:00,1.3168958333333334,3.24,144,2022,284
2022-10-12 00:00:00+00:00,1.4365138888888889,3.1510000000000002,144,2022,285
2022-10-13 00:00:00+00:00,1.4660555555555554,4.28,144,2022,286
2022-10-14 00:00:00+00:00,2.4049027777777776,6.212999999999999,144,2022,287
2022-10-15 00:00:00+00:00,2.355048611111111,4.772,144,2022,288
2022-10-16 00:00:00+00:00,1.8232291666666667,5.896,144,2022,289
2022-10-17 00:00:00+00:00,0.9531527777777777,2.0669999999999997,144,2022,290
2022-10-18 00:00:00+00:00,1.0496249999999998,2.144,144,2022,291
2022-10-19 00:00:00+00:00,1.7999791666666667,4.8389999999999995,144,2022,292
2022-10-20 00:00:00+00:00,1.5392708333333334,5.593,144,2022,293
2022-10-21 00:00:00+00:00,1.7329583333333334,6.218999999999999,144,2022,294
2022-10-22 00:00:00+00:00,1.558375,4.478,144,2022,295
2022-10-23 00:00:00+00:00,2.0166319444444443,9.09,144,2022,296
2022-10-24 00:00:00+00:00,2.925013888888889,7.212999999999999,144,2022,297
2022-10-25 00:00:00+00:00,1.6420277777777779,6.055,144,2022,298
2022-10-26 00:00:00+00:00,1.4681388888888889,5.836,144,2022,299
2022-10-27 00:00:00+00:00,1.184236111111111,2.29,144,2022,300
2022-10-28 00:00:00+00:00,0.919298611111111,2.2,144,2022,301
2022-10-29 00:00:00+00:00,1.0233819444444443,1.911,144,2022,302
2022-10-30 00:00:00+00:00,0.9194097222222223,2.101,144,2022,303
2022-10-31 00:00:00+00:00,1.3380347222222222,3.6319999999999997,144,2022,304
2022-11-01 00:00:00+00:00,1.8995694444444444,6.949,144,2022,305
2022-11-02 00:00:00+00:00,1.4176736111111112,3.495,144,2022,306
2022-11-03 00:00:00+00:00,2.432201388888889,10.33,144,2022,307
2022-11-04 00:00:00+00:00,4.763173611111111,10.92,144,2022,308
2022-11-05 00:00:00+00:00,2.0606666666666666,3.864,144,2022,309
2022-11-06 00:00:00+00:00,1.7526319444444445,3.907,144,2022,310
2022-11-07 00:00:00+00:00,2.317826388888889,5.462000000000001,144,2022,311
2022-11-08 00:00:00+00:00,1.5689374999999999,3.138,144,2022,312
2022-11-09 00:00:00+00:00,2.285090277777778,7.053999999999999,144,2022,313
2022-11-10 00:00:00+00:00,2.106659722222222,5.246,144,2022,314
2022-11-11 00:00:00+00:00,1.4223333333333334,3.4210000000000003,144,2022,315
2022-11-12 00:00:00+00:00,1.5871111111111111,4.837,144,2022,316
2022-11-13 00:00:00+00:00,1.6421944444444445,3.406,144,2022,317
2022-11-14 00:00:00+00:00,5.123840277777777,9.43,144,2022,318
2022-11-15 00:00:00+00:00,1.614659722222222,5.497999999999999,144,2022,319
2022-11-16 00:00:00+00:00,2.2554583333333333,6.19,144,2022,320
2022-11-17 00:00:00+00:00,5.133618055555555,12.3,144,2022,321
2022-11-18 00:00:00+00:00,5.843125,12.55,144,2022,322
2022-11-19 00:00:00+00:00,2.3391944444444444,4.84,144,2022,323
2022-11-20 00:00:00+00:00,4.324,11.69,144,2022,324
2022-11-21 00:00:00+00:00,3.837048611111111,8.87,144,2022,325
2022-11-22 00:00:00+00:00,5.561569444444444,10.5,144,2022,326
2022-11-23 00:00:00+00:00,2.6425208333333337,8.41,144,2022,327
2022-11-24 00:00:00+00:00,2.781340277777778,6.712999999999999,144,2022,328
2022-11-25 00:00:00+00:00,1.615951388888889,5.776,144,2022,329
2022-11-26 00:00:00+00:00,2.3342430555555556,5.5360000000000005,144,2022,330
2022-11-27 00:00:00+00:00,1.564715277777778,4.852,144,2022,331
2022-11-28 00:00:00+00:00,2.3096111111111113,7.131,144,2022,332
2022-11-29 00:00:00+00:00,2.1761458333333334,6.625,144,2022,333
2022-11-30 00:00:00+00:00,4.654638888888889,8.39,144,2022,334
2022-12-01 00:00:00+00:00,4.431923611111111,7.645,144,2022,335
2022-12-02 00:00:00+00:00,2.054965277777778,4.777,144,2022,336
2022-12-03 00:00:00+00:00,3.546125,5.6339999999999995,144,2022,337
2022-12-04 00:00:00+00:00,2.152784722222222,4.303999999999999,144,2022,338
2022-12-05 00:00:00+00:00,1.9801527777777777,4.113,144,2022,339
2022-12-06 00:00:00+00:00,1.9192500000000001,3.827,144,2022,340
2022-12-07 00:00:00+00:00,3.030576388888889,7.129,144,2022,341
2022-12-08 00:00:00+00:00,2.458736111111111,5.933,144,2022,342
2022-12-09 00:00:00+00:00,1.331534722222222,2.8930000000000002,144,2022,343
2022-12-10 00:00:00+00:00,2.573763888888889,7.294,144,2022,344
2022-12-11 00:00:00+00:00,3.9428611111111116,7.712000000000001,144,2022,345
2022-12-12 00:00:00+00:00,2.8437638888888888,5.6,144,2022,346
2022-12-13 00:00:00+00:00,1.7561527777777777,4.324,144,2022,347
2022-12-14 00:00:00+00:00,1.5749791666666666,4.827,144,2022,348
2022-12-15 00:00:00+00:00,2.6875555555555555,6.763,144,2022,349
2022-12-16 00:00:00+00:00,1.9180972222222223,5.194,144,2022,350
2022-12-17 00:00:00+00:00,3.0213888888888887,5.365,144,2022,351
2022-12-18 00:00:00+00:00,1.6024375,3.759,144,2022,352
2022-12-19 00:00:00+00:00,1.299611111111111,2.989,144,2022,353
2022-12-20 00:00:00+00:00,1.6833472222222223,4.8660000000000005,144,2022,354
2022-12-21 00:00:00+00:00,1.6729097222222222,4.534,144,2022,355
2022-12-22 00:00:00+00:00,3.5258125,6.792000000000001,144,2022,356
2022-12-23 00:00:00+00:00,1.8334097222222223,5.867999999999999,144,2022,357
2022-12-24 00:00:00+00:00,1.0910902777777778,5.113,144,2022,358
2022-12-25 00:00:00+00:00,0.9841041666666668,2.015,144,2022,359
2022-12-26 00:00:00+00:00,2.080979166666667,5.312,144,2022,360
2022-12-27 00:00:00+00:00,1.5851666666666668,4.119,144,2022,361
2022-12-28 00:00:00+00:00,1.6240694444444443,3.636,144,2022,362
2022-12-29 00:00:00+00:00,1.9159791666666668,5.037,144,2022,363
2022-12-30 00:00:00+00:00,2.9913263888888886,8.09,144,2022,364
2022-12-31 00:00:00+00:00,2.6435347222222223,7.853,144,2022,365
2023-01-01 00:00:00+00:00,1.8997916666666665,4.751,144,2023,1
2023-01-02 00:00:00+00:00,2.2798958333333332,6.968999999999999,144,2023,2
2023-01-03 00:00:00+00:00,0.683875,1.73,144,2023,3
2023-01-04 00:00:00+00:00,1.1476458333333333,2.86,144,2023,4
2023-01-05 00:00:00+00:00,1.6109027777777778,4.633,144,2023,5
2023-01-06 00:00:00+00:00,1.4948333333333332,5.2170000000000005,144,2023,6
2023-01-07 00:00:00+00:00,3.193131944444444,5.893,144,2023,7
2023-01-08 00:00:00+00:00,2.753361111111111,8.65,144,2023,8
2023-01-09 00:00:00+00:00,8.154777777777777,12.44,144,2023,9
2023-01-10 00:00:00+00:00,2.194541666666667,6.117999999999999,144,2023,10
2023-01-11 00:00:00+00:00,2.9826805555555556,6.689,144,2023,11
2023-01-12 00:00:00+00:00,2.0449444444444445,5.13,144,2023,12
2023-01-13 00:00:00+00:00,4.687333333333333,9.01,144,2023,13
2023-01-14 00:00:00+00:00,2.1236944444444443,8.0,144,2023,14
2023-01-15 00:00:00+00:00,5.254694444444445,11.94,144,2023,15
2023-01-16 00:00:00+00:00,7.1761944444444445,14.8,144,2023,16
2023-01-17 00:00:00+00:00,3.142729166666667,8.19,144,2023,17
2023-01-18 00:00:00+00:00,3.6840763888888883,9.01,144,2023,18
2023-01-19 00:00:00+00:00,2.342472222222222,6.81,144,2023,19
2023-01-20 00:00:00+00:00,1.8248680555555556,6.4079999999999995,144,2023,20
2023-01-21 00:00:00+00:00,5.395645833333333,9.46,144,2023,21
2023-01-22 00:00:00+00:00,5.589020833333333,8.14,144,2023,22
2023-01-23 00:00:00+00:00,5.378208333333333,9.26,144,2023,23
2023-01-24 00:00:00+00:00,2.5771875,5.122000000000001,144,2023,24
2023-01-25 00:00:00+00:00,2.7025555555555556,4.317,144,2023,25
2023-01-26 00:00:00+00:00,3.3419652777777777,6.746,144,2023,26
2023-01-27 00:00:00+00:00,4.956270833333333,9.34,144,2023,27
2023-01-28 00:00:00+00:00,7.262868055555556,9.17,144,2023,28
2023-01-29 00:00:00+00:00,2.8288819444444444,6.6160000000000005,144,2023,29
2023-01-30 00:00:00+00:00,1.5864930555555556,3.4189999999999996,144,2023,30
2023-01-31 00:00:00+00:00,1.6964444444444444,3.37,144,2023,31
2023-02-01 00:00:00+00:00,1.6515277777777777,4.729,144,2023,32
2023-02-02 00:00:00+00:00,1.3367777777777778,2.818,144,2023,33
2023-02-03 00:00:00+00:00,1.5515138888888889,5.587999999999999,144,2023,34
2023-02-04 00:00:00+00:00,3.6271666666666667,9.28,144,2023,35
2023-02-05 00:00:00+00:00,2.7564236111111113,7.9670000000000005,144,2023,36
2023-02-06 00:00:00+00:00,7.507791666666667,10.58,144,2023,37
2023-02-07 00:00:00+00:00,3.2249513888888885,9.95,144,2023,38
2023-02-08 00:00:00+00:00,2.197576388888889,5.772,144,2023,39
2023-02-09 00:00:00+00:00,1.4165555555555556,2.1919999999999997,144,2023,40
2023-02-10 00:00:00+00:00,1.551611111111111,4.369,144,2023,41
2023-02-11 00:00:00+00:00,1.3884027777777779,3.6289999999999996,144,2023,42
2023-02-12 00:00:00+00:00,1.3087222222222221,2.738,144,2023,43
2023-02-13 00:00:00+00:00,1.285,2.052,144,2023,44
2023-02-14 00:00:00+00:00,1.3665208333333334,2.611,144,2023,45
2023-02-15 00:00:00+00:00,1.2607083333333333,2.303,144,2023,46
2023-02-16 00:00:00+00:00,1.0156180555555556,2.162,144,2023,47
2023-02-17 00:00:00+00:00,0.7356319444444445,2.276,144,2023,48
2023-02-18 00:00:00+00:00,1.000861111111111,2.9160000000000004,144,2023,49
2023-02-19 00:00:00+00:00,1.6262638888888887,6.2829999999999995,144,2023,50
2023-02-20 00:00:00+00:00,1.1990069444444444,3.55,144,2023,51
2023-02-21 00:00:00+00:00,0.8439444444444445,1.848,144,2023,52
2023-02-22 00:00:00+00:00,1.0895000000000001,2.483,114,2023,53
2023-02-23 00:00:00+00:00,0.6915,2.1830000000000003,144,2023,54
2023-02-24 00:00:00+00:00,1.5306805555555556,5.023,144,2023,55
2023-02-25 00:00:00+00:00,4.496756944444445,12.4,144,2023,56
2023-02-26 00:00:00+00:00,11.483965277777777,14.78,144,2023,57
2023-02-27 00:00:00+00:00,8.487354166666668,11.22,144,2023,58
2023-02-28 00:00:00+00:00,3.9513750000000005,8.06,144,2023,59
2023-03-01 00:00:00+00:00,4.8838333333333335,6.558,144,2023,60
2023-03-02 00:00:00+00:00,1.3486041666666668,3.13,144,2023,61
2023-03-03 00:00:00+00:00,1.9905833333333334,5.436,144,2023,62
2023-03-04 00:00:00+00:00,2.27575,6.574,144,2023,63
2023-03-05 00:00:00+00:00,1.6972083333333332,5.926,144,2023,64
2023-03-06 00:00:00+00:00,1.8003125,5.82,144,2023,65
2023-03-07 00:00:00+00:00,3.5303888888888886,11.37,144,2023,66
2023-03-08 00:00:00+00:00,2.106479166666667,7.481,144,2023,67
2023-03-09 00:00:00+00:00,4.399020833333333,12.69,144,2023,68
2023-03-10 00:00:00+00:00,7.8784374999999995,14.51,144,2023,69
2023-03-11 00:00:00+00:00,1.5000625,6.3020000000000005,144,2023,70
2023-03-12 00:00:00+00:00,1.461451388888889,3.86,144,2023,71
2023-03-13 00:00:00+00:00,2.480166666666667,11.59,144,2023,72
2023-03-14 00:00:00+00:00,4.797368055555555,12.12,144,2023,73
2023-03-15 00:00:00+00:00,1.9831875,9.12,144,2023,74
2023-03-16 00:00:00+00:00,1.2277083333333332,2.864,144,2023,75
2023-03-17 00:00:00+00:00,1.6567986111111113,3.778,144,2023,76
2023-03-18 00:00:00+00:00,1.1826180555555554,3.418,144,2023,77
2023-03-19 00:00:00+00:00,1.3409444444444445,4.053999999999999,144,2023,78
2023-03-20 00:00:00+00:00,0.950326388888889,3.283,144,2023,79
2023-03-21 00:00:00+00:00,0.9868541666666667,2.3930000000000002,144,2023,80
2023-03-22 00:00:00+00:00,1.1456944444444443,2.668,144,2023,81
2023-03-23 00:00:00+00:00,1.7539930555555554,5.309,144,2023,82
2023-03-24 00:00:00+00:00,2.1383971631205676,8.26,141,2023,83
2023-03-25 00:00:00+00:00,2.990734265734266,10.18,143,2023,84
2023-03-26 00:00:00+00:00,2.757132867132867,10.03,143,2023,85
2023-03-27 00:00:00+00:00,3.599013888888889,8.26,144,2023,86
2023-03-28 00:00:00+00:00,1.5242867132867133,4.8069999999999995,143,2023,87
2023-03-29 00:00:00+00:00,3.3509720279720283,9.51,143,2023,88
2023-03-30 00:00:00+00:00,2.5436643356643356,8.74,143,2023,89
2023-03-31 00:00:00+00:00,5.442944055944056,13.65,143,2023,90
2023-04-01 00:00:00+00:00,4.952664335664336,10.47,143,2023,91
2023-04-02 00:00:00+00:00,1.012916083916084,2.742,143,2023,92
2023-04-03 00:00:00+00:00,7.839965277777777,11.42,144,2023,93
2023-04-04 00:00:00+00:00,7.171265734265734,10.21,143,2023,94
2023-04-05 00:00:00+00:00,1.862881118881119,8.35,143,2023,95
2023-04-06 00:00:00+00:00,1.3333076923076923,3.094,143,2023,96
2023-04-07 00:00:00+00:00,2.516909090909091,5.599,143,2023,97
2023-04-08 00:00:00+00:00,3.939363636363636,8.87,143,2023,98
2023-04-09 00:00:00+00:00,1.5535874125874127,4.709,143,2023,99
2023-04-10 00:00:00+00:00,1.2690694444444446,4.84,144,2023,100
2023-04-11 00:00:00+00:00,2.820062937062937,7.227,143,2023,101
2023-04-12 00:00:00+00:00,3.20906993006993,10.78,143,2023,102
2023-04-13 00:00:00+00:00,2.89020979020979,6.212000000000001,143,2023,103
2023-04-14 00:00:00+00:00,1.4312657342657342,3.782,143,2023,104
2023-04-15 00:00:00+00:00,2.0628601398601396,7.191,143,2023,105
2023-04-16 00:00:00+00:00,1.4558461538461538,7.024,143,2023,106
2023-04-17 00:00:00+00:00,5.699638888888889,10.63,144,2023,107
2023-04-18 00:00:00+00:00,2.915853146853147,9.24,143,2023,108
2023-04-19 00:00:00+00:00,1.5743846153846155,4.0360000000000005,143,2023,109
2023-04-20 00:00:00+00:00,1.497923076923077,4.4,143,2023,110
2023-04-21 00:00:00+00:00,1.2865944055944056,3.793,143,2023,111
2023-04-22 00:00:00+00:00,1.5353076923076923,5.5760000000000005,143,2023,112
2023-04-23 00:00:00+00:00,2.5087342657342657,10.93,143,2023,113
2023-04-24 00:00:00+00:00,2.377201388888889,6.354,144,2023,114
2023-04-25 00:00:00+00:00,2.0503916083916085,5.91,143,2023,115
2023-04-26 00:00:00+00:00,1.4108671328671327,2.94,143,2023,116
2023-04-27 00:00:00+00:00,1.1092307692307692,2.909,143,2023,117
2023-04-28 00:00:00+00:00,1.5984685314685314,8.13,143,2023,118
2023-04-29 00:00:00+00:00,1.7065664335664334,4.7219999999999995,143,2023,119
2023-04-30 00:00:00+00:00,1.1694055944055943,4.262,143,2023,120
2023-05-01 00:00:00+00:00,2.632152777777778,6.834,144,2023,121
2023-05-02 00:00:00+00:00,5.9795384615384615,10.33,143,2023,122
2023-05-03 00:00:00+00:00,2.814755244755245,8.14,143,2023,123
2023-05-04 00:00:00+00:00,1.55,3.611,143,2023,124
2023-05-05 00:00:00+00:00,1.5113986013986014,3.8560000000000003,143,2023,125
2023-05-06 00:00:00+00:00,1.1701398601398603,3.2680000000000002,143,2023,126
2023-05-07 00:00:00+00:00,1.233867132867133,3.572,143,2023,127
2023-05-08 00:00:00+00:00,1.4472777777777777,3.5010000000000003,144,2023,128
2023-05-09 00:00:00+00:00,2.1922517482517483,7.851,143,2023,129
2023-05-10 00:00:00+00:00,3.747174825174825,7.941,143,2023,130
2023-05-11 00:00:00+00:00,1.3291048951048952,2.935,143,2023,131
2023-05-12 00:00:00+00:00,4.137006993006993,8.66,143,2023,132
2023-05-13 00:00:00+00:00,2.1712587412587414,4.541,143,2023,133
2023-05-14 00:00:00+00:00,2.639902097902098,10.09,143,2023,134
2023-05-15 00:00:00+00:00,1.7286875,5.949,144,2023,135
2023-05-16 00:00:00+00:00,4.723181818181818,9.31,143,2023,136
2023-05-17 00:00:00+00:00,8.072783216783217,11.79,143,2023,137
2023-05-18 00:00:00+00:00,3.644734265734266,8.62,143,2023,138
2023-05-19 00:00:00+00:00,3.088517482517483,8.62,143,2023,139
2023-05-20 00:00:00+00:00,1.4373776223776222,4.364,143,2023,140
2023-05-21 00:00:00+00:00,1.086944055944056,3.137,143,2023,141
2023-05-22 00:00:00+00:00,1.5428888888888888,9.16,144,2023,142
2023-05-23 00:00:00+00:00,3.502181818181818,9.26,143,2023,143
2023-05-24 00:00:00+00:00,4.967153846153846,9.76,143,2023,144
2023-05-25 00:00:00+00:00,2.527874125874126,8.11,143,2023,145
2023-05-26 00:00:00+00:00,2.018832167832168,8.78,143,2023,146
2023-05-27 00:00:00+00:00,1.337909090909091,3.8960000000000004,143,2023,147
2023-05-28 00:00:00+00:00,2.9706853146853147,8.84,143,2023,148
2023-05-29 00:00:00+00:00,4.419069444444444,9.37,144,2023,149
2023-05-30 00:00:00+00:00,4.297027972027972,9.68,143,2023,150
2023-05-31 00:00:00+00:00,1.7074545454545453,6.209,143,2023,151
2023-06-01 00:00:00+00:00,1.316888111888112,4.824,143,2023,152
2023-06-02 00:00:00+00:00,2.4277902097902095,6.648,143,2023,153
2023-06-03 00:00:00+00:00,1.9194545454545453,9.24,143,2023,154
2023-06-04 00:00:00+00:00,2.5685524475524475,9.89,143,2023,155
2023-06-05 00:00:00+00:00,3.047152777777778,7.229,144,2023,156
2023-06-06 00:00:00+00:00,1.5985594405594405,5.736000000000001,143,2023,157
2023-06-07 00:00:00+00:00,1.8916293706293705,5.59,143,2023,158
2023-06-08 00:00:00+00:00,2.3964965034965036,7.836,143,2023,159
2023-06-09 00:00:00+00:00,1.8946503496503497,6.06,143,2023,160
2023-06-10 00:00:00+00:00,1.4494685314685314,3.763,143,2023,161
2023-06-11 00:00:00+00:00,1.7684475524475525,5.459,143,2023,162
2023-06-12 00:00:00+00:00,2.4148125,6.4879999999999995,144,2023,163
2023-06-13 00:00:00+00:00,2.3935034965034965,8.25,143,2023,164
2023-06-14 00:00:00+00:00,3.2193986013986016,6.37,143,2023,165
2023-06-15 00:00:00+00:00,1.7742517482517481,4.457,143,2023,166
2023-06-16 00:00:00+00:00,1.6508811188811188,4.361000000000001,143,2023,167
2023-06-17 00:00:00+00:00,1.5248741258741259,5.142,143,2023,168
2023-06-18 00:00:00+00:00,1.533972027972028,3.181,143,2023,169
2023-06-19 00:00:00+00:00,2.563180555555556,10.04,144,2023,170
2023-06-20 00:00:00+00:00,1.3772027972027971,3.609,143,2023,171
2023-06-21 00:00:00+00:00,1.9503916083916084,8.06,143,2023,172
2023-06-22 00:00:00+00:00,2.922118881118881,17.52,143,2023,173
2023-06-23 00:00:00+00:00,3.090993006993007,8.51,143,2023,174
2023-06-24 00:00:00+00:00,6.105272727272727,9.2,143,2023,175
2023-06-25 00:00:00+00:00,1.3846223776223776,4.33,143,2023,176
2023-06-26 00:00:00+00:00,2.5722847222222223,6.937,144,2023,177
2023-06-27 00:00:00+00:00,2.881041958041958,5.921,143,2023,178
2023-06-28 00:00:00+00:00,3.0995314685314685,6.316,143,2023,179
2023-06-29 00:00:00+00:00,3.650923076923077,9.87,143,2023,180
2023-06-30 00:00:00+00:00,3.2085594405594406,8.58,143,2023,181
2023-07-01 00:00:00+00:00,2.577034965034965,5.814,143,2023,182
2023-07-02 00:00:00+00:00,2.378643356643357,8.65,143,2023,183
2023-07-03 00:00:00+00:00,2.3005625,5.535,144,2023,184
2023-07-04 00:00:00+00:00,1.7202937062937063,5.44,143,2023,185
2023-07-05 00:00:00+00:00,3.39320979020979,8.45,143,2023,186
2023-07-06 00:00:00+00:00,1.6295174825174825,3.2569999999999997,143,2023,187
2023-07-07 00:00:00+00:00,1.319965034965035,2.735,143,2023,188
2023-07-08 00:00:00+00:00,2.599923076923077,10.05,143,2023,189
2023-07-09 00:00:00+00:00,1.1231748251748253,2.9189999999999996,143,2023,190
2023-07-10 00:00:00+00:00,1.1416388888888889,2.76,144,2023,191
2023-07-11 00:00:00+00:00,1.94913986013986,8.1,143,2023,192
2023-07-12 00:00:00+00:00,2.519006993006993,8.76,143,2023,193
2023-07-13 00:00:00+00:00,2.1882727272727274,5.959,143,2023,194
2023-07-14 00:00:00+00:00,1.6249790209790211,4.282,143,2023,195
2023-07-15 00:00:00+00:00,2.69141958041958,8.06,143,2023,196
2023-07-16 00:00:00+00:00,1.891020979020979,4.09,143,2023,197
2023-07-17 00:00:00+00:00,2.1889861111111113,5.861000000000001,144,2023,198
2023-07-18 00:00:00+00:00,1.7914895104895103,5.785,143,2023,199
2023-07-19 00:00:00+00:00,2.7537552447552445,6.465,143,2023,200
2023-07-20 00:00:00+00:00,1.5628601398601398,5.752000000000001,143,2023,201
2023-07-21 00:00:00+00:00,3.1243636363636362,7.125,143,2023,202
2023-07-22 00:00:00+00:00,1.769979020979021,4.85,143,2023,203
2023-07-23 00:00:00+00:00,2.1899440559440557,4.891,143,2023,204
2023-07-24 00:00:00+00:00,3.0905625,14.84,144,2023,205
2023-07-25 00:00:00+00:00,6.387699300699301,12.47,143,2023,206
2023-07-26 00:00:00+00:00,1.8789370629370628,4.678999999999999,143,2023,207
2023-07-27 00:00:00+00:00,2.1207832167832166,6.859,143,2023,208
2023-07-28 00:00:00+00:00,2.7752237762237764,6.291,143,2023,209
2023-07-29 00:00:00+00:00,2.4927342657342657,6.962999999999999,143,2023,210
2023-07-30 00:00:00+00:00,3.3464265734265735,5.414,143,2023,211
2023-07-31 00:00:00+00:00,1.4410069444444444,3.802,144,2023,212
2023-08-01 00:00:00+00:00,5.1324265734265735,11.9,143,2023,213
2023-08-02 00:00:00+00:00,5.444895104895105,14.85,143,2023,214
2023-08-03 00:00:00+00:00,4.695440559440559,9.88,143,2023,215
2023-08-04 00:00:00+00:00,4.109895104895105,8.83,143,2023,216
2023-08-05 00:00:00+00:00,2.5895874125874125,8.71,143,2023,217
2023-08-06 00:00:00+00:00,6.797461538461539,11.86,143,2023,218
2023-08-07 00:00:00+00:00,2.1086805555555554,6.005,144,2023,219
2023-08-08 00:00:00+00:00,1.4638041958041959,3.594,143,2023,220
2023-08-09 00:00:00+00:00,1.8924825174825175,5.188,143,2023,221
2023-08-10 00:00:00+00:00,1.7126993006993008,4.226,143,2023,222
2023-08-11 00:00:00+00:00,0.9708811188811189,2.459,143,2023,223
2023-08-12 00:00:00+00:00,1.3482517482517484,3.177,143,2023,224
2023-08-13 00:00:00+00:00,1.5270559440559441,3.5639999999999996,143,2023,225
2023-08-14 00:00:00+00:00,1.5464930555555556,3.446,144,2023,226
2023-08-15 00:00:00+00:00,1.6873146853146854,4.7219999999999995,143,2023,227
2023-08-16 00:00:00+00:00,1.9807692307692308,7.68,143,2023,228
2023-08-17 00:00:00+00:00,4.1020139860139855,9.54,143,2023,229
2023-08-18 00:00:00+00:00,2.437405594405594,6.816,143,2023,230
2023-08-19 00:00:00+00:00,1.0977272727272727,2.8280000000000003,143,2023,231
2023-08-20 00:00:00+00:00,1.036160839160839,2.8289999999999997,143,2023,232
2023-08-21 00:00:00+00:00,1.1120208333333332,4.272,144,2023,233
2023-08-22 00:00:00+00:00,1.0193566433566434,2.765,143,2023,234
2023-08-23 00:00:00+00:00,2.042937062937063,7.138999999999999,143,2023,235
2023-08-24 00:00:00+00:00,1.5433076923076923,6.309,143,2023,236
2023-08-25 00:00:00+00:00,2.6887762237762236,8.71,143,2023,237
2023-08-26 00:00:00+00:00,2.6963006993006995,7.481,143,2023,238
2023-08-27 00:00:00+00:00,2.2526643356643357,6.3839999999999995,143,2023,239
2023-08-28 00:00:00+00:00,2.7489583333333334,5.553999999999999,144,2023,240
2023-08-29 00:00:00+00:00,2.971188811188811,5.165,143,2023,241
2023-08-30 00:00:00+00:00,1.9512867132867133,6.736000000000001,143,2023,242
2023-08-31 00:00:00+00:00,2.831258741258741,6.517,143,2023,243
2023-09-01 00:00:00+00:00,2.2701888111888113,6.671,143,2023,244
2023-09-02 00:00:00+00:00,1.2076013986013987,2.647,143,2023,245
2023-09-03 00:00:00+00:00,2.171867132867133,8.09,143,2023,246
2023-09-04 00:00:00+00:00,1.3315208333333333,4.271,144,2023,247
2023-09-05 00:00:00+00:00,1.308713286713287,4.281000000000001,143,2023,248
2023-09-06 00:00:00+00:00,1.1798181818181819,2.27,143,2023,249
2023-09-07 00:00:00+00:00,1.1471538461538462,3.0469999999999997,143,2023,250
2023-09-08 00:00:00+00:00,1.1647202797202798,2.3209999999999997,143,2023,251
2023-09-09 00:00:00+00:00,1.2355314685314687,2.191,143,2023,252
2023-09-10 00:00:00+00:00,1.1394685314685313,2.221,143,2023,253
2023-09-11 00:00:00+00:00,1.2354097222222222,2.296,144,2023,254
2023-09-12 00:00:00+00:00,2.1524615384615386,6.435,143,2023,255
2023-09-13 00:00:00+00:00,2.2236363636363636,7.303999999999999,143,2023,256
2023-09-14 00:00:00+00:00,2.5176293706293706,6.784,143,2023,257
2023-09-15 00:00:00+00:00,1.805958041958042,6.645,143,2023,258
2023-09-16 00:00:00+00:00,1.6125524475524475,3.7560000000000002,143,2023,259
2023-09-17 00:00:00+00:00,1.3417062937062938,3.7239999999999998,143,2023,260
2023-09-18 00:00:00+00:00,3.568574712643678,9.18,87,2023,261
2023-09-20 00:00:00+00:00,1.6075972222222221,3.437,144,2023,263
2023-09-21 00:00:00+00:00,2.449202797202797,8.24,143,2023,264
2023-09-22 00:00:00+00:00,4.927643356643356,9.54,143,2023,265
2023-09-23 00:00:00+00:00,2.3896223776223775,5.278,143,2023,266
2023-09-24 00:00:00+00:00,3.113132867132867,5.966,143,2023,267
2023-09-25 00:00:00+00:00,1.4680972222222222,2.9360000000000004,144,2023,268
2023-09-26 00:00:00+00:00,1.367979020979021,2.344,143,2023,269
2023-09-27 00:00:00+00:00,1.4504965034965034,2.702,143,2023,270
2023-09-28 00:00:00+00:00,1.1426013986013985,2.8789999999999996,143,2023,271
2023-09-29 00:00:00+00:00,1.2906083916083915,3.688,143,2023,272
2023-09-30 00:00:00+00:00,1.742853146853147,4.079,143,2023,273
2023-10-01 00:00:00+00:00,1.195034965034965,2.14,143,2023,274
2023-10-02 00:00:00+00:00,1.2446527777777776,2.5989999999999998,144,2023,275
2023-10-03 00:00:00+00:00,2.5607202797202797,7.66,143,2023,276
2023-10-04 00:00:00+00:00,2.7695664335664336,7.365,143,2023,277
2023-10-05 00:00:00+00:00,1.4465804195804195,2.909,143,2023,278
2023-10-06 00:00:00+00:00,1.4483216783216784,2.573,143,2023,279
2023-10-07 00:00:00+00:00,1.3067202797202797,2.412,143,2023,280
2023-10-08 00:00:00+00:00,1.3274195804195803,2.5789999999999997,143,2023,281
2023-10-09 00:00:00+00:00,1.1964375,1.953,144,2023,282
2023-10-10 00:00:00+00:00,1.2246643356643356,2.25,143,2023,283
2023-10-11 00:00:00+00:00,1.536951048951049,2.71,143,2023,284
2023-10-12 00:00:00+00:00,1.980902097902098,4.476,143,2023,285
2023-10-13 00:00:00+00:00,1.682965034965035,6.574,143,2023,286
2023-10-14 00:00:00+00:00,5.497132867132867,10.15,143,2023,287
2023-10-15 00:00:00+00:00,4.388055944055944,8.84,143,2023,288
2023-10-16 00:00:00+00:00,2.3363541666666667,6.624,144,2023,289
2023-10-17 00:00:00+00:00,1.672923076923077,3.255,143,2023,290
2023-10-18 00:00:00+00:00,1.3468671328671329,3.16,143,2023,291
2023-10-19 00:00:00+00:00,1.4943566433566435,4.269,143,2023,292
2023-10-20 00:00:00+00:00,4.377167832167832,9.52,143,2023,293
2023-10-21 00:00:00+00:00,6.225811188811188,9.63,143,2023,294
2023-10-22 00:00:00+00:00,1.9413076923076922,6.6739999999999995,143,2023,295
2023-10-23 00:00:00+00:00,1.9261597222222224,5.371,144,2023,296
2023-10-24 00:00:00+00:00,1.7062937062937062,4.471,143,2023,297
2023-10-25 00:00:00+00:00,3.927944055944056,11.24,143,2023,298
2023-10-26 00:00:00+00:00,2.6756433566433566,6.3260000000000005,143,2023,299
2023-10-27 00:00:00+00:00,6.419594405594405,12.61,143,2023,300
2023-10-28 00:00:00+00:00,3.834160839160839,9.26,143,2023,301
2023-10-29 00:00:00+00:00,1.8408723404255318,2.9819999999999998,47,2023,302
2023-11-01 00:00:00+00:00,2.5540902777777776,9.84,144,2023,305
2023-11-02 00:00:00+00:00,3.6671468531468534,12.83,143,2023,306
2023-11-03 00:00:00+00:00,5.377797202797202,9.53,143,2023,307
2023-11-04 00:00:00+00:00,4.969076923076923,9.79,143,2023,308
2023-11-05 00:00:00+00:00,8.473636363636365,14.51,143,2023,309
2023-11-06 00:00:00+00:00,4.773291666666667,11.69,144,2023,310
2023-11-07 00:00:00+00:00,5.856293706293707,9.67,143,2023,311
2023-11-08 00:00:00+00:00,2.1187762237762238,6.155,143,2023,312
2023-11-09 00:00:00+00:00,4.025013986013986,11.71,143,2023,313
2023-11-10 00:00:00+00:00,7.411538461538461,12.48,143,2023,314
2023-11-11 00:00:00+00:00,5.870692307692308,11.13,143,2023,315
2023-11-12 00:00:00+00:00,4.482146853146853,11.14,143,2023,316
2023-11-13 00:00:00+00:00,2.644909722222222,6.98,144,2023,317
2023-11-14 00:00:00+00:00,4.111923076923077,10.37,143,2023,318
2023-11-15 00:00:00+00:00,4.6273986013986015,9.5,143,2023,319
2023-11-16 00:00:00+00:00,4.179111888111889,14.85,143,2023,320
2023-11-17 00:00:00+00:00,4.937104895104895,11.54,143,2023,321
2023-11-18 00:00:00+00:00,2.2145104895104897,6.443,143,2023,322
2023-11-19 00:00:00+00:00,2.241062937062937,5.608,143,2023,323
2023-11-20 00:00:00+00:00,2.2888611111111112,5.468,144,2023,324
2023-11-21 00:00:00+00:00,3.323433566433567,7.593999999999999,143,2023,325
2023-11-22 00:00:00+00:00,7.420097902097902,11.37,143,2023,326
2023-11-23 00:00:00+00:00,2.8717342657342657,6.087999999999999,143,2023,327
2023-11-24 00:00:00+00:00,2.4103636363636363,10.06,143,2023,328
2023-11-25 00:00:00+00:00,2.4652517482517484,5.176,143,2023,329
2023-11-26 00:00:00+00:00,1.6758671328671328,3.7,143,2023,330
2023-11-27 00:00:00+00:00,3.3485694444444447,10.26,144,2023,331
2023-11-28 00:00:00+00:00,6.273111888111888,12.38,143,2023,332
2023-11-29 00:00:00+00:00,2.1985244755244757,5.144,143,2023,333
2023-11-30 00:00:00+00:00,2.76120979020979,7.995,143,2023,334
2023-12-01 00:00:00+00:00,2.0625034965034965,6.353,143,2023,335
2023-12-02 00:00:00+00:00,3.386901960784314,6.983,102,2023,336
2023-12-04 00:00:00+00:00,1.982111111111111,9.22,144,2023,338
2023-12-05 00:00:00+00:00,6.297923076923077,11.65,143,2023,339
2023-12-06 00:00:00+00:00,2.233118881118881,6.442,143,2023,340
2023-12-07 00:00:00+00:00,1.8735034965034965,5.183,143,2023,341
2023-12-08 00:00:00+00:00,3.1295104895104893,7.405,143,2023,342
2023-12-09 00:00:00+00:00,4.374818181818182,14.78,143,2023,343
2023-12-10 00:00:00+00:00,3.725412587412588,8.63,143,2023,344
2023-12-11 00:00:00+00:00,3.1234027777777778,7.817,144,2023,345
2023-12-12 00:00:00+00:00,2.119811188811189,7.024,143,2023,346
2023-12-13 00:00:00+00:00,3.37293006993007,9.87,143,2023,347
2023-12-14 00:00:00+00:00,1.754111888111888,5.499,143,2023,348
2023-12-15 00:00:00+00:00,2.3954895104895106,5.49,143,2023,349
2023-12-16 00:00:00+00:00,3.4245384615384618,6.615,143,2023,350
2023-12-17 00:00:00+00:00,1.3200139860139861,3.2710000000000004,143,2023,351
2023-12-18 00:00:00+00:00,1.4163402777777778,2.6519999999999997,144,2023,352
2023-12-19 00:00:00+00:00,1.3630909090909091,3.957,143,2023,353
2023-12-20 00:00:00+00:00,1.8343146853146854,7.039,143,2023,354
2023-12-21 00:00:00+00:00,5.2768811188811195,10.1,143,2023,355
2023-12-22 00:00:00+00:00,6.2940000000000005,10.09,143,2023,356
2023-12-23 00:00:00+00:00,4.689160839160839,9.1,143,2023,357
2023-12-24 00:00:00+00:00,1.7874265734265735,4.4430000000000005,143,2023,358
2023-12-25 00:00:00+00:00,1.3099930555555557,2.824,144,2023,359
2023-12-26 00:00:00+00:00,1.529118881118881,2.5580000000000003,143,2023,360
2023-12-27 00:00:00+00:00,1.3861188811188812,3.0639999999999996,143,2023,361
2023-12-28 00:00:00+00:00,1.5592781954887218,4.252,133,2023,362
2024-01-05 00:00:00+00:00,1.7526944444444446,5.303999999999999,144,2024,5
2024-01-06 00:00:00+00:00,2.2816666666666667,5.685,144,2024,6
2024-01-07 00:00:00+00:00,7.094270833333334,11.42,144,2024,7
2024-01-08 00:00:00+00:00,7.346951388888889,11.19,144,2024,8
2024-01-09 00:00:00+00:00,1.938777777777778,4.121,144,2024,9
2024-01-10 00:00:00+00:00,2.310379746835443,4.792,79,2024,10
2024-01-12 00:00:00+00:00,4.4961319444444445,6.026,144,2024,12
2024-01-13 00:00:00+00:00,1.7715486111111112,4.078,144,2024,13
2024-01-14 00:00:00+00:00,1.5304027777777778,3.1719999999999997,144,2024,14
2024-01-15 00:00:00+00:00,4.5494375,9.05,144,2024,15
2024-01-16 00:00:00+00:00,2.090284722222222,6.132999999999999,144,2024,16
2024-01-17 00:00:00+00:00,4.907798611111111,8.86,144,2024,17
2024-01-18 00:00:00+00:00,3.335166666666667,8.9,144,2024,18
2024-01-19 00:00:00+00:00,6.781208333333334,11.12,144,2024,19
2024-01-20 00:00:00+00:00,3.4408333333333334,8.5,144,2024,20
2024-01-21 00:00:00+00:00,1.8331041666666665,3.3960000000000004,144,2024,21
2024-01-22 00:00:00+00:00,1.9810625000000002,6.6610000000000005,144,2024,22
2024-01-23 00:00:00+00:00,2.5752916666666668,9.14,144,2024,23
2024-01-24 00:00:00+00:00,1.5071666666666668,4.038,144,2024,24
2024-01-25 00:00:00+00:00,1.2897916666666667,4.052,144,2024,25
2024-01-26 00:00:00+00:00,1.4937847222222222,3.056,144,2024,26
2024-01-27 00:00:00+00:00,1.7201597222222222,4.917,144,2024,27
2024-01-28 00:00:00+00:00,1.304798611111111,3.576,144,2024,28
2024-01-29 00:00:00+00:00,1.1474513888888889,2.3280000000000003,144,2024,29
2024-01-30 00:00:00+00:00,0.9817638888888889,2.0380000000000003,144,2024,30
2024-01-31 00:00:00+00:00,1.0980902777777777,2.012,144,2024,31
2024-02-01 00:00:00+00:00,1.1035763888888888,3.5589999999999997,144,2024,32
2024-02-02 00:00:00+00:00,1.1151458333333333,2.8310000000000004,144,2024,33
2024-02-03 00:00:00+00:00,0.9941805555555556,2.235,144,2024,34
2024-02-04 00:00:00+00:00,1.0195347222222222,2.296,144,2024,35
2024-02-05 00:00:00+00:00,0.853375,2.2230000000000003,144,2024,36
2024-02-06 00:00:00+00:00,1.4227638888888887,4.263999999999999,144,2024,37
2024-02-07 00:00:00+00:00,1.4955208333333332,3.486,144,2024,38
2024-02-08 00:00:00+00:00,1.2965416666666667,2.9189999999999996,144,2024,39
2024-02-09 00:00:00+00:00,1.3599652777777778,6.354,144,2024,40
2024-02-10 00:00:00+00:00,2.5156805555555555,11.88,144,2024,41
2024-02-11 00:00:00+00:00,2.9153680555555557,7.256,144,2024,42
2024-02-12 00:00:00+00:00,1.2620972222222222,3.282,144,2024,43
2024-02-13 00:00:00+00:00,1.1767013888888889,2.657,144,2024,44
2024-02-14 00:00:00+00:00,1.3534166666666667,5.693,144,2024,45
2024-02-15 00:00:00+00:00,0.8937708333333334,2.194,144,2024,46
2024-02-16 00:00:00+00:00,0.8555208333333333,2.142,144,2024,47
2024-02-17 00:00:00+00:00,1.8503819444444443,7.193,144,2024,48
2024-02-18 00:00:00+00:00,1.183138888888889,3.503,144,2024,49
2024-02-19 00:00:00+00:00,1.2704513888888889,3.395,144,2024,50
2024-02-20 00:00:00+00:00,1.5391458333333334,2.9939999999999998,144,2024,51
2024-02-21 00:00:00+00:00,1.7616458333333334,9.09,144,2024,52
2024-02-22 00:00:00+00:00,4.369284722222222,13.43,144,2024,53
2024-02-23 00:00:00+00:00,2.7213541666666665,7.267,144,2024,54
2024-02-24 00:00:00+00:00,4.492625,11.27,144,2024,55
2024-02-25 00:00:00+00:00,1.7802291666666668,4.213,144,2024,56
2024-02-26 00:00:00+00:00,1.6777986111111112,4.69,144,2024,57
2024-02-27 00:00:00+00:00,5.455722222222223,8.99,144,2024,58
2024-02-28 00:00:00+00:00,6.038208333333333,9.76,144,2024,59
2024-02-29 00:00:00+00:00,0.8284236111111112,2.1180000000000003,144,2024,60
2024-03-01 00:00:00+00:00,1.4159097222222221,3.21,144,2024,61
2024-03-02 00:00:00+00:00,1.3463888888888889,3.313,144,2024,62
2024-03-03 00:00:00+00:00,2.2720625,8.31,144,2024,63
2024-03-04 00:00:00+00:00,1.3227708333333335,4.828,144,2024,64
2024-03-05 00:00:00+00:00,3.5506527777777777,11.77,144,2024,65
2024-03-06 00:00:00+00:00,1.5766875,6.332000000000001,144,2024,66
2024-03-07 00:00:00+00:00,1.8042222222222222,5.377999999999999,144,2024,67
2024-03-08 00:00:00+00:00,2.2179583333333337,4.208,144,2024,68
2024-03-09 00:00:00+00:00,1.2985208333333333,3.344,144,2024,69
2024-03-10 00:00:00+00:00,2.508576388888889,5.522,144,2024,70
2024-03-11 00:00:00+00:00,1.8330069444444443,4.934,144,2024,71
2024-03-12 00:00:00+00:00,1.1267430555555555,3.364,144,2024,72
2024-03-13 00:00:00+00:00,1.244763888888889,3.1060000000000003,144,2024,73
2024-03-14 00:00:00+00:00,1.2311388888888888,2.708,144,2024,74
2024-03-15 00:00:00+00:00,1.694625,5.729,144,2024,75
2024-03-16 00:00:00+00:00,1.7309236111111113,6.416,144,2024,76
2024-03-17 00:00:00+00:00,0.8989444444444445,1.8769999999999998,144,2024,77
2024-03-18 00:00:00+00:00,1.3532847222222222,3.509,144,2024,78
2024-03-19 00:00:00+00:00,1.4226041666666667,5.175,144,2024,79
2024-03-20 00:00:00+00:00,0.9746666666666667,1.9769999999999999,144,2024,80
2024-03-21 00:00:00+00:00,1.6551111111111112,4.1339999999999995,144,2024,81
2024-03-22 00:00:00+00:00,1.3370555555555557,5.06,144,2024,82
2024-03-23 00:00:00+00:00,5.262229166666667,9.82,144,2024,83
2024-03-24 00:00:00+00:00,4.723104166666666,11.13,144,2024,84
2024-03-25 00:00:00+00:00,2.156041666666667,7.531000000000001,144,2024,85
2024-03-26 00:00:00+00:00,1.585826388888889,5.544,144,2024,86
2024-03-27 00:00:00+00:00,3.273923611111111,10.27,144,2024,87
2024-03-28 00:00:00+00:00,3.7394652777777773,11.98,144,2024,88
2024-03-29 00:00:00+00:00,4.655027777777778,12.83,144,2024,89
2024-03-30 00:00:00+00:00,4.063902777777778,12.21,144,2024,90
2024-03-31 00:00:00+00:00,1.8842291666666666,5.773,144,2024,91
2024-04-01 00:00:00+00:00,5.060694444444445,11.93,144,2024,92
2024-04-02 00:00:00+00:00,2.909340277777778,7.603,144,2024,93
2024-04-03 00:00:00+00:00,1.9916458333333336,6.36,144,2024,94
2024-04-04 00:00:00+00:00,1.4338055555555556,4.538,144,2024,95
2024-04-05 00:00:00+00:00,1.5849166666666668,5.146,144,2024,96
2024-04-06 00:00:00+00:00,1.509375,3.08,144,2024,97
2024-04-07 00:00:00+00:00,0.9195916666666667,2.4,120,2024,98
2024-04-08 00:00:00+00:00,1.4490486111111112,4.221,144,2024,99
2024-04-09 00:00:00+00:00,3.933708333333333,10.79,144,2024,100
2024-04-10 00:00:00+00:00,4.524347222222222,8.63,144,2024,101
2024-04-11 00:00:00+00:00,1.9013055555555556,7.3260000000000005,144,2024,102
2024-04-12 00:00:00+00:00,0.8131458333333333,1.949,144,2024,103
2024-04-13 00:00:00+00:00,0.789875,2.019,144,2024,104
2024-04-14 00:00:00+00:00,0.9173541666666666,2.238,144,2024,105
2024-04-15 00:00:00+00:00,3.905166666666667,10.23,144,2024,106
2024-04-16 00:00:00+00:00,6.019472222222222,10.59,144,2024,107
2024-04-17 00:00:00+00:00,2.484375,6.937,144,2024,108
2024-04-18 00:00:00+00:00,3.8916041666666663,7.457999999999999,144,2024,109
2024-04-19 00:00:00+00:00,2.863513888888889,7.252999999999999,144,2024,110
2024-04-20 00:00:00+00:00,2.1535972222222224,5.767,144,2024,111
2024-04-21 00:00:00+00:00,3.5488055555555555,8.83,144,2024,112
2024-04-22 00:00:00+00:00,7.258416666666666,11.82,144,2024,113
2024-04-23 00:00:00+00:00,6.989138888888889,9.86,144,2024,114
2024-04-24 00:00:00+00:00,2.3849513888888887,6.422999999999999,144,2024,115
2024-04-25 00:00:00+00:00,1.9005277777777776,5.261,144,2024,116
2024-04-26 00:00:00+00:00,1.8229513888888889,5.245,144,2024,117
2024-04-27 00:00:00+00:00,1.6129305555555555,6.859,144,2024,118
2024-04-28 00:00:00+00:00,1.7548,4.156000000000001,25,2024,119
2024-04-29 00:00:00+00:00,0.8920347222222222,2.187,144,2024,120
2024-04-30 00:00:00+00:00,1.0184166666666665,2.5180000000000002,144,2024,121
2024-05-01 00:00:00+00:00,0.9782708333333334,2.299,144,2024,122
2024-05-02 00:00:00+00:00,3.5339722222222223,11.01,144,2024,123
2024-05-03 00:00:00+00:00,2.0555555555555554,5.063,144,2024,124
2024-05-04 00:00:00+00:00,2.1659583333333337,7.4639999999999995,144,2024,125
2024-05-05 00:00:00+00:00,1.517986111111111,6.553999999999999,144,2024,126
2024-05-06 00:00:00+00:00,2.7203055555555555,5.672000000000001,144,2024,127
2024-05-07 00:00:00+00:00,1.4315833333333332,6.486000000000001,144,2024,128
2024-05-08 00:00:00+00:00,5.1607361111111105,8.78,144,2024,129
2024-05-09 00:00:00+00:00,3.6653124999999998,7.319,144,2024,130
2024-05-10 00:00:00+00:00,0.9484027777777777,3.196,144,2024,131
2024-05-11 00:00:00+00:00,0.9893263888888888,3.199,144,2024,132
2024-05-12 00:00:00+00:00,2.688826388888889,8.82,144,2024,133
2024-05-13 00:00:00+00:00,2.678840277777778,6.874,144,2024,134
2024-05-14 00:00:00+00:00,1.769638888888889,4.477,144,2024,135
2024-05-15 00:00:00+00:00,1.0732950819672131,2.862,61,2024,136
2024-05-16 00:00:00+00:00,2.267707865168539,8.03,89,2024,137
2024-05-17 00:00:00+00:00,1.8956111111111111,4.127,144,2024,138
2024-05-18 00:00:00+00:00,1.6397152777777777,4.793,144,2024,139
2024-05-19 00:00:00+00:00,1.5578680555555555,6.7170000000000005,144,2024,140
2024-05-20 00:00:00+00:00,1.7930347222222223,16.91,144,2024,141
2024-05-21 00:00:00+00:00,2.520201388888889,7.985,144,2024,142
2024-05-22 00:00:00+00:00,2.2964583333333333,8.17,144,2024,143
2024-05-23 00:00:00+00:00,2.007270833333333,6.67,144,2024,144
2024-05-24 00:00:00+00:00,2.5022430555555553,9.52,144,2024,145
2024-05-25 00:00:00+00:00,1.5112430555555556,4.375,144,2024,146
2024-05-26 00:00:00+00:00,1.5554930555555557,4.164,144,2024,147
2024-05-27 00:00:00+00:00,2.137388888888889,6.126,144,2024,148
2024-05-28 00:00:00+00:00,1.5241666666666667,3.0389999999999997,144,2024,149
2024-05-29 00:00:00+00:00,1.6998194444444445,7.6770000000000005,144,2024,150
2024-05-30 00:00:00+00:00,3.7490694444444443,10.99,144,2024,151
2024-05-31 00:00:00+00:00,3.0347972027972028,9.49,143,2024,152
2024-06-01 00:00:00+00:00,3.4442083333333335,7.294,144,2024,153
2024-06-02 00:00:00+00:00,1.1843194444444445,5.421,144,2024,154
2024-06-03 00:00:00+00:00,3.0451041666666665,7.864,144,2024,155
2024-06-04 00:00:00+00:00,1.6591944444444444,4.695,144,2024,156
2024-06-05 00:00:00+00:00,1.3973888888888888,3.3569999999999998,144,2024,157
2024-06-06 00:00:00+00:00,1.9478819444444444,12.42,144,2024,158
2024-06-07 00:00:00+00:00,1.1941527777777778,4.08,144,2024,159
2024-06-08 00:00:00+00:00,1.4113402777777777,4.835,144,2024,160
2024-06-09 00:00:00+00:00,2.4288541666666665,9.11,144,2024,161
2024-06-10 00:00:00+00:00,2.0915138888888887,5.892,144,2024,162
2024-06-11 00:00:00+00:00,3.4576223776223776,6.22,143,2024,163
2024-06-12 00:00:00+00:00,3.0936388888888886,5.591,144,2024,164
2024-06-13 00:00:00+00:00,1.9759583333333335,3.734,144,2024,165
2024-06-14 00:00:00+00:00,2.6974444444444448,9.13,144,2024,166
2024-06-15 00:00:00+00:00,3.2647291666666667,9.11,144,2024,167
2024-06-16 00:00:00+00:00,1.722909722222222,3.9219999999999997,144,2024,168
2024-06-17 00:00:00+00:00,1.5095972222222223,4.03,144,2024,169
2024-06-18 00:00:00+00:00,1.4441041666666665,2.806,144,2024,170
2024-06-19 00:00:00+00:00,1.4117708333333332,5.966,144,2024,171
2024-06-20 00:00:00+00:00,2.2635384615384613,8.84,143,2024,172
2024-06-21 00:00:00+00:00,2.5271608391608393,6.098,143,2024,173
2024-06-22 00:00:00+00:00,2.2626223776223777,5.004,143,2024,174
2024-06-23 00:00:00+00:00,5.687594405594406,10.11,143,2024,175
2024-06-24 00:00:00+00:00,3.3783055555555555,7.371,144,2024,176
2024-06-25 00:00:00+00:00,1.9114825174825174,10.06,143,2024,177
2024-06-26 00:00:00+00:00,1.213832167832168,3.6639999999999997,143,2024,178
2024-06-27 00:00:00+00:00,1.2418041958041959,3.378,143,2024,179
2024-06-28 00:00:00+00:00,1.5255734265734266,3.773,143,2024,180
2024-06-29 00:00:00+00:00,1.2289722222222224,2.2030000000000003,36,2024,181
2024-07-02 00:00:00+00:00,3.262388888888889,7.736000000000001,144,2024,184
2024-07-03 00:00:00+00:00,2.0814545454545454,7.2010000000000005,143,2024,185
2024-07-04 00:00:00+00:00,2.5608321678321677,6.6579999999999995,143,2024,186
2024-07-05 00:00:00+00:00,1.4925734265734265,3.1919999999999997,143,2024,187
2024-07-06 00:00:00+00:00,2.284146853146853,8.31,143,2024,188
2024-07-07 00:00:00+00:00,1.7378741258741257,4.0760000000000005,143,2024,189
2024-07-08 00:00:00+00:00,1.5831111111111111,3.812,144,2024,190
2024-07-09 00:00:00+00:00,1.3002727272727272,3.492,143,2024,191
2024-07-10 00:00:00+00:00,1.2424685314685315,4.091,143,2024,192
2024-07-11 00:00:00+00:00,1.5695874125874125,6.872000000000001,143,2024,193
2024-07-12 00:00:00+00:00,2.8556363636363638,10.33,143,2024,194
2024-07-13 00:00:00+00:00,1.8998251748251749,4.689,143,2024,195
2024-07-14 00:00:00+00:00,1.486048951048951,4.761,143,2024,196
2024-07-15 00:00:00+00:00,1.7005902777777777,8.02,144,2024,197
2024-07-16 00:00:00+00:00,2.7937482517482515,6.3389999999999995,143,2024,198
2024-07-17 00:00:00+00:00,3.0389020979020978,8.03,143,2024,199
2024-07-18 00:00:00+00:00,1.0883846153846155,3.0980000000000003,143,2024,200
2024-07-19 00:00:00+00:00,1.4091818181818183,3.263,143,2024,201
2024-07-20 00:00:00+00:00,1.3969999999999998,4.303999999999999,143,2024,202
2024-07-21 00:00:00+00:00,2.9691328671328674,7.694,143,2024,203
2024-07-22 00:00:00+00:00,2.3171319444444443,5.561,144,2024,204
2024-07-23 00:00:00+00:00,1.7785174825174825,6.068,143,2024,205
2024-07-24 00:00:00+00:00,3.674601398601398,8.07,143,2024,206
2024-07-25 00:00:00+00:00,1.4126153846153846,4.45,143,2024,207
2024-07-26 00:00:00+00:00,1.469048951048951,2.8480000000000003,143,2024,208
2024-07-27 00:00:00+00:00,1.3746503496503495,5.3839999999999995,143,2024,209
2024-07-28 00:00:00+00:00,2.5858741258741262,5.8660000000000005,143,2024,210
2024-07-29 00:00:00+00:00,1.2261319444444443,3.188,144,2024,211
2024-07-30 00:00:00+00:00,1.2862097902097902,3.08,143,2024,212
2024-07-31 00:00:00+00:00,3.47613986013986,12.2,143,2024,213
2024-08-01 00:00:00+00:00,3.6332027972027974,9.2,143,2024,214
2024-08-02 00:00:00+00:00,2.9263706293706293,7.519,143,2024,215
2024-08-03 00:00:00+00:00,2.677370629370629,6.112,143,2024,216
2024-08-04 00:00:00+00:00,2.0316783216783216,6.046,143,2024,217
2024-08-05 00:00:00+00:00,1.3927361111111112,4.208,144,2024,218
2024-08-06 00:00:00+00:00,1.5895524475524476,3.0989999999999998,143,2024,219
2024-08-07 00:00:00+00:00,2.0682097902097905,7.192,143,2024,220
2024-08-08 00:00:00+00:00,2.039888111888112,5.638999999999999,143,2024,221
2024-08-09 00:00:00+00:00,1.7196573426573427,5.301,143,2024,222
2024-08-10 00:00:00+00:00,1.188055944055944,3.7110000000000003,143,2024,223
2024-08-11 00:00:00+00:00,1.3883216783216783,8.02,143,2024,224
2024-08-12 00:00:00+00:00,3.4899513888888887,12.0,144,2024,225
2024-08-13 00:00:00+00:00,4.5446783216783215,13.93,143,2024,226
2024-08-14 00:00:00+00:00,1.742846153846154,6.819,143,2024,227
2024-08-15 00:00:00+00:00,1.9125734265734264,6.457999999999999,143,2024,228
2024-08-16 00:00:00+00:00,1.4052377622377623,6.652,143,2024,229
2024-08-17 00:00:00+00:00,2.7915174825174827,7.357,143,2024,230
2024-08-18 00:00:00+00:00,3.6649230769230767,9.42,143,2024,231
2024-08-19 00:00:00+00:00,5.409131944444444,9.97,144,2024,232
2024-08-20 00:00:00+00:00,1.5414405594405594,4.87,143,2024,233
2024-08-21 00:00:00+00:00,3.0677832167832166,7.0889999999999995,143,2024,234
2024-08-22 00:00:00+00:00,1.562951048951049,3.188,143,2024,235
2024-08-23 00:00:00+00:00,1.602909090909091,2.748,143,2024,236
2024-08-24 00:00:00+00:00,2.207804195804196,7.867000000000001,143,2024,237
2024-08-25 00:00:00+00:00,2.276055944055944,8.92,143,2024,238
2024-08-26 00:00:00+00:00,3.4789375,9.33,144,2024,239
2024-08-27 00:00:00+00:00,1.6783566433566433,4.841,143,2024,240
2024-08-28 00:00:00+00:00,1.1849300699300698,2.792,143,2024,241
2024-08-29 00:00:00+00:00,1.4363076923076923,4.448,143,2024,242
2024-08-30 00:00:00+00:00,1.0753986013986014,1.9869999999999999,143,2024,243
2024-08-31 00:00:00+00:00,1.36393006993007,3.886,143,2024,244
2024-09-01 00:00:00+00:00,2.172076923076923,8.39,143,2024,245
2024-09-02 00:00:00+00:00,1.5765512820512821,3.142,78,2024,246
2024-09-03 00:00:00+00:00,1.972909722222222,9.94,144,2024,247
2024-09-04 00:00:00+00:00,1.8389510489510492,5.207000000000001,143,2024,248
2024-09-05 00:00:00+00:00,3.4247552447552447,9.12,143,2024,249
2024-09-06 00:00:00+00:00,1.357041958041958,3.034,143,2024,250
2024-09-07 00:00:00+00:00,1.379846153846154,3.275,143,2024,251
2024-09-08 00:00:00+00:00,1.825916083916084,6.629,143,2024,252
2024-09-09 00:00:00+00:00,5.669388888888889,9.71,144,2024,253
2024-09-10 00:00:00+00:00,3.1752237762237763,6.933,143,2024,254
2024-09-11 00:00:00+00:00,4.497531468531469,10.12,143,2024,255
2024-09-12 00:00:00+00:00,2.940881118881119,6.727,143,2024,256
2024-09-13 00:00:00+00:00,3.244048951048951,7.124,143,2024,257
2024-09-14 00:00:00+00:00,6.920538461538461,10.35,143,2024,258
2024-09-15 00:00:00+00:00,4.971783216783217,10.47,143,2024,259
2024-09-16 00:00:00+00:00,4.832361111111111,9.67,144,2024,260
2024-09-17 00:00:00+00:00,7.620839160839161,12.97,143,2024,261
2024-09-18 00:00:00+00:00,1.782958041958042,3.795,143,2024,262
2024-09-19 00:00:00+00:00,1.276167832167832,3.73,143,2024,263
2024-09-20 00:00:00+00:00,1.1304125874125874,2.2880000000000003,143,2024,264
2024-09-21 00:00:00+00:00,1.225,2.6830000000000003,143,2024,265
2024-09-22 00:00:00+00:00,1.4352027972027972,4.82,143,2024,266
2024-09-23 00:00:00+00:00,1.616673611111111,4.473,144,2024,267
2024-09-24 00:00:00+00:00,3.212937062937063,8.52,143,2024,268
2024-09-25 00:00:00+00:00,2.3267762237762235,6.135,143,2024,269
2024-09-26 00:00:00+00:00,2.9205594405594404,6.9910000000000005,143,2024,270
2024-09-27 00:00:00+00:00,5.777818181818182,12.12,143,2024,271
2024-09-28 00:00:00+00:00,3.1615944055944056,10.49,143,2024,272
2024-09-29 00:00:00+00:00,2.1577832167832165,5.316,143,2024,273
2024-09-30 00:00:00+00:00,2.555972222222222,8.02,144,2024,274
2024-10-01 00:00:00+00:00,2.1322657342657343,10.95,143,2024,275
2024-10-02 00:00:00+00:00,2.8201258741258743,7.555,143,2024,276
2024-10-03 00:00:00+00:00,6.441776223776223,10.12,143,2024,277
2024-10-04 00:00:00+00:00,6.08972027972028,10.4,143,2024,278
2024-10-05 00:00:00+00:00,2.749048951048951,6.742999999999999,143,2024,279
2024-10-06 00:00:00+00:00,1.2881678321678323,4.792,143,2024,280
2024-10-07 00:00:00+00:00,1.3015208333333335,3.363,144,2024,281
2024-10-08 00:00:00+00:00,1.5546503496503496,4.334,143,2024,282
2024-10-09 00:00:00+00:00,1.7244195804195803,4.08,143,2024,283
2024-10-10 00:00:00+00:00,4.830888111888112,13.25,143,2024,284
2024-10-11 00:00:00+00:00,1.8101048951048953,5.039,143,2024,285
2024-10-12 00:00:00+00:00,1.4411468531468532,3.597,143,2024,286
2024-10-13 00:00:00+00:00,2.8293636363636363,6.672000000000001,143,2024,287
2024-10-14 00:00:00+00:00,2.512652777777778,6.316,144,2024,288
2024-10-15 00:00:00+00:00,1.8435314685314685,7.098,143,2024,289
2024-10-16 00:00:00+00:00,0.997013986013986,3.261,143,2024,290
2024-10-17 00:00:00+00:00,1.2548251748251749,3.694,143,2024,291
2024-10-18 00:00:00+00:00,1.615251748251748,5.399,143,2024,292
2024-10-19 00:00:00+00:00,1.2551258741258742,3.5810000000000004,143,2024,293
2024-10-20 00:00:00+00:00,1.2947132867132867,2.725,143,2024,294
2024-10-21 00:00:00+00:00,0.9259166666666666,2.012,144,2024,295
2024-10-22 00:00:00+00:00,1.1243846153846155,3.641,143,2024,296
2024-10-23 00:00:00+00:00,1.9735524475524477,4.3660000000000005,143,2024,297
2024-10-24 00:00:00+00:00,0.8187972027972028,2.53,143,2024,298
2024-10-25 00:00:00+00:00,1.4595594405594408,3.415,143,2024,299
2024-10-26 00:00:00+00:00,1.4910629370629371,3.634,143,2024,300
2024-10-27 00:00:00+00:00,1.086041958041958,3.267,143,2024,301
2024-10-28 00:00:00+00:00,1.296638888888889,2.9739999999999998,144,2024,302
2024-10-29 00:00:00+00:00,1.3438041958041957,2.8710000000000004,143,2024,303
2024-10-30 00:00:00+00:00,1.7107692307692308,3.63,143,2024,304
2024-10-31 00:00:00+00:00,1.5705454545454545,3.636,143,2024,305
2024-11-01 00:00:00+00:00,1.4852237762237763,2.573,143,2024,306
2024-11-02 00:00:00+00:00,1.9904405594405594,5.273,143,2024,307
2024-11-03 00:00:00+00:00,1.550055944055944,4.146,143,2024,308
2024-11-04 00:00:00+00:00,1.6704375,2.975,144,2024,309
2024-11-05 00:00:00+00:00,1.6494895104895106,3.3939999999999997,143,2024,310
2024-11-06 00:00:00+00:00,1.2666993006993008,2.491,143,2024,311
2024-11-07 00:00:00+00:00,1.526090909090909,3.4610000000000003,143,2024,312
2024-11-08 00:00:00+00:00,1.861034965034965,3.7230000000000003,143,2024,313
2024-11-09 00:00:00+00:00,1.3034475524475524,2.497,143,2024,314
2024-11-10 00:00:00+00:00,2.5161748251748253,6.269,143,2024,315
2024-11-11 00:00:00+00:00,3.1507708333333335,6.525,144,2024,316
2024-11-12 00:00:00+00:00,5.169398601398601,10.58,143,2024,317
2024-11-13 00:00:00+00:00,2.918169811320755,4.659,53,2024,318
2024-11-14 00:00:00+00:00,4.59175,8.59,144,2024,319
2024-11-15 00:00:00+00:00,2.222027972027972,5.956,143,2024,320
2024-11-16 00:00:00+00:00,1.57593006993007,2.923,143,2024,321
2024-11-17 00:00:00+00:00,2.2168041958041957,4.939,143,2024,322
2024-11-18 00:00:00+00:00,4.870402777777778,8.21,144,2024,323
2024-11-19 00:00:00+00:00,4.870566433566434,13.53,143,2024,324
2024-11-20 00:00:00+00:00,5.727314685314685,14.34,143,2024,325
2024-11-21 00:00:00+00:00,5.334342657342658,15.77,143,2024,326
2024-11-22 00:00:00+00:00,4.862818181818182,9.25,143,2024,327
2024-11-23 00:00:00+00:00,2.6031258741258743,8.83,143,2024,328
2024-11-24 00:00:00+00:00,4.635685314685315,9.66,143,2024,329
2024-11-25 00:00:00+00:00,3.5927361111111114,8.66,144,2024,330
2024-11-26 00:00:00+00:00,2.6312797202797205,8.09,143,2024,331
2024-11-27 00:00:00+00:00,1.5735034965034964,3.523,143,2024,332
2024-11-28 00:00:00+00:00,1.7737342657342658,4.45,143,2024,333
2024-11-29 00:00:00+00:00,2.7866083916083917,5.881,143,2024,334
2024-11-30 00:00:00+00:00,1.8702447552447552,3.497,143,2024,335
2024-12-01 00:00:00+00:00,1.4200489510489511,3.1660000000000004,143,2024,336
2024-12-02 00:00:00+00:00,1.2982291666666665,4.562,144,2024,337
2024-12-03 00:00:00+00:00,2.7032167832167833,7.365,143,2024,338
2024-12-04 00:00:00+00:00,4.739517482517482,7.655,143,2024,339
2024-12-05 00:00:00+00:00,1.6532657342657342,4.532,143,2024,340
2024-12-06 00:00:00+00:00,2.9353286713286715,9.1,143,2024,341
2024-12-07 00:00:00+00:00,4.291160839160839,10.86,143,2024,342
2024-12-08 00:00:00+00:00,3.057244755244755,8.69,143,2024,343
2024-12-09 00:00:00+00:00,8.399305555555555,10.92,144,2024,344
2024-12-10 00:00:00+00:00,5.869594405594405,9.06,143,2024,345
2024-12-11 00:00:00+00:00,3.149363636363636,5.462999999999999,143,2024,346
2024-12-12 00:00:00+00:00,2.3783426573426576,4.646,143,2024,347
2024-12-13 00:00:00+00:00,2.243846153846154,4.289,143,2024,348
2024-12-14 00:00:00+00:00,1.377013986013986,3.134,143,2024,349
2024-12-15 00:00:00+00:00,2.0755174825174825,6.5089999999999995,143,2024,350
2024-12-16 00:00:00+00:00,1.5749513888888889,3.16,144,2024,351
2024-12-17 00:00:00+00:00,1.2223496503496503,2.3609999999999998,143,2024,352
2024-12-18 00:00:00+00:00,1.6191118881118882,3.84,143,2024,353
2024-12-19 00:00:00+00:00,3.2585174825174827,10.22,143,2024,354
2024-12-20 00:00:00+00:00,1.8428811188811187,3.7489999999999997,143,2024,355
2024-12-21 00:00:00+00:00,2.130174825174825,4.7780000000000005,143,2024,356
2024-12-22 00:00:00+00:00,5.5412447552447555,10.55,143,2024,357
2024-12-23 00:00:00+00:00,2.8226944444444446,5.61,144,2024,358
2024-12-24 00:00:00+00:00,2.9884685314685315,9.2,143,2024,359
2024-12-25 00:00:00+00:00,3.8583706293706292,8.35,143,2024,360
2024-12-26 00:00:00+00:00,2.0518951048951046,4.058,143,2024,361
2024-12-27 00:00:00+00:00,1.6195454545454546,2.958,143,2024,362
2024-12-28 00:00:00+00:00,1.4852447552447554,2.6180000000000003,143,2024,363
2024-12-29 00:00:00+00:00,1.4442097902097901,2.772,143,2024,364
2024-12-30 00:00:00+00:00,1.4925208333333333,2.8339999999999996,144,2024,365
2024-12-31 00:00:00+00:00,1.4588601398601397,2.883,143,2024,366
2025-01-01 00:00:00+00:00,1.4495594405594405,2.3480000000000003,143,2025,1
2025-01-02 00:00:00+00:00,5.169979020979021,15.27,143,2025,2
2025-01-03 00:00:00+00:00,1.9622657342657341,5.734,143,2025,3
2025-01-04 00:00:00+00:00,1.8137272727272726,5.608,143,2025,4
2025-01-05 00:00:00+00:00,3.573216783216783,6.966,143,2025,5
2025-01-06 00:00:00+00:00,3.5490208333333335,11.54,144,2025,6
2025-01-07 00:00:00+00:00,4.614706293706294,11.68,143,2025,7
2025-01-08 00:00:00+00:00,3.390062937062937,9.69,143,2025,8
2025-01-09 00:00:00+00:00,4.393034965034965,9.52,143,2025,9
2025-01-10 00:00:00+00:00,1.4214825174825174,3.745,143,2025,10
2025-01-11 00:00:00+00:00,2.7604335664335666,8.35,143,2025,11
2025-01-12 00:00:00+00:00,5.996986013986014,10.16,143,2025,12
2025-01-13 00:00:00+00:00,5.422465277777778,8.28,144,2025,13
2025-01-14 00:00:00+00:00,3.215104895104895,6.454,143,2025,14
2025-01-15 00:00:00+00:00,2.204111888111888,5.985,143,2025,15
2025-01-16 00:00:00+00:00,3.3425244755244754,8.54,143,2025,16
2025-01-17 00:00:00+00:00,2.3297692307692306,4.125,143,2025,17
2025-01-18 00:00:00+00:00,2.5302727272727275,4.425,143,2025,18
2025-01-19 00:00:00+00:00,1.4445944055944056,3.557,143,2025,19
2025-01-20 00:00:00+00:00,1.3261319444444444,2.392,144,2025,20
2025-01-21 00:00:00+00:00,1.3851608391608392,2.9530000000000003,143,2025,21
2025-01-22 00:00:00+00:00,1.1128391608391608,2.492,143,2025,22
2025-01-23 00:00:00+00:00,1.8924475524475526,5.7620000000000005,143,2025,23
2025-01-24 00:00:00+00:00,2.011846153846154,8.37,143,2025,24
2025-01-25 00:00:00+00:00,3.1586573426573428,13.4,143,2025,25
2025-01-26 00:00:00+00:00,3.0516783216783216,10.31,143,2025,26
2025-01-27 00:00:00+00:00,4.219166666666666,10.36,144,2025,27
2025-01-28 00:00:00+00:00,4.508244755244755,11.5,143,2025,28
2025-01-29 00:00:00+00:00,3.5316573426573425,10.84,143,2025,29
2025-01-30 00:00:00+00:00,1.2463286713286712,3.404,143,2025,30
2025-01-31 00:00:00+00:00,1.9701888111888113,5.7989999999999995,143,2025,31
2025-02-01 00:00:00+00:00,3.612097902097902,6.678999999999999,143,2025,32
2025-02-02 00:00:00+00:00,1.892986013986014,4.218999999999999,143,2025,33
2025-02-03 00:00:00+00:00,2.6353194444444443,4.6160000000000005,144,2025,34
2025-02-04 00:00:00+00:00,1.703027972027972,2.9730000000000003,143,2025,35
2025-02-05 00:00:00+00:00,1.712888111888112,4.106,143,2025,36
2025-02-06 00:00:00+00:00,3.419377622377622,6.277,143,2025,37
2025-02-07 00:00:00+00:00,1.8187183098591548,4.257,142,2025,38
2025-02-08 00:00:00+00:00,1.3157762237762238,2.611,143,2025,39
2025-02-09 00:00:00+00:00,1.3175594405594406,3.803,143,2025,40
2025-02-10 00:00:00+00:00,0.7641180555555556,1.9480000000000002,144,2025,41
2025-02-11 00:00:00+00:00,0.9065244755244756,4.692,143,2025,42
2025-02-12 00:00:00+00:00,0.7696783216783216,1.659,143,2025,43
2025-02-13 00:00:00+00:00,1.509958041958042,7.517,143,2025,44
2025-02-14 00:00:00+00:00,6.83848951048951,10.7,143,2025,45
2025-02-15 00:00:00+00:00,2.622839160839161,6.377999999999999,143,2025,46
2025-02-16 00:00:00+00:00,1.3184405594405595,3.3760000000000003,143,2025,47
2025-02-17 00:00:00+00:00,2.3149930555555556,3.917,144,2025,48
2025-02-18 00:00:00+00:00,2.178377622377622,4.274,143,2025,49
2025-02-19 00:00:00+00:00,1.5273776223776223,3.593,143,2025,50
2025-02-20 00:00:00+00:00,0.708916083916084,1.696,143,2025,51
2025-02-21 00:00:00+00:00,0.8724195804195805,2.031,143,2025,52
2025-02-22 00:00:00+00:00,0.8912517482517482,2.512,143,2025,53
2025-02-23 00:00:00+00:00,0.7322027972027972,3.4139999999999997,143,2025,54
2025-02-24 00:00:00+00:00,1.0447499999999998,3.033,144,2025,55
2025-02-25 00:00:00+00:00,3.87793006993007,13.17,143,2025,56
2025-02-26 00:00:00+00:00,2.966433566433566,10.46,143,2025,57
2025-02-27 00:00:00+00:00,1.5845664335664336,4.794,143,2025,58
2025-02-28 00:00:00+00:00,3.618153846153846,7.403,143,2025,59
2025-03-01 00:00:00+00:00,6.647615384615385,9.02,143,2025,60
2025-03-02 00:00:00+00:00,2.7298111888111887,6.857,143,2025,61
2025-03-03 00:00:00+00:00,1.2526388888888889,2.494,144,2025,62
2025-03-04 00:00:00+00:00,1.1547552447552447,2.142,143,2025,63
2025-03-05 00:00:00+00:00,1.1185874125874127,2.269,143,2025,64
2025-03-06 00:00:00+00:00,1.2549421487603307,2.7230000000000003,121,2025,65
2025-03-07 00:00:00+00:00,1.2121608391608392,2.653,143,2025,66
2025-03-08 00:00:00+00:00,1.0343496503496503,3.2,143,2025,67
2025-03-09 00:00:00+00:00,1.1493356643356643,3.346,143,2025,68
2025-03-10 00:00:00+00:00,2.258784722222222,8.13,144,2025,69
2025-03-11 00:00:00+00:00,1.3657412587412587,4.427,143,2025,70
2025-03-12 00:00:00+00:00,1.7587762237762237,4.364,143,2025,71
2025-03-13 00:00:00+00:00,4.107405594405595,13.69,143,2025,72
2025-03-14 00:00:00+00:00,4.019755244755245,8.54,143,2025,73
2025-03-15 00:00:00+00:00,4.783447552447552,9.23,143,2025,74
2025-03-16 00:00:00+00:00,2.0748741258741257,7.995,143,2025,75
2025-03-17 00:00:00+00:00,5.735576388888889,8.25,144,2025,76
2025-03-18 00:00:00+00:00,1.7537202797202798,4.431,143,2025,77
2025-03-19 00:00:00+00:00,1.4165524475524476,2.622,143,2025,78
2025-03-20 00:00:00+00:00,1.119839160839161,3.174,143,2025,79
2025-03-21 00:00:00+00:00,1.104,4.035,143,2025,80
2025-03-22 00:00:00+00:00,1.6358461538461537,5.309,143,2025,81
2025-03-23 00:00:00+00:00,2.400055944055944,8.52,143,2025,82
2025-03-24 00:00:00+00:00,2.114423611111111,5.667000000000001,144,2025,83
2025-03-25 00:00:00+00:00,3.029201438848921,7.67,139,2025,84
2025-03-26 00:00:00+00:00,4.024347222222222,11.51,144,2025,85
2025-03-27 00:00:00+00:00,6.9195625000000005,11.0,144,2025,86
2025-03-28 00:00:00+00:00,1.3470902777777778,3.1460000000000004,144,2025,87
2025-03-29 00:00:00+00:00,4.285354166666667,8.38,144,2025,88
2025-03-30 00:00:00+00:00,3.123479166666667,8.09,144,2025,89
2025-03-31 00:00:00+00:00,6.543659722222222,11.39,144,2025,90
2025-04-01 00:00:00+00:00,7.405458333333333,11.4,144,2025,91
2025-04-02 00:00:00+00:00,1.5489513888888888,3.44,144,2025,92
2025-04-03 00:00:00+00:00,1.0036180555555554,2.199,144,2025,93
2025-04-04 00:00:00+00:00,0.8717412587412587,2.311,143,2025,94
2025-04-05 00:00:00+00:00,1.6346805555555557,5.931,144,2025,95
2025-04-06 00:00:00+00:00,4.278388888888888,11.31,144,2025,96
2025-04-07 00:00:00+00:00,1.653875,4.827,144,2025,97
2025-04-08 00:00:00+00:00,1.3976041666666665,4.785,144,2025,98
2025-04-09 00:00:00+00:00,2.9625000000000004,8.11,144,2025,99
2025-04-10 00:00:00+00:00,3.3033706293706295,8.69,143,2025,100
2025-04-11 00:00:00+00:00,1.1641458333333334,3.275,144,2025,101
2025-04-12 00:00:00+00:00,1.1701319444444445,4.392,144,2025,102
2025-04-13 00:00:00+00:00,1.0802152777777776,4.334,144,2025,103
2025-04-14 00:00:00+00:00,0.9899374999999999,2.8110000000000004,144,2025,104
2025-04-15 00:00:00+00:00,1.3849583333333333,3.661,144,2025,105
2025-04-16 00:00:00+00:00,2.5495555555555556,7.126,144,2025,106
2025-04-17 00:00:00+00:00,1.4784930555555555,5.0280000000000005,144,2025,107
2025-04-18 00:00:00+00:00,2.478486111111111,5.7010000000000005,144,2025,108
2025-04-19 00:00:00+00:00,2.384729166666667,10.51,144,2025,109
2025-04-20 00:00:00+00:00,2.546347222222222,7.6629999999999985,144,2025,110
2025-04-21 00:00:00+00:00,2.1075,5.091,144,2025,111
2025-04-22 00:00:00+00:00,1.270173611111111,4.1080000000000005,144,2025,112
2025-04-23 00:00:00+00:00,2.7813055555555555,9.51,144,2025,113
2025-04-24 00:00:00+00:00,1.6358125,3.494,144,2025,114
2025-04-25 00:00:00+00:00,3.2012986111111115,8.58,144,2025,115
2025-04-26 00:00:00+00:00,2.2422916666666666,7.1560000000000015,144,2025,116
2025-04-27 00:00:00+00:00,1.544576388888889,6.46,144,2025,117
2025-04-28 00:00:00+00:00,1.4141180555555557,5.313,144,2025,118
2025-04-29 00:00:00+00:00,1.3148819444444444,4.008,144,2025,119
2025-04-30 00:00:00+00:00,1.0342361111111111,4.003,144,2025,120
2025-05-01 00:00:00+00:00,1.1737222222222221,2.499,144,2025,121
2025-05-02 00:00:00+00:00,1.8424166666666666,7.4060000000000015,144,2025,122
2025-05-03 00:00:00+00:00,1.90575,12.53,144,2025,123
2025-05-04 00:00:00+00:00,1.6408472222222223,6.066,144,2025,124
2025-05-05 00:00:00+00:00,5.087569444444444,11.78,144,2025,125
2025-05-06 00:00:00+00:00,7.4730694444444445,9.95,144,2025,126
2025-05-07 00:00:00+00:00,2.722715277777778,7.206,144,2025,127
2025-05-08 00:00:00+00:00,2.363006944444445,6.309,144,2025,128
2025-05-09 00:00:00+00:00,1.9397777777777776,5.619,144,2025,129
2025-05-10 00:00:00+00:00,1.2194791666666667,2.51,144,2025,130
2025-05-11 00:00:00+00:00,2.0420208333333334,9.64,144,2025,131
2025-05-12 00:00:00+00:00,1.3713680555555556,4.004,144,2025,132
2025-05-13 00:00:00+00:00,1.4204375,3.818,144,2025,133
2025-05-14 00:00:00+00:00,1.2070486111111112,3.2489999999999997,144,2025,134
2025-05-15 00:00:00+00:00,3.5581666666666667,10.31,144,2025,135
2025-05-16 00:00:00+00:00,6.356486111111111,11.28,144,2025,136
2025-05-17 00:00:00+00:00,1.8173055555555555,6.194,144,2025,137
2025-05-18 00:00:00+00:00,1.5188125000000001,3.0389999999999997,144,2025,138
2025-05-19 00:00:00+00:00,1.6309652777777779,6.858,144,2025,139
2025-05-20 00:00:00+00:00,1.7204097222222223,6.16,144,2025,140
2025-05-21 00:00:00+00:00,1.9517638888888886,5.593,144,2025,141
2025-05-22 00:00:00+00:00,1.9710972222222223,5.266,144,2025,142
2025-05-23 00:00:00+00:00,1.8626527777777777,4.842,144,2025,143
2025-05-24 00:00:00+00:00,1.8591180555555558,4.287,144,2025,144
2025-05-25 00:00:00+00:00,1.7394097222222222,5.848,144,2025,145
2025-05-26 00:00:00+00:00,2.6575902777777776,5.897,144,2025,146
2025-05-27 00:00:00+00:00,1.8434374999999998,4.349,144,2025,147
2025-05-28 00:00:00+00:00,1.419173611111111,5.6670000000000025,144,2025,148
2025-05-29 00:00:00+00:00,1.123076388888889,2.486,144,2025,149
2025-05-30 00:00:00+00:00,1.086701388888889,2.45,144,2025,150
2025-05-31 00:00:00+00:00,1.414701388888889,6.513999999999999,144,2025,151
2025-06-01 00:00:00+00:00,2.040090277777778,7.186,144,2025,152
2025-06-02 00:00:00+00:00,1.8680208333333335,7.638,144,2025,153
2025-06-03 00:00:00+00:00,1.5208680555555556,4.291,144,2025,154
2025-06-04 00:00:00+00:00,2.6508333333333334,9.06,144,2025,155
2025-06-05 00:00:00+00:00,1.5803402777777777,4.484,144,2025,156
2025-06-06 00:00:00+00:00,3.1546319444444446,8.01,144,2025,157
2025-06-07 00:00:00+00:00,2.4714444444444443,7.683,144,2025,158
2025-06-08 00:00:00+00:00,5.1512013888888895,9.25,144,2025,159
2025-06-09 00:00:00+00:00,1.521576388888889,4.356,144,2025,160
2025-06-10 00:00:00+00:00,1.316826388888889,2.85,144,2025,161
2025-06-11 00:00:00+00:00,1.3542847222222223,3.669,144,2025,162
2025-06-12 00:00:00+00:00,1.0465972222222222,3.003,144,2025,163
2025-06-13 00:00:00+00:00,1.2682777777777778,5.867999999999999,144,2025,164
2025-06-14 00:00:00+00:00,1.49625,4.203,144,2025,165
2025-06-15 00:00:00+00:00,2.6902916666666665,8.47,144,2025,166
2025-06-16 00:00:00+00:00,5.732972222222222,9.66,144,2025,167
2025-06-17 00:00:00+00:00,3.6787986111111106,8.77,144,2025,168
2025-06-18 00:00:00+00:00,1.5636527777777778,5.954,144,2025,169
2025-06-19 00:00:00+00:00,1.9546597222222222,6.8,144,2025,170
2025-06-20 00:00:00+00:00,2.0138125,4.86,144,2025,171
2025-06-21 00:00:00+00:00,3.046590277777778,10.32,144,2025,172
2025-06-22 00:00:00+00:00,3.000125,8.58,144,2025,173
2025-06-23 00:00:00+00:00,2.4510972222222223,6.499,144,2025,174
2025-06-24 00:00:00+00:00,1.7303055555555558,3.177,144,2025,175
2025-06-25 00:00:00+00:00,1.2936874999999999,3.759,144,2025,176
2025-06-26 00:00:00+00:00,2.4105902777777777,6.54,144,2025,177
2025-06-27 00:00:00+00:00,1.7295972222222222,5.9879999999999995,144,2025,178
2025-06-28 00:00:00+00:00,2.177951388888889,5.9220000000000015,144,2025,179
2025-06-29 00:00:00+00:00,1.7373958333333333,6.68,144,2025,180
2025-06-30 00:00:00+00:00,4.116777777777778,14.57,144,2025,181
2025-07-01 00:00:00+00:00,5.064013888888889,11.83,144,2025,182
2025-07-02 00:00:00+00:00,4.705506944444444,10.41,144,2025,183
2025-07-03 00:00:00+00:00,2.583263888888889,7.277,144,2025,184
2025-07-04 00:00:00+00:00,3.043263888888889,7.4529999999999985,144,2025,185
2025-07-05 00:00:00+00:00,2.047368055555556,6.097,144,2025,186
2025-07-06 00:00:00+00:00,4.318027777777778,11.87,144,2025,187
2025-07-07 00:00:00+00:00,4.789361111111111,9.64,144,2025,188
2025-07-08 00:00:00+00:00,2.7884930555555556,8.91,144,2025,189
2025-07-09 00:00:00+00:00,3.4813680555555555,7.635,144,2025,190
2025-07-10 00:00:00+00:00,4.547048951048951,8.42,143,2025,191
2025-07-11 00:00:00+00:00,3.5886643356643355,7.827000000000001,143,2025,192
2025-07-12 00:00:00+00:00,1.6927692307692308,6.047999999999999,143,2025,193
2025-07-13 00:00:00+00:00,1.761020979020979,7.625,143,2025,194
2025-07-14 00:00:00+00:00,2.6083194444444446,7.812,144,2025,195
2025-07-15 00:00:00+00:00,2.0591538461538463,5.189,143,2025,196
2025-07-16 00:00:00+00:00,1.9965244755244753,4.439,143,2025,197
2025-07-17 00:00:00+00:00,2.0579790209790207,6.024,143,2025,198
2025-07-18 00:00:00+00:00,1.421013986013986,3.7939999999999996,143,2025,199
2025-07-19 00:00:00+00:00,2.452888111888112,13.34,143,2025,200
2025-07-20 00:00:00+00:00,1.9943006993006993,7.216,143,2025,201
2025-07-21 00:00:00+00:00,4.793111111111111,12.16,144,2025,202
2025-07-22 00:00:00+00:00,4.2912517482517485,9.81,143,2025,203
2025-07-23 00:00:00+00:00,2.7162797202797204,6.495,143,2025,204
2025-07-24 00:00:00+00:00,3.382118881118881,7.49,143,2025,205
2025-07-25 00:00:00+00:00,3.5397902097902096,8.36,143,2025,206
2025-07-26 00:00:00+00:00,2.3060763888888887,7.266,144,2025,207
2025-07-27 00:00:00+00:00,2.6146458333333333,8.08,144,2025,208
2025-07-28 00:00:00+00:00,2.5092083333333335,6.15,144,2025,209
2025-07-29 00:00:00+00:00,2.3570625,6.181,144,2025,210
2025-07-30 00:00:00+00:00,1.891638888888889,4.681,144,2025,211
2025-07-31 00:00:00+00:00,1.572361111111111,4.482,144,2025,212
2025-08-01 00:00:00+00:00,1.9248819444444445,6.3,144,2025,213
2025-08-02 00:00:00+00:00,4.2133819444444445,10.65,144,2025,214
2025-08-03 00:00:00+00:00,2.4407708333333336,4.365,144,2025,215
2025-08-04 00:00:00+00:00,1.2871319444444445,2.984,144,2025,216
2025-08-05 00:00:00+00:00,2.382201388888889,7.778,144,2025,217
2025-08-06 00:00:00+00:00,3.094173611111111,8.75,144,2025,218
2025-08-07 00:00:00+00:00,1.9102222222222223,3.6710000000000003,144,2025,219
2025-08-08 00:00:00+00:00,1.4075763888888888,2.902,144,2025,220
2025-08-09 00:00:00+00:00,1.2754930555555555,2.2769999999999997,144,2025,221
2025-08-10 00:00:00+00:00,2.3511944444444444,8.37,144,2025,222
2025-08-11 00:00:00+00:00,1.4724652777777778,3.704,144,2025,223
2025-08-12 00:00:00+00:00,1.0006727272727272,2.4,110,2025,224
2025-08-13 00:00:00+00:00,2.894286713286713,11.75,143,2025,225
2025-08-14 00:00:00+00:00,2.251832167832168,9.1,143,2025,226
2025-08-15 00:00:00+00:00,1.7832152777777779,7.1560000000000015,144,2025,227
2025-08-16 00:00:00+00:00,2.2076041666666666,8.77,144,2025,228
2025-08-17 00:00:00+00:00,3.7911041666666665,8.45,144,2025,229
2025-08-18 00:00:00+00:00,1.2875208333333332,3.884,144,2025,230
2025-08-19 00:00:00+00:00,1.6940625,8.89,144,2025,231
2025-08-20 00:00:00+00:00,1.6630833333333335,6.767,144,2025,232
2025-08-21 00:00:00+00:00,1.7771319444444444,4.324,144,2025,233
2025-08-22 00:00:00+00:00,2.976027777777778,6.102,144,2025,234
2025-08-23 00:00:00+00:00,3.3801666666666668,8.13,144,2025,235
2025-08-24 00:00:00+00:00,2.163590277777778,7.6389999999999985,144,2025,236
2025-08-25 00:00:00+00:00,1.7283541666666666,3.152,144,2025,237
2025-08-26 00:00:00+00:00,2.5635524475524476,6.422999999999999,143,2025,238
2025-08-27 00:00:00+00:00,1.6704097222222223,5.374,144,2025,239
2025-08-28 00:00:00+00:00,2.5301944444444446,9.76,144,2025,240
2025-08-29 00:00:00+00:00,4.625270833333333,11.27,144,2025,241
2025-08-30 00:00:00+00:00,2.212145833333333,7.996,144,2025,242
2025-08-31 00:00:00+00:00,2.0302152777777778,6.597,144,2025,243
2025-09-01 00:00:00+00:00,2.2181597222222225,6.749,144,2025,244
2025-09-02 00:00:00+00:00,2.278951388888889,7.3210000000000015,144,2025,245
2025-09-03 00:00:00+00:00,2.649090277777778,6.593,144,2025,246
2025-09-04 00:00:00+00:00,2.4190625000000003,7.289,144,2025,247
2025-09-05 00:00:00+00:00,3.407201388888889,7.056,144,2025,248
2025-09-06 00:00:00+00:00,1.4532291666666666,5.235,144,2025,249
2025-09-07 00:00:00+00:00,1.3445833333333335,2.492,144,2025,250
2025-09-08 00:00:00+00:00,1.502361111111111,5.003,144,2025,251
2025-09-09 00:00:00+00:00,1.7379027777777778,8.48,144,2025,252
2025-09-10 00:00:00+00:00,1.6987847222222223,5.059,144,2025,253
2025-09-11 00:00:00+00:00,6.317479166666667,9.89,144,2025,254
2025-09-12 00:00:00+00:00,3.705409722222222,9.63,144,2025,255
2025-09-13 00:00:00+00:00,1.7681458333333333,5.009,144,2025,256
2025-09-14 00:00:00+00:00,3.3750138888888888,8.07,144,2025,257
2025-09-15 00:00:00+00:00,3.1532638888888886,9.53,144,2025,258
2025-09-16 00:00:00+00:00,3.7183541666666664,6.0329999999999995,144,2025,259
2025-09-17 00:00:00+00:00,1.5977847222222221,4.104,144,2025,260
2025-09-18 00:00:00+00:00,1.2229305555555556,2.675,144,2025,261
2025-09-19 00:00:00+00:00,1.2160347222222223,2.303,144,2025,262
2025-09-20 00:00:00+00:00,1.401138888888889,2.839,144,2025,263
2025-09-21 00:00:00+00:00,1.8930833333333332,7.195,144,2025,264
2025-09-22 00:00:00+00:00,3.291375,9.77,144,2025,265
2025-09-23 00:00:00+00:00,2.2523819444444446,6.147,144,2025,266
2025-09-24 00:00:00+00:00,2.2944305555555555,5.9179999999999975,144,2025,267
2025-09-25 00:00:00+00:00,2.6209236111111114,5.489,144,2025,268
2025-09-26 00:00:00+00:00,1.6171111111111112,3.082,144,2025,269
2025-09-27 00:00:00+00:00,2.3209166666666667,5.54,144,2025,270
2025-09-28 00:00:00+00:00,2.082923611111111,5.131,144,2025,271
2025-09-29 00:00:00+00:00,2.120951388888889,4.277,144,2025,272
2025-09-30 00:00:00+00:00,2.9166319444444446,8.41,144,2025,273
2025-10-01 00:00:00+00:00,4.906326388888889,9.14,144,2025,274
2025-10-02 00:00:00+00:00,2.4869375000000002,6.645,144,2025,275
2025-10-03 00:00:00+00:00,1.3101041666666666,2.7510000000000003,144,2025,276
2025-10-04 00:00:00+00:00,4.412777777777778,10.47,144,2025,277
2025-10-05 00:00:00+00:00,4.8124375,10.77,144,2025,278
2025-10-06 00:00:00+00:00,2.618930555555556,5.48,144,2025,279
2025-10-07 00:00:00+00:00,1.3928125,3.941,144,2025,280
2025-10-08 00:00:00+00:00,1.4316805555555556,2.984,144,2025,281
2025-10-09 00:00:00+00:00,3.363736111111111,8.61,144,2025,282
2025-10-10 00:00:00+00:00,3.114763888888889,5.873,144,2025,283
2025-10-11 00:00:00+00:00,2.8621527777777778,5.75,144,2025,284
2025-10-12 00:00:00+00:00,2.373277777777778,5.703,144,2025,285
2025-10-13 00:00:00+00:00,2.9495347222222223,4.607,144,2025,286
2025-10-14 00:00:00+00:00,2.905298611111111,6.234,144,2025,287
2025-10-15 00:00:00+00:00,3.955090277777778,6.77,144,2025,288
2025-10-16 00:00:00+00:00,2.8980555555555556,4.363,144,2025,289
2025-10-17 00:00:00+00:00,2.1389791666666667,5.68,144,2025,290
2025-10-18 00:00:00+00:00,1.8089513888888886,3.75,144,2025,291
2025-10-19 00:00:00+00:00,1.6160486111111112,4.429,144,2025,292
2025-10-20 00:00:00+00:00,1.5964166666666666,5.456,144,2025,293
2025-10-21 00:00:00+00:00,2.8174791666666668,8.45,144,2025,294
2025-10-22 00:00:00+00:00,3.0973888888888887,7.176,144,2025,295
2025-10-23 00:00:00+00:00,8.77715277777778,15.53,144,2025,296
2025-10-24 00:00:00+00:00,7.431694444444444,12.71,144,2025,297
2025-10-25 00:00:00+00:00,3.7477500000000004,10.15,144,2025,298
2025-10-26 00:00:00+00:00,7.588111111111112,10.35,144,2025,299
2025-10-27 00:00:00+00:00,6.410402777777778,11.61,144,2025,300
2025-10-28 00:00:00+00:00,2.1365208333333334,4.722,144,2025,301
2025-10-29 00:00:00+00:00,1.6844930555555555,6.117,144,2025,302
2025-10-30 00:00:00+00:00,1.7758194444444444,6.708,144,2025,303
2025-10-31 00:00:00+00:00,1.378076388888889,3.758,144,2025,304
2025-11-01 00:00:00+00:00,1.3490763888888888,2.764,144,2025,305
2025-11-02 00:00:00+00:00,2.643479166666667,8.44,144,2025,306
2025-11-03 00:00:00+00:00,1.6442083333333333,6.443,144,2025,307
2025-11-04 00:00:00+00:00,1.382423611111111,2.418,144,2025,308
2025-11-05 00:00:00+00:00,1.4629652777777777,2.544,144,2025,309
2025-11-06 00:00:00+00:00,1.3739583333333334,2.427,144,2025,310
2025-11-07 00:00:00+00:00,1.1419444444444444,2.428,144,2025,311
2025-11-08 00:00:00+00:00,1.5992569444444444,3.089,144,2025,312
2025-11-09 00:00:00+00:00,1.5436388888888888,3.882,144,2025,313
2025-11-10 00:00:00+00:00,1.6414652777777778,3.101,144,2025,314
2025-11-11 00:00:00+00:00,1.515284722222222,4.131,144,2025,315
2025-11-12 00:00:00+00:00,1.4654166666666668,3.107,144,2025,316
2025-11-13 00:00:00+00:00,0.9771118881118881,2.411,143,2025,317
2025-11-14 00:00:00+00:00,1.3691041666666668,7.063,144,2025,318
2025-11-15 00:00:00+00:00,1.5432291666666667,5.633,144,2025,319
2025-11-16 00:00:00+00:00,2.033,7.286,144,2025,320
2025-11-17 00:00:00+00:00,2.348708333333333,6.88,144,2025,321
2025-11-18 00:00:00+00:00,4.504465277777778,11.13,144,2025,322
2025-11-19 00:00:00+00:00,3.3555694444444444,11.45,144,2025,323
2025-11-20 00:00:00+00:00,5.415986111111112,12.01,144,2025,324
2025-11-21 00:00:00+00:00,4.400631944444445,9.8,144,2025,325
2025-11-22 00:00:00+00:00,4.4792708333333335,9.25,144,2025,326
2025-11-23 00:00:00+00:00,1.6777777777777778,3.889,144,2025,327
2025-11-24 00:00:00+00:00,4.444284722222222,8.77,144,2025,328
2025-11-25 00:00:00+00:00,5.662847222222222,9.76,144,2025,329
2025-11-26 00:00:00+00:00,2.055458333333333,7.169,144,2025,330
2025-11-27 00:00:00+00:00,3.2664305555555555,6.676,144,2025,331
2025-11-28 00:00:00+00:00,1.933388888888889,4.209,144,2025,332
2025-11-29 00:00:00+00:00,1.3356597222222222,2.677,144,2025,333
2025-11-30 00:00:00+00:00,1.6156458333333332,6.616,144,2025,334
2025-12-01 00:00:00+00:00,1.663548611111111,5.045,144,2025,335
2025-12-02 00:00:00+00:00,1.496340277777778,2.34,144,2025,336
2025-12-03 00:00:00+00:00,1.1306666666666667,2.904,144,2025,337
2025-12-04 00:00:00+00:00,1.35575,3.579,144,2025,338
2025-12-05 00:00:00+00:00,1.6956875,4.352,144,2025,339
2025-12-06 00:00:00+00:00,2.029798611111111,4.871,144,2025,340
2025-12-07 00:00:00+00:00,1.6294166666666667,4.218,144,2025,341
2025-12-08 00:00:00+00:00,2.1988819444444445,5.251,144,2025,342
2025-12-09 00:00:00+00:00,1.033201388888889,2.308,144,2025,343
2025-12-10 00:00:00+00:00,0.8077152777777777,2.733,144,2025,344
2025-12-11 00:00:00+00:00,1.3285069444444444,4.703,144,2025,345
2025-12-12 00:00:00+00:00,1.1686805555555555,3.31,144,2025,346
2025-12-13 00:00:00+00:00,1.769048611111111,3.516,144,2025,347
2025-12-14 00:00:00+00:00,1.8803263888888888,4.001,144,2025,348
2025-12-15 00:00:00+00:00,1.5473958333333333,3.474,144,2025,349
2025-12-16 00:00:00+00:00,1.2832569444444444,3.154,144,2025,350
2025-12-17 00:00:00+00:00,1.0758680555555555,2.655,144,2025,351
2025-12-18 00:00:00+00:00,1.6900555555555554,2.89,144,2025,352
2025-12-19 00:00:00+00:00,1.0420763888888889,2.245,144,2025,353
2025-12-20 00:00:00+00:00,0.8147708333333333,1.986,144,2025,354
2025-12-21 00:00:00+00:00,1.4748055555555557,2.86,144,2025,355
2025-12-22 00:00:00+00:00,1.8425486111111111,4.222,144,2025,356
2025-12-23 00:00:00+00:00,4.213284722222222,6.238,144,2025,357
2025-12-24 00:00:00+00:00,8.590840277777778,12.42,144,2025,358
2025-12-25 00:00:00+00:00,3.5455625,5.955,144,2025,359
2025-12-26 00:00:00+00:00,3.499027777777778,5.39,144,2025,360
2025-12-27 00:00:00+00:00,2.855402777777778,4.704,144,2025,361
2025-12-28 00:00:00+00:00,3.018527777777778,5.183,144,2025,362
2025-12-29 00:00:00+00:00,2.011013888888889,3.806,144,2025,363
2025-12-30 00:00:00+00:00,3.7149791666666667,7.495,144,2025,364
2025-12-31 00:00:00+00:00,4.809569444444445,8.48,144,2025,365
2026-01-01 00:00:00+00:00,2.411958333333333,6.636,144,2026,1
2026-01-02 00:00:00+00:00,5.984611111111111,9.68,144,2026,2
2026-01-03 00:00:00+00:00,3.797263888888889,10.16,144,2026,3
2026-01-04 00:00:00+00:00,5.102784722222222,8.32,144,2026,4
2026-01-05 00:00:00+00:00,3.665972222222222,6.12,144,2026,5
2026-01-06 00:00:00+00:00,3.192263888888889,7.795,144,2026,6
2026-01-07 00:00:00+00:00,3.568604166666667,8.5,144,2026,7
2026-01-08 00:00:00+00:00,3.4914375,8.16,144,2026,8
2026-01-09 00:00:00+00:00,9.56475,15.17,144,2026,9
2026-01-10 00:00:00+00:00,8.025152777777778,13.05,144,2026,10
2026-01-11 00:00:00+00:00,2.1673076923076926,4.328,143,2026,11
2026-01-12 00:00:00+00:00,1.8476736111111112,5.808,144,2026,12
2026-01-13 00:00:00+00:00,1.1812097902097902,4.03,143,2026,13
2026-01-14 00:00:00+00:00,1.7420347222222223,5.684,144,2026,14
2026-01-15 00:00:00+00:00,1.3793840579710144,5.035,138,2026,15
2026-01-16 00:00:00+00:00,1.1161874999999999,2.589,144,2026,16
2026-01-17 00:00:00+00:00,0.8213402777777777,1.923,144,2026,17
2026-01-18 00:00:00+00:00,1.6330625,3.438,144,2026,18
2026-01-19 00:00:00+00:00,1.2956597222222221,2.879,144,2026,19
2026-01-20 00:00:00+00:00,1.3376458333333334,3.51,144,2026,20
2026-01-21 00:00:00+00:00,1.2565833333333334,3.289,144,2026,21
2026-01-22 00:00:00+00:00,1.1295694444444444,3.051,144,2026,22
2026-01-23 00:00:00+00:00,1.582826388888889,7.511,144,2026,23
2026-01-24 00:00:00+00:00,1.6799166666666665,4.029,144,2026,24
2026-01-25 00:00:00+00:00,1.2188402777777778,4.666,144,2026,25
2026-01-26 00:00:00+00:00,1.9833680555555557,4.414,144,2026,26
2026-01-27 00:00:00+00:00,1.1808472222222222,3.265,144,2026,27
2026-01-28 00:00:00+00:00,1.392125,5.283,144,2026,28
2026-01-29 00:00:00+00:00,1.7801874999999998,3.447,144,2026,29
2026-01-30 00:00:00+00:00,1.6505625000000002,4.447,144,2026,30
2026-01-31 00:00:00+00:00,1.6861736111111112,5.307,144,2026,31
2026-02-01 00:00:00+00:00,1.5500347222222224,6.394,144,2026,32
2026-02-02 00:00:00+00:00,1.5146319444444445,4.869,144,2026,33
2026-02-03 00:00:00+00:00,2.3554305555555555,7.574,144,2026,34
2026-02-04 00:00:00+00:00,1.6717222222222223,5.002,144,2026,35
2026-02-05 00:00:00+00:00,1.2847499999999998,2.946,144,2026,36
2026-02-06 00:00:00+00:00,1.3109791666666668,5.77,144,2026,37
2026-02-07 00:00:00+00:00,1.5184791666666666,4.372,144,2026,38
2026-02-08 00:00:00+00:00,2.273173611111111,4.917,144,2026,39
2026-02-09 00:00:00+00:00,1.4194930555555556,3.051,144,2026,40
2026-02-10 00:00:00+00:00,1.2911736111111112,3.622,144,2026,41
2026-02-11 00:00:00+00:00,3.537659722222222,9.18,144,2026,42
2026-02-12 00:00:00+00:00,6.754409722222222,14.52,144,2026,43
2026-02-13 00:00:00+00:00,1.7898819444444445,4.432,144,2026,44
2026-02-14 00:00:00+00:00,2.291215277777778,5.161,144,2026,45
2026-02-15 00:00:00+00:00,2.5246180555555555,9.22,144,2026,46
2026-02-16 00:00:00+00:00,7.399555555555556,14.11,144,2026,47
2026-02-17 00:00:00+00:00,6.398118055555555,10.79,144,2026,48
2026-02-18 00:00:00+00:00,1.8256805555555558,5.239,144,2026,49
2026-02-19 00:00:00+00:00,2.8882430555555554,7.576,144,2026,50
2026-02-20 00:00:00+00:00,1.2185833333333334,3.01,144,2026,51
2026-02-21 00:00:00+00:00,1.9858819444444444,4.091,144,2026,52
2026-02-22 00:00:00+00:00,1.365388888888889,5.655,144,2026,53
2026-02-23 00:00:00+00:00,1.2230208333333334,2.4,144,2026,54
2026-02-24 00:00:00+00:00,0.85125,1.951,144,2026,55
2026-02-25 00:00:00+00:00,0.8710138888888889,2.019,144,2026,56
2026-02-26 00:00:00+00:00,0.8186527777777778,2.032,144,2026,57
2026-02-27 00:00:00+00:00,0.8598194444444444,2.553,144,2026,58
2026-02-28 00:00:00+00:00,1.6794791666666666,4.094,144,2026,59
2026-03-01 00:00:00+00:00,1.0919097222222223,2.771,144,2026,60
2026-03-02 00:00:00+00:00,1.2554444444444444,2.502,144,2026,61
2026-03-03 00:00:00+00:00,1.0440763888888889,2.082,144,2026,62
2026-03-04 00:00:00+00:00,1.0826527777777777,2.238,144,2026,63
2026-03-05 00:00:00+00:00,1.07993006993007,2.472,143,2026,64
2026-03-06 00:00:00+00:00,0.8376180555555556,2.442,144,2026,65
2026-03-07 00:00:00+00:00,1.0735000000000001,2.34,144,2026,66
2026-03-08 00:00:00+00:00,1.0983541666666667,4.209,144,2026,67
2026-03-09 00:00:00+00:00,1.149125,2.384,144,2026,68
2026-03-10 00:00:00+00:00,1.3979375,3.882,144,2026,69
2026-03-11 00:00:00+00:00,2.758097222222222,6.804,144,2026,70
2026-03-12 00:00:00+00:00,1.2449861111111111,3.681,144,2026,71
2026-03-13 00:00:00+00:00,1.7173888888888889,5.545,144,2026,72
2026-03-14 00:00:00+00:00,4.429763888888889,13.77,144,2026,73
2026-03-15 00:00:00+00:00,4.545756944444445,8.45,144,2026,74
2026-03-16 00:00:00+00:00,1.5280972222222222,4.424,144,2026,75
2026-03-17 00:00:00+00:00,3.101840277777778,7.806,144,2026,76
2026-03-18 00:00:00+00:00,3.772354166666667,9.3,144,2026,77
2026-03-19 00:00:00+00:00,2.585652777777778,8.99,144,2026,78
2026-03-20 00:00:00+00:00,1.14075,3.216,144,2026,79
2026-03-21 00:00:00+00:00,1.204215277777778,3.886,144,2026,80
2026-03-22 00:00:00+00:00,2.8232222222222223,10.05,144,2026,81
2026-03-23 00:00:00+00:00,1.302173611111111,5.222,144,2026,82
2026-03-24 00:00:00+00:00,1.414625,4.198,144,2026,83
2026-03-25 00:00:00+00:00,4.226972222222222,11.53,144,2026,84
2026-03-26 00:00:00+00:00,2.4796319444444443,7.38,144,2026,85
2026-03-27 00:00:00+00:00,5.7225069444444445,9.56,144,2026,86
2026-03-28 00:00:00+00:00,1.7240277777777777,5.808,144,2026,87
2026-03-29 00:00:00+00:00,6.834777777777777,12.03,144,2026,88
2026-03-30 00:00:00+00:00,2.5193541666666666,6.963,144,2026,89
2026-03-31 00:00:00+00:00,4.253159722222223,8.23,144,2026,90
2026-04-01 00:00:00+00:00,6.291006944444444,9.68,144,2026,91
2026-04-02 00:00:00+00:00,4.7145069444444445,7.603,144,2026,92
2026-04-03 00:00:00+00:00,1.4559444444444445,5.028,144,2026,93
2026-04-04 00:00:00+00:00,0.8421458333333334,2.178,144,2026,94
2026-04-05 00:00:00+00:00,1.4377013888888888,7.841,144,2026,95
2026-04-06 00:00:00+00:00,1.0422986111111112,2.091,144,2026,96
2026-04-07 00:00:00+00:00,1.0475555555555554,2.383,144,2026,97
2026-04-08 00:00:00+00:00,0.9031944444444444,2.515,144,2026,98
2026-04-09 00:00:00+00:00,1.182423611111111,4.014,144,2026,99
2026-04-10 00:00:00+00:00,1.1425277777777778,2.84,144,2026,100
2026-04-11 00:00:00+00:00,1.9542291666666667,7.174,144,2026,101
2026-04-12 00:00:00+00:00,2.112201388888889,6.82,144,2026,102
2026-04-13 00:00:00+00:00,1.8753194444444443,4.951,144,2026,103
2026-04-14 00:00:00+00:00,4.779673611111111,9.29,144,2026,104
2026-04-15 00:00:00+00:00,1.2899027777777778,3.921,144,2026,105
2026-04-16 00:00:00+00:00,1.7048125,6.918,144,2026,106
2026-04-17 00:00:00+00:00,0.8395,1.843,144,2026,107
2026-04-18 00:00:00+00:00,1.0331527777777778,2.792,144,2026,108
2026-04-19 00:00:00+00:00,2.4897083333333336,7.47,144,2026,109
2026-04-20 00:00:00+00:00,2.420451388888889,8.72,144,2026,110
2026-04-21 00:00:00+00:00,3.6271319444444448,10.74,144,2026,111
2026-04-22 00:00:00+00:00,3.4272430555555555,8.16,144,2026,112
2026-04-23 00:00:00+00:00,1.9365069444444447,6.215,144,2026,113
2026-04-24 00:00:00+00:00,1.0739930555555555,4.676,144,2026,114
2026-04-25 00:00:00+00:00,1.361375,4.596,144,2026,115
2026-04-26 00:00:00+00:00,1.7620277777777777,7.041,144,2026,116
2026-04-27 00:00:00+00:00,1.1954722222222223,3.485,144,2026,117
2026-04-28 00:00:00+00:00,1.6406527777777777,3.412,144,2026,118
2026-04-29 00:00:00+00:00,3.2560694444444445,9.4,144,2026,119
2026-04-30 00:00:00+00:00,1.9306041666666667,6.417,144,2026,120
2026-05-01 00:00:00+00:00,1.358513888888889,2.885,144,2026,121
2026-05-02 00:00:00+00:00,1.3909930555555556,3.655,144,2026,122
2026-05-03 00:00:00+00:00,1.9744652777777776,4.699,144,2026,123
2026-05-04 00:00:00+00:00,1.6743611111111112,4.943,144,2026,124
2026-05-05 00:00:00+00:00,1.8306944444444444,5.35,144,2026,125
2026-05-06 00:00:00+00:00,3.090145833333333,10.74,144,2026,126
2026-05-07 00:00:00+00:00,2.1320694444444444,6.014,144,2026,127
2026-05-08 00:00:00+00:00,1.70725,9.28,144,2026,128
2026-05-09 00:00:00+00:00,1.450972222222222,4.052,144,2026,129
2026-05-10 00:00:00+00:00,1.6244305555555556,4.463,144,2026,130
2026-05-11 00:00:00+00:00,4.4838125,9.68,144,2026,131
2026-05-12 00:00:00+00:00,1.9654236111111112,4.859,144,2026,132
2026-05-13 00:00:00+00:00,4.464569444444445,10.1,144,2026,133
2026-05-14 00:00:00+00:00,6.523048611111111,12.58,144,2026,134
2026-05-15 00:00:00+00:00,2.417569444444444,5.625,144,2026,135
2026-05-16 00:00:00+00:00,2.065930555555555,5.192,144,2026,136
2026-05-17 00:00:00+00:00,1.5824236111111112,2.865,144,2026,137
2026-05-18 00:00:00+00:00,2.320972222222222,6.384,144,2026,138
2026-05-19 00:00:00+00:00,1.7983194444444446,4.195,144,2026,139
2026-05-20 00:00:00+00:00,2.33906338028169,6.365,142,2026,140
2026-05-21 00:00:00+00:00,1.3010555555555556,4.458,144,2026,141
2026-05-22 00:00:00+00:00,1.0237916666666667,3.235,144,2026,142
2026-05-23 00:00:00+00:00,1.3676597222222222,6.637,144,2026,143
2026-05-24 00:00:00+00:00,1.9906319444444445,7.329,144,2026,144
2026-05-25 00:00:00+00:00,0.9622013888888888,2.619,144,2026,145
2026-05-26 00:00:00+00:00,1.0890763888888888,3.048,144,2026,146
2026-05-27 00:00:00+00:00,1.4563819444444444,5.994,144,2026,147
2026-05-28 00:00:00+00:00,5.222465277777777,9.63,144,2026,148
2026-05-29 00:00:00+00:00,4.2595,8.05,144,2026,149
2026-05-30 00:00:00+00:00,0.9929513888888888,3.114,144,2026,150
2026-05-31 00:00:00+00:00,2.052951388888889,6.969,144,2026,151
2026-06-01 00:00:00+00:00,1.6937291666666665,3.741,144,2026,152
2026-06-02 00:00:00+00:00,2.8001805555555555,14.21,144,2026,153
2026-06-03 00:00:00+00:00,3.337416666666667,9.47,144,2026,154
2026-06-04 00:00:00+00:00,2.941131944444445,9.02,144,2026,155
2026-06-05 00:00:00+00:00,2.4458055555555553,5.019,144,2026,156
2026-06-06 00:00:00+00:00,1.3885972222222223,2.749,144,2026,157
2026-06-07 00:00:00+00:00,1.8999791666666666,3.86,144,2026,158
2026-06-08 00:00:00+00:00,1.551263888888889,3.518,144,2026,159
2026-06-09 00:00:00+00:00,3.5520416666666663,7.27,144,2026,160
2026-06-10 00:00:00+00:00,2.858611111111111,7.735,144,2026,161
2026-06-11 00:00:00+00:00,2.130201388888889,4.592,144,2026,162
2026-06-12 00:00:00+00:00,1.8315833333333333,4.143,144,2026,163
2026-06-13 00:00:00+00:00,1.2512222222222222,4.431,144,2026,164
2026-06-14 00:00:00+00:00,1.6791388888888887,6.346,144,2026,165
2026-06-15 00:00:00+00:00,2.0205486111111113,5.768,144,2026,166
2026-06-16 00:00:00+00:00,1.4366666666666665,4.004,144,2026,167
2026-06-17 00:00:00+00:00,1.498923611111111,4.517,144,2026,168
2026-06-18 00:00:00+00:00,1.1923819444444446,2.612,144,2026,169
2026-06-19 00:00:00+00:00,2.945027777777778,14.04,144,2026,170
2026-06-20 00:00:00+00:00,1.1759583333333332,4.047,144,2026,171
2026-06-21 00:00:00+00:00,1.0667222222222223,2.247,144,2026,172
2026-06-22 00:00:00+00:00,2.0601319444444446,6.511,144,2026,173
2026-06-23 00:00:00+00:00,2.1844930555555555,6.977,144,2026,174
2026-06-24 00:00:00+00:00,2.712638888888889,7.331,144,2026,175
2026-06-25 00:00:00+00:00,2.384472222222222,7.976,144,2026,176
2026-06-26 00:00:00+00:00,2.2295524475524475,9.12,143,2026,177
2026-06-27 00:00:00+00:00,1.7044166666666667,7.019,144,2026,178
2026-06-28 00:00:00+00:00,2.159409722222222,8.67,144,2026,179
2026-06-29 00:00:00+00:00,3.9218333333333337,9.49,144,2026,180
2026-06-30 00:00:00+00:00,2.5873541666666666,8.66,144,2026,181
2026-07-01 00:00:00+00:00,3.0405208333333333,5.564,48,2026,182
2026-07-09 00:00:00+00:00,4.778956989247312,8.71,93,2026,190
2026-07-10 00:00:00+00:00,1.601986111111111,9.34,144,2026,191
2026-07-11 00:00:00+00:00,3.1158888888888887,8.78,144,2026,192
2026-07-12 00:00:00+00:00,3.9083194444444445,9.22,144,2026,193
2026-07-13 00:00:00+00:00,1.254,4.686,144,2026,194
2026-07-14 00:00:00+00:00,1.3423541666666667,3.014,144,2026,195
2026-07-15 00:00:00+00:00,2.078659722222222,8.68,144,2026,196
2026-07-16 00:00:00+00:00,3.4979027777777776,12.76,144,2026,197
2026-07-17 00:00:00+00:00,3.5681458333333333,15.83,144,2026,198
2026-07-18 00:00:00+00:00,2.0251319444444444,5.317,144,2026,199
2026-07-19 00:00:00+00:00,3.0524791666666666,8.17,144,2026,200
2026-07-20 00:00:00+00:00,2.918923611111111,8.83,144,2026,201
2026-07-21 00:00:00+00:00,4.070729166666666,8.38,144,2026,202
2026-07-22 00:00:00+00:00,2.950902777777778,9.05,144,2026,203
2026-07-23 00:00:00+00:00,2.9155277777777777,7.967,144,2026,204
2026-07-24 00:00:00+00:00,2.2303472222222225,8.66,144,2026,205
2026-07-25 00:00:00+00:00,3.1896875,9.99,144,2026,206
2026-07-26 00:00:00+00:00,2.6900833333333334,7.207,144,2026,207
2026-07-27 00:00:00+00:00,3.1950069444444447,6.588,144,2026,208
2026-07-28 00:00:00+00:00,1.5122847222222222,4.327,144,2026,209
2026-07-29 00:00:00+00:00,1.3505347222222222,2.828,144,2026,210
2026-07-30 00:00:00+00:00,1.9321319444444442,10.48,144,2026,211
2026-07-31 00:00:00+00:00,1.619763888888889,5.072,144,2026,212
2026-08-01 00:00:00+00:00,2.806597222222222,6.661,144,2026,213
2026-08-02 00:00:00+00:00,1.3307638888888889,4.41,144,2026,214
2026-08-03 00:00:00+00:00,2.7105277777777776,12.63,144,2026,215
2026-08-04 00:00:00+00:00,1.8599999999999999,9.85,144,2026,216
2026-08-05 00:00:00+00:00,1.5497847222222223,5.09,144,2026,217
2026-08-06 00:00:00+00:00,2.0412222222222223,6.768,144,2026,218
2026-08-07 00:00:00+00:00,2.4735416666666667,7.702,144,2026,219
2026-08-08 00:00:00+00:00,1.2489513888888888,4.545,144,2026,220
2026-08-09 00:00:00+00:00,1.8129652777777778,5.527,144,2026,221
2026-08-10 00:00:00+00:00,1.6245694444444443,3.92,144,2026,222
2026-08-11 00:00:00+00:00,3.452652777777778,11.28,144,2026,223
2026-08-12 00:00:00+00:00,1.790298611111111,8.79,144,2026,224
2026-08-13 00:00:00+00:00,1.107201388888889,2.408,144,2026,225
2026-08-14 00:00:00+00:00,4.028138888888889,12.18,144,2026,226
2026-08-15 00:00:00+00:00,4.170034722222223,10.04,144,2026,227
2026-08-16 00:00:00+00:00,3.7911041666666665,9.64,144,2026,228
2026-08-17 00:00:00+00:00,2.631611111111111,7.784,144,2026,229
2026-08-18 00:00:00+00:00,1.610138888888889,3.49,144,2026,230
2026-08-19 00:00:00+00:00,2.1730555555555555,6.049,144,2026,231
2026-08-20 00:00:00+00:00,3.069875,7.798,144,2026,232
2026-08-21 00:00:00+00:00,2.2199444444444447,9.66,144,2026,233
2026-08-22 00:00:00+00:00,3.306840277777778,8.06,144,2026,234
2026-08-23 00:00:00+00:00,1.5979999999999999,4.178,144,2026,235
2026-08-24 00:00:00+00:00,1.6565486111111112,4.733,144,2026,236
2026-08-25 00:00:00+00:00,1.855888888888889,5.02,144,2026,237
2026-08-26 00:00:00+00:00,1.5978611111111112,4.475,144,2026,238
2026-08-27 00:00:00+00:00,1.2969722222222222,3.022,144,2026,239
2026-08-28 00:00:00+00:00,2.4745694444444446,8.08,144,2026,240
2026-08-29 00:00:00+00:00,2.339138888888889,5.435,144,2026,241
2026-08-30 00:00:00+00:00,2.0053541666666668,7.005,144,2026,242
2026-08-31 00:00:00+00:00,3.7814652777777775,7.278,144,2026,243
2026-09-01 00:00:00+00:00,1.3029374999999999,2.849,144,2026,244
2026-09-02 00:00:00+00:00,1.4250625000000001,3.236,144,2026,245
2026-09-03 00:00:00+00:00,1.4297847222222222,3.763,144,2026,246
2026-09-04 00:00:00+00:00,2.031954545454546,4.072,44,2026,247
