timestamp,daily_mean,daily_max,observations,year,day_of_year
2019-07-29 00:00:00+00:00,21.413055555555555,24.02,36,2019,210
2019-07-30 00:00:00+00:00,21.21951388888889,25.81,144,2019,211
2019-07-31 00:00:00+00:00,20.826180555555553,23.63,144,2019,212
2019-08-01 00:00:00+00:00,21.462222222222223,25.2,144,2019,213
2019-08-02 00:00:00+00:00,21.05611111111111,24.05,144,2019,214
2019-08-03 00:00:00+00:00,22.21798611111111,26.51,144,2019,215
2019-08-04 00:00:00+00:00,22.274375000000003,26.61,144,2019,216
2019-08-05 00:00:00+00:00,24.140763888888888,27.45,144,2019,217
2019-08-06 00:00:00+00:00,23.402916666666666,26.04,144,2019,218
2019-08-07 00:00:00+00:00,20.724583333333335,23.05,144,2019,219
2019-08-08 00:00:00+00:00,21.285416666666666,26.35,144,2019,220
2019-08-09 00:00:00+00:00,23.435347222222223,27.94,144,2019,221
2019-08-10 00:00:00+00:00,20.951805555555556,23.62,144,2019,222
2019-08-11 00:00:00+00:00,20.358680555555555,24.79,144,2019,223
2019-08-12 00:00:00+00:00,19.83861111111111,22.25,144,2019,224
2019-08-13 00:00:00+00:00,18.218680555555554,21.45,144,2019,225
2019-08-14 00:00:00+00:00,18.909166666666668,23.17,144,2019,226
2019-08-15 00:00:00+00:00,19.91201388888889,23.07,144,2019,227
2019-08-16 00:00:00+00:00,19.740069444444444,23.92,144,2019,228
2019-08-17 00:00:00+00:00,22.610694444444444,28.13,144,2019,229
2019-08-18 00:00:00+00:00,24.180972222222223,28.21,144,2019,230
2019-08-19 00:00:00+00:00,20.41986111111111,23.54,144,2019,231
2019-08-20 00:00:00+00:00,16.864652777777778,18.91,144,2019,232
2019-08-21 00:00:00+00:00,17.44201388888889,20.84,144,2019,233
2019-08-22 00:00:00+00:00,19.231805555555557,22.47,144,2019,234
2019-08-23 00:00:00+00:00,18.89701388888889,21.0,144,2019,235
2019-08-24 00:00:00+00:00,19.570138888888888,22.78,144,2019,236
2019-08-25 00:00:00+00:00,20.533541666666665,24.39,144,2019,237
2019-08-26 00:00:00+00:00,20.89986111111111,25.56,144,2019,238
2019-08-27 00:00:00+00:00,21.541180555555556,24.73,144,2019,239
2019-08-28 00:00:00+00:00,21.83833333333333,23.39,144,2019,240
2019-08-29 00:00:00+00:00,22.94666666666667,26.22,144,2019,241
2019-08-30 00:00:00+00:00,22.76298611111111,25.96,144,2019,242
2019-08-31 00:00:00+00:00,22.885069444444444,26.02,144,2019,243
2019-09-01 00:00:00+00:00,21.643819444444446,24.66,144,2019,244
2019-09-02 00:00:00+00:00,18.588541666666668,20.23,144,2019,245
2019-09-03 00:00:00+00:00,18.203819444444445,23.11,144,2019,246
2019-09-04 00:00:00+00:00,18.522916666666667,21.83,144,2019,247
2019-09-05 00:00:00+00:00,16.501527777777778,18.11,144,2019,248
2019-09-06 00:00:00+00:00,15.129652777777778,16.13,144,2019,249
2019-09-07 00:00:00+00:00,16.55326388888889,20.06,144,2019,250
2019-09-08 00:00:00+00:00,13.217916666666666,15.43,144,2019,251
2019-09-09 00:00:00+00:00,13.918333333333333,16.85,144,2019,252
2019-09-10 00:00:00+00:00,16.05576388888889,18.75,144,2019,253
2019-09-11 00:00:00+00:00,17.05034722222222,19.69,144,2019,254
2019-09-12 00:00:00+00:00,17.98638888888889,21.65,144,2019,255
2019-09-13 00:00:00+00:00,18.831180555555555,22.59,144,2019,256
2019-09-14 00:00:00+00:00,19.513402777777777,23.22,144,2019,257
2019-09-15 00:00:00+00:00,19.878402777777776,22.58,144,2019,258
2019-09-16 00:00:00+00:00,20.535138888888888,23.38,144,2019,259
2019-09-17 00:00:00+00:00,21.121319444444442,26.92,144,2019,260
2019-09-18 00:00:00+00:00,17.039861111111108,19.54,144,2019,261
2019-09-19 00:00:00+00:00,15.472986111111112,19.3,144,2019,262
2019-09-20 00:00:00+00:00,14.41625,18.03,144,2019,263
2019-09-21 00:00:00+00:00,16.31923611111111,18.86,144,2019,264
2019-09-22 00:00:00+00:00,17.970208333333332,21.29,144,2019,265
2019-09-23 00:00:00+00:00,16.229583333333334,18.82,144,2019,266
2019-09-24 00:00:00+00:00,15.018263888888889,17.87,144,2019,267
2019-09-25 00:00:00+00:00,16.914861111111108,17.86,144,2019,268
2019-09-26 00:00:00+00:00,16.511944444444442,18.17,144,2019,269
2019-09-27 00:00:00+00:00,18.836111111111112,21.57,144,2019,270
2019-09-28 00:00:00+00:00,17.359930555555554,19.73,144,2019,271
2019-09-29 00:00:00+00:00,17.730763888888887,22.68,144,2019,272
2019-09-30 00:00:00+00:00,18.25541666666667,20.84,144,2019,273
2019-10-01 00:00:00+00:00,16.36208333333333,22.02,144,2019,274
2019-10-02 00:00:00+00:00,14.856458333333332,17.15,144,2019,275
2019-10-03 00:00:00+00:00,11.97888888888889,15.09,144,2019,276
2019-10-04 00:00:00+00:00,13.165486111111111,16.02,144,2019,277
2019-10-05 00:00:00+00:00,14.328611111111112,15.93,144,2019,278
2019-10-06 00:00:00+00:00,14.078819444444443,16.29,144,2019,279
2019-10-07 00:00:00+00:00,12.590625,15.7,144,2019,280
2019-10-08 00:00:00+00:00,14.164930555555555,18.36,144,2019,281
2019-10-09 00:00:00+00:00,15.058472222222223,17.83,144,2019,282
2019-10-10 00:00:00+00:00,14.003263888888888,16.31,144,2019,283
2019-10-11 00:00:00+00:00,12.635,15.43,144,2019,284
2019-10-12 00:00:00+00:00,14.955833333333333,17.86,144,2019,285
2019-10-13 00:00:00+00:00,16.275347222222223,19.13,144,2019,286
2019-10-14 00:00:00+00:00,15.897916666666667,17.93,144,2019,287
2019-10-15 00:00:00+00:00,14.090486111111112,15.52,144,2019,288
2019-10-16 00:00:00+00:00,12.174305555555556,14.97,144,2019,289
2019-10-17 00:00:00+00:00,13.919166666666666,16.31,144,2019,290
2019-10-18 00:00:00+00:00,14.514444444444443,16.79,144,2019,291
2019-10-19 00:00:00+00:00,14.513124999999999,15.93,144,2019,292
2019-10-20 00:00:00+00:00,14.247291666666667,15.53,144,2019,293
2019-10-21 00:00:00+00:00,14.697777777777778,15.81,144,2019,294
2019-10-22 00:00:00+00:00,14.466180555555557,15.66,144,2019,295
2019-10-23 00:00:00+00:00,14.100416666666668,15.41,144,2019,296
2019-10-24 00:00:00+00:00,14.223055555555554,15.67,144,2019,297
2019-10-25 00:00:00+00:00,13.72486111111111,16.65,144,2019,298
2019-10-26 00:00:00+00:00,13.135208333333333,15.47,144,2019,299
2019-10-27 00:00:00+00:00,14.050069444444444,15.58,144,2019,300
2019-10-28 00:00:00+00:00,14.450069444444445,15.25,144,2019,301
2019-10-29 00:00:00+00:00,13.977361111111112,15.34,144,2019,302
2019-10-30 00:00:00+00:00,11.989166666666668,12.54,144,2019,303
2019-10-31 00:00:00+00:00,11.800208333333334,12.33,144,2019,304
2019-11-01 00:00:00+00:00,13.005972222222221,14.38,144,2019,305
2019-11-02 00:00:00+00:00,14.101805555555556,16.6,144,2019,306
2019-11-03 00:00:00+00:00,11.979791666666666,13.3,144,2019,307
2019-11-04 00:00:00+00:00,12.56798611111111,15.59,144,2019,308
2019-11-05 00:00:00+00:00,10.656597222222222,12.75,144,2019,309
2019-11-06 00:00:00+00:00,9.403909722222222,10.88,144,2019,310
2019-11-07 00:00:00+00:00,8.160291666666668,9.78,144,2019,311
2019-11-08 00:00:00+00:00,6.87525,8.38,144,2019,312
2019-11-09 00:00:00+00:00,7.101125,8.97,144,2019,313
2019-11-10 00:00:00+00:00,6.58475,8.76,144,2019,314
2019-11-11 00:00:00+00:00,6.520506944444445,8.81,144,2019,315
2019-11-12 00:00:00+00:00,7.639819444444445,9.8,144,2019,316
2019-11-13 00:00:00+00:00,6.343840277777778,8.45,144,2019,317
2019-11-14 00:00:00+00:00,6.277604166666666,8.07,144,2019,318
2019-11-15 00:00:00+00:00,6.450131944444444,8.21,144,2019,319
2019-11-16 00:00:00+00:00,6.668777777777778,8.43,144,2019,320
2019-11-17 00:00:00+00:00,4.968375,6.181,144,2019,321
2019-11-18 00:00:00+00:00,5.848263888888889,8.41,144,2019,322
2019-11-19 00:00:00+00:00,5.629520833333333,7.234,144,2019,323
2019-11-20 00:00:00+00:00,5.759979166666667,6.718999999999999,144,2019,324
2019-11-21 00:00:00+00:00,6.489763888888889,7.309,144,2019,325
2019-11-22 00:00:00+00:00,6.8995347222222225,7.96,144,2019,326
2019-11-23 00:00:00+00:00,7.6252361111111115,9.21,144,2019,327
2019-11-24 00:00:00+00:00,8.547347222222221,10.43,144,2019,328
2019-11-25 00:00:00+00:00,8.899243055555555,10.0,144,2019,329
2019-11-26 00:00:00+00:00,8.542875,10.06,144,2019,330
2019-11-27 00:00:00+00:00,10.210416666666667,12.63,144,2019,331
2019-11-28 00:00:00+00:00,10.533194444444444,12.1,144,2019,332
2019-11-29 00:00:00+00:00,9.099333333333334,11.35,144,2019,333
2019-11-30 00:00:00+00:00,7.356763888888889,8.68,144,2019,334
2019-12-01 00:00:00+00:00,5.739034722222223,6.9239999999999995,144,2019,335
2019-12-02 00:00:00+00:00,5.484965277777778,7.272,144,2019,336
2019-12-03 00:00:00+00:00,3.0636180555555557,3.909,144,2019,337
2019-12-04 00:00:00+00:00,4.354152777777778,5.218,144,2019,338
2019-12-05 00:00:00+00:00,4.0509375,4.783,144,2019,339
2019-12-06 00:00:00+00:00,5.4724305555555555,8.74,144,2019,340
2019-12-07 00:00:00+00:00,9.37701388888889,11.33,144,2019,341
2019-12-08 00:00:00+00:00,8.039229166666667,10.49,144,2019,342
2019-12-09 00:00:00+00:00,8.189277777777779,10.13,144,2019,343
2019-12-10 00:00:00+00:00,5.050027777777777,6.627999999999999,144,2019,344
2019-12-11 00:00:00+00:00,4.2991874999999995,6.082999999999999,144,2019,345
2019-12-12 00:00:00+00:00,5.049576388888889,6.22,144,2019,346
2019-12-13 00:00:00+00:00,5.701152777777778,8.65,144,2019,347
2019-12-14 00:00:00+00:00,8.930541666666667,12.38,144,2019,348
2019-12-15 00:00:00+00:00,9.73847222222222,11.53,144,2019,349
2019-12-16 00:00:00+00:00,8.082229166666666,9.08,144,2019,350
2019-12-17 00:00:00+00:00,8.140305555555555,9.94,144,2019,351
2019-12-18 00:00:00+00:00,10.362715277777777,13.08,144,2019,352
2019-12-19 00:00:00+00:00,6.4135,7.725,144,2019,353
2019-12-20 00:00:00+00:00,7.633548611111111,10.05,144,2019,354
2019-12-21 00:00:00+00:00,7.342104166666666,9.22,144,2019,355
2019-12-22 00:00:00+00:00,8.192680555555556,10.07,144,2019,356
2019-12-23 00:00:00+00:00,7.902930555555555,8.65,144,2019,357
2019-12-24 00:00:00+00:00,7.096305555555556,10.5,144,2019,358
2019-12-25 00:00:00+00:00,8.639000000000001,10.19,144,2019,359
2019-12-26 00:00:00+00:00,5.497604166666666,7.655,144,2019,360
2019-12-27 00:00:00+00:00,7.089361111111111,7.845,144,2019,361
2019-12-28 00:00:00+00:00,5.859048611111111,7.622000000000001,144,2019,362
2019-12-29 00:00:00+00:00,2.782222222222222,4.107,144,2019,363
2019-12-30 00:00:00+00:00,2.546597222222222,3.4530000000000003,144,2019,364
2019-12-31 00:00:00+00:00,3.4791250000000002,3.773,144,2019,365
2020-01-01 00:00:00+00:00,2.5810625,3.378,144,2020,1
2020-01-02 00:00:00+00:00,3.074472222222222,4.269,144,2020,2
2020-01-03 00:00:00+00:00,5.993215277777778,8.24,144,2020,3
2020-01-04 00:00:00+00:00,7.440708333333333,9.68,144,2020,4
2020-01-05 00:00:00+00:00,4.719479166666667,6.655,144,2020,5
2020-01-06 00:00:00+00:00,4.110798611111111,5.765,144,2020,6
2020-01-07 00:00:00+00:00,5.609916666666667,7.63,144,2020,7
2020-01-08 00:00:00+00:00,5.089097222222223,7.414,144,2020,8
2020-01-09 00:00:00+00:00,6.392854166666667,9.96,144,2020,9
2020-01-10 00:00:00+00:00,7.544930555555556,9.62,144,2020,10
2020-01-11 00:00:00+00:00,6.483361111111112,8.44,144,2020,11
2020-01-12 00:00:00+00:00,4.585152777777777,7.1979999999999995,144,2020,12
2020-01-13 00:00:00+00:00,3.822020833333333,5.933,144,2020,13
2020-01-14 00:00:00+00:00,5.692465277777778,8.42,144,2020,14
2020-01-15 00:00:00+00:00,7.7051041666666675,11.13,144,2020,15
2020-01-16 00:00:00+00:00,6.382819444444444,8.41,144,2020,16
2020-01-17 00:00:00+00:00,5.402340277777778,7.111000000000001,144,2020,17
2020-01-18 00:00:00+00:00,5.540131944444444,7.002999999999999,144,2020,18
2020-01-19 00:00:00+00:00,3.569472222222222,5.462000000000001,144,2020,19
2020-01-20 00:00:00+00:00,2.471680555555556,4.473,144,2020,20
2020-01-21 00:00:00+00:00,2.049284722222222,4.519,144,2020,21
2020-01-22 00:00:00+00:00,3.1894930555555554,5.417000000000001,144,2020,22
2020-01-23 00:00:00+00:00,1.4456875,4.409,144,2020,23
2020-01-24 00:00:00+00:00,2.460465277777778,3.398,144,2020,24
2020-01-25 00:00:00+00:00,3.638861111111111,4.96,144,2020,25
2020-01-26 00:00:00+00:00,4.389458333333334,5.5329999999999995,144,2020,26
2020-01-27 00:00:00+00:00,6.588979166666666,8.97,144,2020,27
2020-01-28 00:00:00+00:00,7.657534722222222,11.24,144,2020,28
2020-01-29 00:00:00+00:00,7.105840277777777,7.96,144,2020,29
2020-01-30 00:00:00+00:00,5.886590277777778,7.245,144,2020,30
2020-01-31 00:00:00+00:00,8.233972222222222,10.85,144,2020,31
2020-02-01 00:00:00+00:00,9.666729166666666,11.36,144,2020,32
2020-02-02 00:00:00+00:00,10.071666666666665,14.02,144,2020,33
2020-02-03 00:00:00+00:00,12.499652777777778,13.91,144,2020,34
2020-02-04 00:00:00+00:00,5.576027777777778,15.42,144,2020,35
2020-02-05 00:00:00+00:00,5.2045208333333335,7.756,144,2020,36
2020-02-06 00:00:00+00:00,3.236840277777778,5.529,144,2020,37
2020-02-07 00:00:00+00:00,3.4321458333333332,7.022,144,2020,38
2020-02-08 00:00:00+00:00,4.459430555555556,6.685,144,2020,39
2020-02-09 00:00:00+00:00,7.250090277777777,10.93,144,2020,40
2020-02-10 00:00:00+00:00,10.987361111111111,14.61,144,2020,41
2020-02-11 00:00:00+00:00,8.419034722222221,10.7,144,2020,42
2020-02-12 00:00:00+00:00,6.442770833333333,7.882999999999999,144,2020,43
2020-02-13 00:00:00+00:00,6.039548611111112,9.67,144,2020,44
2020-02-14 00:00:00+00:00,7.742701388888889,9.07,144,2020,45
2020-02-15 00:00:00+00:00,6.675354166666667,9.97,144,2020,46
2020-02-16 00:00:00+00:00,9.652270833333333,12.89,144,2020,47
2020-02-17 00:00:00+00:00,9.245125,11.88,144,2020,48
2020-02-18 00:00:00+00:00,6.919951388888888,8.52,144,2020,49
2020-02-19 00:00:00+00:00,6.220166666666667,7.343999999999999,144,2020,50
2020-02-20 00:00:00+00:00,6.15025,10.01,144,2020,51
2020-02-21 00:00:00+00:00,8.363979166666667,10.01,144,2020,52
2020-02-22 00:00:00+00:00,6.603375,10.39,144,2020,53
2020-02-23 00:00:00+00:00,10.4179375,14.42,144,2020,54
2020-02-24 00:00:00+00:00,10.757125874125874,14.56,143,2020,55
2020-02-25 00:00:00+00:00,9.138680555555556,11.91,144,2020,56
2020-02-26 00:00:00+00:00,4.4679166666666665,7.7379999999999995,144,2020,57
2020-02-27 00:00:00+00:00,4.571701388888889,8.29,144,2020,58
2020-02-28 00:00:00+00:00,4.96875,7.937,144,2020,59
2020-02-29 00:00:00+00:00,8.423583333333333,12.72,144,2020,60
2020-03-01 00:00:00+00:00,7.882131944444445,10.24,144,2020,61
2020-03-02 00:00:00+00:00,6.225604166666667,7.846,144,2020,62
2020-03-03 00:00:00+00:00,5.464048611111111,6.747000000000001,144,2020,63
2020-03-04 00:00:00+00:00,5.992729166666667,7.9270000000000005,144,2020,64
2020-03-05 00:00:00+00:00,7.0382847222222225,9.66,144,2020,65
2020-03-06 00:00:00+00:00,7.136826388888888,8.29,144,2020,66
2020-03-07 00:00:00+00:00,6.346111111111111,8.13,144,2020,67
2020-03-08 00:00:00+00:00,5.785104166666667,9.88,144,2020,68
2020-03-09 00:00:00+00:00,6.804666666666666,8.98,144,2020,69
2020-03-10 00:00:00+00:00,5.5318958333333335,6.417000000000001,144,2020,70
2020-03-11 00:00:00+00:00,8.600548611111112,11.63,144,2020,71
2020-03-12 00:00:00+00:00,10.528972222222222,14.59,144,2020,72
2020-03-13 00:00:00+00:00,8.764069444444445,11.17,144,2020,73
2020-03-14 00:00:00+00:00,7.465715277777779,10.11,144,2020,74
2020-03-15 00:00:00+00:00,7.36425,11.56,144,2020,75
2020-03-16 00:00:00+00:00,9.427291666666667,12.78,144,2020,76
2020-03-17 00:00:00+00:00,10.190319444444444,13.19,144,2020,77
2020-03-18 00:00:00+00:00,10.882277777777778,15.3,144,2020,78
2020-03-19 00:00:00+00:00,11.236319444444444,14.57,144,2020,79
2020-03-20 00:00:00+00:00,11.734583333333333,15.52,144,2020,80
2020-03-21 00:00:00+00:00,10.172375,15.52,144,2020,81
2020-03-22 00:00:00+00:00,6.094479166666667,7.068,144,2020,82
2020-03-23 00:00:00+00:00,4.3620069444444445,7.733,144,2020,83
2020-03-24 00:00:00+00:00,3.823548611111111,8.87,144,2020,84
2020-03-25 00:00:00+00:00,4.240611111111111,8.08,144,2020,85
2020-03-26 00:00:00+00:00,4.975951388888889,9.67,144,2020,86
2020-03-27 00:00:00+00:00,6.093006944444444,9.78,144,2020,87
2020-03-28 00:00:00+00:00,9.027611111111112,14.26,144,2020,88
2020-03-29 00:00:00+00:00,8.779701388888888,13.1,144,2020,89
2020-03-30 00:00:00+00:00,3.909236111111111,4.61,144,2020,90
2020-03-31 00:00:00+00:00,4.984319444444444,10.06,144,2020,91
2020-04-01 00:00:00+00:00,5.531965277777777,10.11,144,2020,92
2020-04-02 00:00:00+00:00,7.820812499999999,12.55,144,2020,93
2020-04-03 00:00:00+00:00,9.591916666666668,14.17,144,2020,94
2020-04-04 00:00:00+00:00,9.166673611111111,13.12,144,2020,95
2020-04-05 00:00:00+00:00,10.12657638888889,14.31,144,2020,96
2020-04-06 00:00:00+00:00,11.036777777777779,14.37,144,2020,97
2020-04-07 00:00:00+00:00,11.699861111111112,18.04,144,2020,98
2020-04-08 00:00:00+00:00,12.808125,16.63,144,2020,99
2020-04-09 00:00:00+00:00,14.39951388888889,21.62,144,2020,100
2020-04-10 00:00:00+00:00,13.97125,17.56,144,2020,101
2020-04-11 00:00:00+00:00,14.378055555555555,18.98,144,2020,102
2020-04-12 00:00:00+00:00,14.40423611111111,18.37,144,2020,103
2020-04-13 00:00:00+00:00,14.579583333333334,19.53,144,2020,104
2020-04-14 00:00:00+00:00,11.055006944444445,14.89,144,2020,105
2020-04-15 00:00:00+00:00,9.007013888888888,13.86,144,2020,106
2020-04-16 00:00:00+00:00,12.931597222222223,18.46,144,2020,107
2020-04-17 00:00:00+00:00,14.541736111111113,18.68,144,2020,108
2020-04-18 00:00:00+00:00,15.086805555555555,19.94,144,2020,109
2020-04-19 00:00:00+00:00,14.628055555555555,16.68,144,2020,110
2020-04-20 00:00:00+00:00,15.755555555555556,19.54,144,2020,111
2020-04-21 00:00:00+00:00,13.533888888888889,15.86,144,2020,112
2020-04-22 00:00:00+00:00,14.374513888888888,18.67,144,2020,113
2020-04-23 00:00:00+00:00,15.494791666666666,19.73,144,2020,114
2020-04-24 00:00:00+00:00,15.954444444444444,20.13,144,2020,115
2020-04-25 00:00:00+00:00,16.298194444444444,20.41,144,2020,116
2020-04-26 00:00:00+00:00,14.624097222222222,16.05,144,2020,117
2020-04-27 00:00:00+00:00,14.51375,19.55,144,2020,118
2020-04-28 00:00:00+00:00,13.215277777777779,14.5,144,2020,119
2020-04-29 00:00:00+00:00,11.723819444444445,15.36,144,2020,120
2020-04-30 00:00:00+00:00,11.138125,13.0,144,2020,121
2020-05-01 00:00:00+00:00,11.34576388888889,13.84,144,2020,122
2020-05-02 00:00:00+00:00,12.250583333333333,13.29,144,2020,123
2020-05-03 00:00:00+00:00,12.55111111111111,15.02,144,2020,124
2020-05-04 00:00:00+00:00,15.516805555555557,19.62,144,2020,125
2020-05-05 00:00:00+00:00,15.076666666666666,16.29,144,2020,126
2020-05-06 00:00:00+00:00,14.98965277777778,18.0,144,2020,127
2020-05-07 00:00:00+00:00,14.634583333333333,19.92,144,2020,128
2020-05-08 00:00:00+00:00,17.812569444444446,22.31,144,2020,129
2020-05-09 00:00:00+00:00,18.350555555555555,23.22,144,2020,130
2020-05-10 00:00:00+00:00,17.325694444444444,20.14,144,2020,131
2020-05-11 00:00:00+00:00,14.028180555555556,16.89,144,2020,132
2020-05-12 00:00:00+00:00,8.603673611111113,10.88,144,2020,133
2020-05-13 00:00:00+00:00,11.656944444444443,13.55,144,2020,134
2020-05-14 00:00:00+00:00,12.391875,13.71,144,2020,135
2020-05-15 00:00:00+00:00,12.261458333333334,14.18,144,2020,136
2020-05-16 00:00:00+00:00,13.580069444444444,18.51,144,2020,137
2020-05-17 00:00:00+00:00,17.486527777777777,21.49,144,2020,138
2020-05-18 00:00:00+00:00,17.48625,23.66,144,2020,139
2020-05-19 00:00:00+00:00,20.19965277777778,23.94,144,2020,140
2020-05-20 00:00:00+00:00,20.883750000000003,24.16,144,2020,141
2020-05-21 00:00:00+00:00,19.07138888888889,26.5,144,2020,142
2020-05-22 00:00:00+00:00,17.984375,22.75,144,2020,143
2020-05-23 00:00:00+00:00,15.788124999999999,20.94,144,2020,144
2020-05-24 00:00:00+00:00,14.584583333333333,19.23,144,2020,145
2020-05-25 00:00:00+00:00,16.82340277777778,21.34,144,2020,146
2020-05-26 00:00:00+00:00,17.749583333333334,21.76,144,2020,147
2020-05-27 00:00:00+00:00,16.625486111111112,22.21,144,2020,148
2020-05-28 00:00:00+00:00,17.852777777777778,23.19,144,2020,149
2020-05-29 00:00:00+00:00,17.124166666666667,20.35,144,2020,150
2020-05-30 00:00:00+00:00,15.942430555555555,20.71,144,2020,151
2020-05-31 00:00:00+00:00,16.427430555555556,21.99,144,2020,152
2020-06-01 00:00:00+00:00,17.624930555555558,23.24,144,2020,153
2020-06-02 00:00:00+00:00,19.060902777777777,22.86,144,2020,154
2020-06-03 00:00:00+00:00,17.400625,20.14,144,2020,155
2020-06-04 00:00:00+00:00,14.939375,16.36,144,2020,156
2020-06-05 00:00:00+00:00,13.808472222222223,15.41,144,2020,157
2020-06-06 00:00:00+00:00,16.079375,18.93,144,2020,158
2020-06-07 00:00:00+00:00,13.050277777777778,15.45,144,2020,159
2020-06-08 00:00:00+00:00,14.705694444444443,18.35,144,2020,160
2020-06-09 00:00:00+00:00,13.920555555555556,15.04,144,2020,161
2020-06-10 00:00:00+00:00,13.655833333333334,15.62,144,2020,162
2020-06-11 00:00:00+00:00,15.495624999999999,19.81,144,2020,163
2020-06-12 00:00:00+00:00,17.241319444444443,21.08,144,2020,164
2020-06-13 00:00:00+00:00,15.800069444444444,18.15,144,2020,165
2020-06-14 00:00:00+00:00,14.982708333333335,17.4,144,2020,166
2020-06-15 00:00:00+00:00,16.908333333333335,20.4,144,2020,167
2020-06-16 00:00:00+00:00,18.163958333333333,22.18,144,2020,168
2020-06-19 00:00:00+00:00,15.863472222222223,18.66,144,2020,171
2020-06-20 00:00:00+00:00,17.627361111111114,22.12,144,2020,172
2020-06-21 00:00:00+00:00,19.234861111111112,22.5,144,2020,173
2020-06-22 00:00:00+00:00,21.48625,24.8,144,2020,174
2020-06-23 00:00:00+00:00,21.835763888888888,27.49,144,2020,175
2020-06-24 00:00:00+00:00,22.698680555555555,28.21,144,2020,176
2020-06-25 00:00:00+00:00,22.644861111111112,26.17,144,2020,177
2020-06-26 00:00:00+00:00,22.18847222222222,24.51,144,2020,178
2020-06-27 00:00:00+00:00,22.462430555555557,25.73,144,2020,179
2020-06-28 00:00:00+00:00,21.395763888888887,23.88,144,2020,180
2020-06-29 00:00:00+00:00,20.319583333333334,23.9,144,2020,181
2020-06-30 00:00:00+00:00,20.61284722222222,24.11,144,2020,182
2020-07-01 00:00:00+00:00,22.173541666666665,27.41,144,2020,183
2020-07-02 00:00:00+00:00,21.488541666666666,24.46,144,2020,184
2020-07-03 00:00:00+00:00,19.06048611111111,20.76,144,2020,185
2020-07-04 00:00:00+00:00,20.309370629370626,24.1,143,2020,186
2020-07-05 00:00:00+00:00,21.73326388888889,25.26,144,2020,187
2020-07-06 00:00:00+00:00,20.83577777777778,23.34,135,2020,188
2020-07-07 00:00:00+00:00,19.40798611111111,23.28,144,2020,189
2020-07-08 00:00:00+00:00,20.96159722222222,25.55,144,2020,190
2020-07-10 00:00:00+00:00,22.956458333333334,27.81,144,2020,192
2020-07-11 00:00:00+00:00,20.098958333333332,23.4,144,2020,193
2020-07-12 00:00:00+00:00,20.387500000000003,24.77,144,2020,194
2020-07-13 00:00:00+00:00,20.949722222222224,25.23,144,2020,195
2020-07-14 00:00:00+00:00,21.294930555555553,25.14,144,2020,196
2020-07-15 00:00:00+00:00,20.021458333333335,22.27,144,2020,197
2020-07-16 00:00:00+00:00,18.872517482517484,23.43,143,2020,198
2020-07-17 00:00:00+00:00,19.594444444444445,21.15,144,2020,199
2020-07-18 00:00:00+00:00,21.144444444444446,24.69,144,2020,200
2020-07-19 00:00:00+00:00,21.28472222222222,26.86,144,2020,201
2020-07-20 00:00:00+00:00,22.517083333333332,27.56,144,2020,202
2020-07-21 00:00:00+00:00,23.501180555555557,26.97,144,2020,203
2020-07-22 00:00:00+00:00,22.405694444444446,24.88,144,2020,204
2020-07-23 00:00:00+00:00,22.564097222222223,26.54,144,2020,205
2020-07-24 00:00:00+00:00,21.135833333333334,22.53,144,2020,206
2020-07-25 00:00:00+00:00,21.190624999999997,24.57,144,2020,207
2020-07-26 00:00:00+00:00,23.465347222222224,26.69,144,2020,208
2020-07-27 00:00:00+00:00,23.10388888888889,27.32,144,2020,209
2020-07-28 00:00:00+00:00,25.04125,28.71,144,2020,210
2020-07-29 00:00:00+00:00,24.22138888888889,27.19,144,2020,211
2020-07-30 00:00:00+00:00,24.915902777777777,29.18,144,2020,212
2020-07-31 00:00:00+00:00,26.347083333333334,29.48,144,2020,213
2020-08-01 00:00:00+00:00,26.387500000000003,31.64,144,2020,214
2020-08-02 00:00:00+00:00,20.91236111111111,25.0,144,2020,215
2020-08-03 00:00:00+00:00,17.453958333333333,19.57,144,2020,216
2020-08-04 00:00:00+00:00,17.026319444444443,20.61,144,2020,217
2020-08-05 00:00:00+00:00,18.72201388888889,23.49,144,2020,218
2020-08-06 00:00:00+00:00,21.389097222222222,27.26,144,2020,219
2020-08-07 00:00:00+00:00,22.541944444444443,27.08,144,2020,220
2020-08-08 00:00:00+00:00,23.91916666666667,28.32,144,2020,221
2020-08-09 00:00:00+00:00,24.253888888888888,28.78,144,2020,222
2020-08-10 00:00:00+00:00,24.282847222222223,29.03,144,2020,223
2020-08-11 00:00:00+00:00,23.829513888888886,26.61,144,2020,224
2020-08-12 00:00:00+00:00,24.330416666666665,27.01,144,2020,225
2020-08-13 00:00:00+00:00,22.41090277777778,27.13,144,2020,226
2020-08-14 00:00:00+00:00,21.342083333333335,23.6,144,2020,227
2020-08-15 00:00:00+00:00,22.179166666666667,26.98,144,2020,228
2020-08-16 00:00:00+00:00,21.789097222222225,24.76,144,2020,229
2020-08-17 00:00:00+00:00,21.115416666666665,24.06,144,2020,230
2020-08-18 00:00:00+00:00,21.269444444444446,24.46,144,2020,231
2020-08-19 00:00:00+00:00,21.63048611111111,25.42,144,2020,232
2020-08-20 00:00:00+00:00,23.83826388888889,27.03,144,2020,233
2020-08-21 00:00:00+00:00,25.60048611111111,29.22,144,2020,234
2020-08-22 00:00:00+00:00,23.317847222222223,26.06,144,2020,235
2020-08-23 00:00:00+00:00,21.334930555555555,24.05,144,2020,236
2020-08-24 00:00:00+00:00,20.537430555555556,23.82,144,2020,237
2020-08-25 00:00:00+00:00,20.444513888888892,25.29,144,2020,238
2020-08-26 00:00:00+00:00,23.870416666666667,26.66,144,2020,239
2020-08-27 00:00:00+00:00,20.982986111111114,24.38,144,2020,240
2020-08-28 00:00:00+00:00,19.189791666666665,22.82,144,2020,241
2020-08-29 00:00:00+00:00,16.48638888888889,17.71,144,2020,242
2020-08-30 00:00:00+00:00,14.435277777777777,16.58,144,2020,243
2020-08-31 00:00:00+00:00,16.43722222222222,19.44,144,2020,244
2020-09-01 00:00:00+00:00,17.641805555555557,20.68,144,2020,245
2020-09-02 00:00:00+00:00,17.425625,21.19,144,2020,246
2020-09-03 00:00:00+00:00,18.375208333333333,23.46,144,2020,247
2020-09-04 00:00:00+00:00,19.70041666666667,22.84,144,2020,248
2020-09-05 00:00:00+00:00,21.017083333333332,25.2,144,2020,249
2020-09-06 00:00:00+00:00,18.451118881118884,20.12,143,2020,250
2020-09-07 00:00:00+00:00,17.603472222222223,20.02,144,2020,251
2020-09-08 00:00:00+00:00,18.07076388888889,22.08,144,2020,252
2020-09-09 00:00:00+00:00,19.085208333333334,23.25,144,2020,253
2020-09-10 00:00:00+00:00,20.96423611111111,25.55,144,2020,254
2020-09-11 00:00:00+00:00,20.55513888888889,25.21,144,2020,255
2020-09-12 00:00:00+00:00,21.170625,24.64,144,2020,256
2020-09-13 00:00:00+00:00,21.311111111111114,25.44,144,2020,257
2020-09-14 00:00:00+00:00,21.523680555555554,24.61,144,2020,258
2020-09-15 00:00:00+00:00,22.154861111111114,26.11,144,2020,259
2020-09-16 00:00:00+00:00,22.787222222222223,28.11,144,2020,260
2020-09-17 00:00:00+00:00,23.00270833333333,27.44,144,2020,261
2020-09-18 00:00:00+00:00,20.77013888888889,23.35,144,2020,262
2020-09-19 00:00:00+00:00,20.069583333333334,22.21,144,2020,263
2020-09-20 00:00:00+00:00,19.624652777777776,22.28,144,2020,264
2020-09-21 00:00:00+00:00,19.176805555555557,22.48,144,2020,265
2020-09-22 00:00:00+00:00,18.92625,22.39,144,2020,266
2020-09-23 00:00:00+00:00,18.484444444444446,20.54,144,2020,267
2020-09-24 00:00:00+00:00,18.642013888888886,20.51,144,2020,268
2020-09-25 00:00:00+00:00,11.496597222222222,18.29,144,2020,269
2020-09-26 00:00:00+00:00,10.137083333333333,11.06,144,2020,270
2020-09-27 00:00:00+00:00,10.297777777777778,10.9,144,2020,271
2020-09-28 00:00:00+00:00,11.653819444444444,14.74,144,2020,272
2020-09-29 00:00:00+00:00,13.76736111111111,15.92,144,2020,273
2020-09-30 00:00:00+00:00,13.328541666666666,15.15,144,2020,274
2020-10-01 00:00:00+00:00,13.929027777777778,15.91,144,2020,275
2020-10-02 00:00:00+00:00,13.808333333333334,15.07,144,2020,276
2020-10-03 00:00:00+00:00,11.58048611111111,15.31,144,2020,277
2020-10-04 00:00:00+00:00,13.432916666666666,15.8,144,2020,278
2020-10-05 00:00:00+00:00,12.796666666666667,14.66,144,2020,279
2020-10-06 00:00:00+00:00,13.288819444444444,14.76,144,2020,280
2020-10-07 00:00:00+00:00,13.270416666666668,14.94,144,2020,281
2020-10-08 00:00:00+00:00,12.802708333333333,15.43,144,2020,282
2020-10-09 00:00:00+00:00,14.41375,16.92,144,2020,283
2020-10-10 00:00:00+00:00,12.488055555555555,15.12,144,2020,284
2020-10-11 00:00:00+00:00,9.940138888888889,12.2,144,2020,285
2020-10-12 00:00:00+00:00,9.491819444444443,12.26,144,2020,286
2020-10-13 00:00:00+00:00,8.717784722222223,10.89,144,2020,287
2020-10-14 00:00:00+00:00,9.667013888888889,11.92,144,2020,288
2020-10-15 00:00:00+00:00,8.552729166666667,9.99,144,2020,289
2020-10-16 00:00:00+00:00,10.417499999999999,12.92,144,2020,290
2020-10-17 00:00:00+00:00,10.528819444444444,11.98,144,2020,291
2020-10-18 00:00:00+00:00,10.770069444444445,12.35,144,2020,292
2020-10-19 00:00:00+00:00,9.067291666666668,12.38,144,2020,293
2020-10-20 00:00:00+00:00,11.726277777777778,14.8,144,2020,294
2020-10-21 00:00:00+00:00,14.26923611111111,18.42,144,2020,295
2020-10-22 00:00:00+00:00,12.90763888888889,13.79,144,2020,296
2020-10-23 00:00:00+00:00,12.999027777777776,14.72,144,2020,297
2020-10-24 00:00:00+00:00,12.419791666666667,15.16,144,2020,298
2020-10-25 00:00:00+00:00,12.051944444444445,14.58,144,2020,299
2020-10-26 00:00:00+00:00,8.881194444444445,13.9,144,2020,300
2020-10-27 00:00:00+00:00,10.0125,11.88,144,2020,301
2020-10-28 00:00:00+00:00,11.420625,14.54,144,2020,302
2020-10-29 00:00:00+00:00,12.31423611111111,13.23,144,2020,303
2020-10-30 00:00:00+00:00,11.716875,14.5,144,2020,304
2020-10-31 00:00:00+00:00,9.767222222222223,10.82,144,2020,305
2020-11-01 00:00:00+00:00,11.266666666666667,13.93,144,2020,306
2020-11-02 00:00:00+00:00,14.975069444444443,18.44,144,2020,307
2020-11-03 00:00:00+00:00,13.051388888888889,16.96,144,2020,308
2020-11-04 00:00:00+00:00,9.429930555555556,10.37,144,2020,309
2020-11-05 00:00:00+00:00,9.687708333333333,10.19,144,2020,310
2020-11-06 00:00:00+00:00,10.215347222222222,12.36,144,2020,311
2020-11-07 00:00:00+00:00,9.260208333333333,10.0,144,2020,312
2020-11-08 00:00:00+00:00,10.759027777777778,12.24,144,2020,313
2020-11-09 00:00:00+00:00,10.08013888888889,11.17,144,2020,314
2020-11-10 00:00:00+00:00,10.100069444444445,10.63,144,2020,315
2020-11-11 00:00:00+00:00,10.397916666666667,11.25,144,2020,316
2020-11-12 00:00:00+00:00,10.769027777777778,12.87,144,2020,317
2020-11-16 00:00:00+00:00,10.926797202797202,13.56,143,2020,321
2020-11-17 00:00:00+00:00,8.606895833333333,10.48,144,2020,322
2020-11-18 00:00:00+00:00,8.679125,11.43,144,2020,323
2020-11-19 00:00:00+00:00,9.212381944444445,11.64,144,2020,324
2020-11-20 00:00:00+00:00,6.823736111111112,8.67,144,2020,325
2020-11-21 00:00:00+00:00,4.7868055555555555,7.224,144,2020,326
2020-11-22 00:00:00+00:00,5.204409722222222,7.265,144,2020,327
2020-11-23 00:00:00+00:00,6.2309930555555555,8.18,144,2020,328
2020-11-24 00:00:00+00:00,5.1169722222222225,6.084,144,2020,329
2020-11-25 00:00:00+00:00,6.20575,7.506,144,2020,330
2020-11-26 00:00:00+00:00,6.126798611111111,6.6610000000000005,144,2020,331
2020-11-27 00:00:00+00:00,6.187020833333333,6.621,144,2020,332
2020-11-28 00:00:00+00:00,4.399875,6.056,144,2020,333
2020-11-29 00:00:00+00:00,3.0951458333333335,3.7289999999999996,144,2020,334
2020-11-30 00:00:00+00:00,3.3119027777777776,3.9210000000000003,144,2020,335
2020-12-01 00:00:00+00:00,3.9568333333333334,5.421,144,2020,336
2020-12-02 00:00:00+00:00,3.8472916666666666,4.374,144,2020,337
2020-12-03 00:00:00+00:00,4.6617291666666665,5.931,144,2020,338
2020-12-04 00:00:00+00:00,4.531909722222222,8.31,144,2020,339
2020-12-05 00:00:00+00:00,4.1803125,5.165,144,2020,340
2020-12-06 00:00:00+00:00,5.020701388888889,6.1739999999999995,144,2020,341
2020-12-07 00:00:00+00:00,4.817388888888889,5.876,144,2020,342
2020-12-08 00:00:00+00:00,4.099388888888889,5.199,144,2020,343
2020-12-10 00:00:00+00:00,2.8854444444444445,3.8310000000000004,144,2020,345
2020-12-11 00:00:00+00:00,3.321923611111111,5.707000000000001,144,2020,346
2020-12-12 00:00:00+00:00,5.9716875,7.055,144,2020,347
2020-12-13 00:00:00+00:00,6.271972222222222,7.495,144,2020,348
2020-12-14 00:00:00+00:00,5.422465277777778,7.34,144,2020,349
2020-12-15 00:00:00+00:00,6.946381944444444,7.754,144,2020,350
2020-12-16 00:00:00+00:00,7.716819444444444,8.5,144,2020,351
2020-12-17 00:00:00+00:00,7.419736111111111,8.32,144,2020,352
2020-12-18 00:00:00+00:00,7.313868055555555,9.07,144,2020,353
2020-12-19 00:00:00+00:00,6.1516319444444445,6.843,144,2020,354
2020-12-20 00:00:00+00:00,7.232034722222222,8.19,144,2020,355
2020-12-21 00:00:00+00:00,7.970131944444445,9.15,144,2020,356
2020-12-22 00:00:00+00:00,9.074152777777778,10.4,144,2020,357
2020-12-23 00:00:00+00:00,9.533604166666667,11.84,144,2020,358
2020-12-24 00:00:00+00:00,8.911298611111112,11.31,144,2020,359
2020-12-25 00:00:00+00:00,3.7185902777777775,5.059,144,2020,360
2020-12-26 00:00:00+00:00,1.9952430555555556,3.108,144,2020,361
2020-12-27 00:00:00+00:00,2.942152777777778,7.59,144,2020,362
2020-12-28 00:00:00+00:00,5.562513888888889,7.58,144,2020,363
2020-12-29 00:00:00+00:00,6.184645833333334,8.15,144,2020,364
2021-01-05 00:00:00+00:00,1.6947536231884057,2.338,69,2021,5
2021-01-06 00:00:00+00:00,1.5524722222222223,2.484,144,2021,6
2021-01-07 00:00:00+00:00,1.9913888888888889,3.429,144,2021,7
2021-01-08 00:00:00+00:00,1.2377291666666668,3.125,144,2021,8
2021-01-09 00:00:00+00:00,-0.13763194444444443,0.995,144,2021,9
2021-01-10 00:00:00+00:00,-0.3261527777777778,0.6859999999999999,144,2021,10
2021-01-11 00:00:00+00:00,-1.5650069444444443,-0.314,144,2021,11
2021-01-12 00:00:00+00:00,0.6820902777777778,3.7289999999999996,144,2021,12
2021-01-13 00:00:00+00:00,4.803326388888888,5.974,144,2021,13
2021-01-14 00:00:00+00:00,5.776513888888889,7.357,144,2021,14
2021-01-15 00:00:00+00:00,3.511861111111111,6.282,144,2021,15
2021-01-16 00:00:00+00:00,-0.13309027777777777,1.669,144,2021,16
2021-01-17 00:00:00+00:00,2.6680972222222223,3.927,144,2021,17
2021-01-18 00:00:00+00:00,2.9115694444444444,4.558,144,2021,18
2021-01-19 00:00:00+00:00,2.1618472222222223,4.657,144,2021,19
2021-01-20 00:00:00+00:00,5.476055555555556,9.47,144,2021,20
2021-01-21 00:00:00+00:00,9.019152777777778,10.83,144,2021,21
2021-01-22 00:00:00+00:00,7.4241875,9.21,144,2021,22
2021-01-23 00:00:00+00:00,4.687576388888889,7.659,144,2021,23
2021-01-24 00:00:00+00:00,3.682395833333333,5.622999999999999,144,2021,24
2021-01-25 00:00:00+00:00,2.4511944444444445,3.947,144,2021,25
2021-01-26 00:00:00+00:00,1.3989652777777777,3.054,144,2021,26
2021-01-27 00:00:00+00:00,2.076451388888889,4.527,144,2021,27
2021-01-28 00:00:00+00:00,6.587659722222223,10.08,144,2021,28
2021-01-29 00:00:00+00:00,8.980083333333333,11.8,144,2021,29
2021-01-30 00:00:00+00:00,6.4915625,7.65,144,2021,30
2021-01-31 00:00:00+00:00,6.560375,7.42,144,2021,31
2021-02-01 00:00:00+00:00,6.816951388888889,7.502999999999999,144,2021,32
2021-02-02 00:00:00+00:00,7.833701388888888,9.49,144,2021,33
2021-02-03 00:00:00+00:00,9.389486111111111,11.85,144,2021,34
2021-02-04 00:00:00+00:00,7.512930555555556,10.48,144,2021,35
2021-02-05 00:00:00+00:00,6.918451388888888,8.83,144,2021,36
2021-02-06 00:00:00+00:00,6.754291666666666,7.805,144,2021,37
2021-02-07 00:00:00+00:00,6.877006944444444,8.95,144,2021,38
2021-02-08 00:00:00+00:00,6.574506944444445,8.29,144,2021,39
2021-02-09 00:00:00+00:00,5.596895833333333,7.292999999999999,144,2021,40
2021-02-10 00:00:00+00:00,4.26507638888889,7.591,144,2021,41
2021-02-11 00:00:00+00:00,0.050645833333333314,3.5,144,2021,42
2021-02-12 00:00:00+00:00,-2.6288181818181817,-1.73,143,2021,43
2021-02-13 00:00:00+00:00,-3.7154375,-2.963,144,2021,44
2021-02-14 00:00:00+00:00,-1.537875,0.625,144,2021,45
2021-02-15 00:00:00+00:00,3.318722222222222,6.027,144,2021,46
2021-02-16 00:00:00+00:00,6.320006944444445,9.21,144,2021,47
2021-02-17 00:00:00+00:00,7.413798611111111,8.89,144,2021,48
2021-02-18 00:00:00+00:00,6.343375,10.31,144,2021,49
2021-02-19 00:00:00+00:00,8.599638888888888,10.94,144,2021,50
2021-02-20 00:00:00+00:00,7.584618055555556,10.02,144,2021,51
2021-02-21 00:00:00+00:00,7.085111111111111,9.77,144,2021,52
2021-02-22 00:00:00+00:00,7.326708333333333,8.84,144,2021,53
2021-02-23 00:00:00+00:00,7.865298611111111,10.68,144,2021,54
2021-02-26 00:00:00+00:00,8.892694444444444,13.95,144,2021,57
2021-03-03 00:00:00+00:00,6.8145,7.347,144,2021,62
2021-03-04 00:00:00+00:00,8.541666666666666,11.6,144,2021,63
2021-03-06 00:00:00+00:00,5.0764375,7.202999999999999,144,2021,65
2021-03-07 00:00:00+00:00,6.180972222222222,8.88,144,2021,66
2021-03-08 00:00:00+00:00,8.10742361111111,11.51,144,2021,67
2021-03-09 00:00:00+00:00,6.2219444444444445,9.16,144,2021,68
2021-03-10 00:00:00+00:00,6.017534722222222,8.68,144,2021,69
2021-03-11 00:00:00+00:00,9.820402777777778,13.4,144,2021,70
2021-03-12 00:00:00+00:00,8.27288888888889,9.91,144,2021,71
2021-03-13 00:00:00+00:00,8.771729166666667,11.29,144,2021,72
2021-03-14 00:00:00+00:00,5.2391805555555555,8.07,144,2021,73
2021-03-15 00:00:00+00:00,4.679034722222222,5.906000000000001,144,2021,74
2021-03-17 00:00:00+00:00,4.178347222222222,6.591,144,2021,76
2021-03-18 00:00:00+00:00,3.826361111111111,5.462000000000001,144,2021,77
2021-03-19 00:00:00+00:00,3.93075,7.0729999999999995,144,2021,78
2021-03-20 00:00:00+00:00,2.9884930555555558,5.063,144,2021,79
2021-03-21 00:00:00+00:00,4.569340277777778,7.736000000000001,144,2021,80
2021-03-22 00:00:00+00:00,5.711916666666666,7.819,144,2021,81
2021-03-23 00:00:00+00:00,5.613659722222222,9.78,144,2021,82
2021-03-24 00:00:00+00:00,7.124173611111112,10.59,144,2021,83
2021-03-25 00:00:00+00:00,8.507708333333333,12.21,144,2021,84
2021-03-26 00:00:00+00:00,9.254569444444444,14.11,144,2021,85
2021-03-27 00:00:00+00:00,8.683847222222221,9.96,144,2021,86
2021-03-28 00:00:00+00:00,7.633979166666666,10.5,144,2021,87
2021-03-29 00:00:00+00:00,9.452972222222222,12.95,144,2021,88
2021-03-30 00:00:00+00:00,10.925472222222222,15.55,144,2021,89
2021-03-31 00:00:00+00:00,12.545625,16.45,144,2021,90
2021-04-01 00:00:00+00:00,13.417083333333332,16.43,144,2021,91
2021-04-02 00:00:00+00:00,14.347777777777777,20.84,144,2021,92
2021-04-03 00:00:00+00:00,8.597368055555556,11.52,144,2021,93
2021-04-04 00:00:00+00:00,8.341576388888889,14.14,144,2021,94
2021-04-05 00:00:00+00:00,8.224124999999999,14.28,144,2021,95
2021-04-06 00:00:00+00:00,3.024090277777778,5.111000000000001,144,2021,96
2021-04-07 00:00:00+00:00,2.335236111111111,5.716,144,2021,97
2021-04-08 00:00:00+00:00,5.261722222222222,9.78,144,2021,98
2021-04-09 00:00:00+00:00,9.353131944444446,13.76,144,2021,99
2021-04-10 00:00:00+00:00,9.82079861111111,12.62,144,2021,100
2021-04-11 00:00:00+00:00,10.520840277777777,15.75,144,2021,101
2021-04-12 00:00:00+00:00,5.133423611111111,7.568,144,2021,102
2021-04-13 00:00:00+00:00,5.713638888888889,8.62,144,2021,103
2021-04-14 00:00:00+00:00,5.507381944444444,9.02,144,2021,104
2021-04-15 00:00:00+00:00,5.752416666666666,8.85,144,2021,105
2021-04-19 00:00:00+00:00,8.844375,14.01,144,2021,109
2021-04-20 00:00:00+00:00,9.893020833333333,14.91,144,2021,110
2021-04-21 00:00:00+00:00,10.113847222222223,13.38,144,2021,111
2021-04-22 00:00:00+00:00,11.911256944444444,18.29,144,2021,112
2021-04-30 00:00:00+00:00,10.565524475524475,12.18,143,2021,120
2021-05-01 00:00:00+00:00,9.299083333333334,10.49,144,2021,121
2021-05-02 00:00:00+00:00,8.255034722222222,10.49,144,2021,122
2021-05-03 00:00:00+00:00,9.559506944444443,13.71,144,2021,123
2021-05-04 00:00:00+00:00,12.545208333333333,16.19,144,2021,124
2021-05-05 00:00:00+00:00,10.51736111111111,12.46,144,2021,125
2021-05-06 00:00:00+00:00,9.483840277777778,12.49,144,2021,126
2021-05-07 00:00:00+00:00,10.746736111111112,11.77,144,2021,127
2021-05-08 00:00:00+00:00,11.629701388888888,17.38,144,2021,128
2021-05-09 00:00:00+00:00,16.494930555555555,24.37,144,2021,129
2021-05-10 00:00:00+00:00,14.400277777777777,19.22,144,2021,130
2021-05-11 00:00:00+00:00,11.225208333333335,12.29,144,2021,131
2021-05-12 00:00:00+00:00,12.01138888888889,15.44,144,2021,132
2021-05-13 00:00:00+00:00,10.395000000000001,12.15,144,2021,133
2021-05-14 00:00:00+00:00,10.484159722222223,12.51,144,2021,134
2021-05-15 00:00:00+00:00,9.8825,10.56,144,2021,135
2021-05-16 00:00:00+00:00,10.981458333333332,13.33,144,2021,136
2021-05-17 00:00:00+00:00,10.887361111111112,12.87,144,2021,137
2021-05-18 00:00:00+00:00,10.832569444444445,13.9,144,2021,138
2021-05-19 00:00:00+00:00,10.039791666666666,11.97,144,2021,139
2021-05-20 00:00:00+00:00,11.511944444444445,14.41,144,2021,140
2021-05-21 00:00:00+00:00,11.94888888888889,14.13,144,2021,141
2021-05-22 00:00:00+00:00,12.524999999999999,16.56,144,2021,142
2021-05-23 00:00:00+00:00,12.439166666666667,16.31,144,2021,143
2021-05-24 00:00:00+00:00,12.557986111111111,15.2,144,2021,144
2021-05-25 00:00:00+00:00,11.571597222222222,13.38,144,2021,145
2021-05-26 00:00:00+00:00,13.489583333333334,17.23,144,2021,146
2021-05-27 00:00:00+00:00,15.469791666666667,18.22,144,2021,147
2021-05-28 00:00:00+00:00,15.68104895104895,20.65,143,2021,148
2021-05-29 00:00:00+00:00,17.10673611111111,21.5,144,2021,149
2021-05-30 00:00:00+00:00,16.251319444444444,21.56,144,2021,150
2021-05-31 00:00:00+00:00,15.839722222222223,20.73,144,2021,151
2021-06-05 00:00:00+00:00,16.675694444444446,18.22,144,2021,156
2021-06-06 00:00:00+00:00,17.78868055555556,21.54,144,2021,157
2021-06-07 00:00:00+00:00,18.235625,20.97,144,2021,158
2021-06-08 00:00:00+00:00,17.831736111111113,20.17,144,2021,159
2021-06-09 00:00:00+00:00,17.92534722222222,21.14,144,2021,160
2021-06-10 00:00:00+00:00,19.848541666666666,26.08,144,2021,161
2021-06-11 00:00:00+00:00,21.18486111111111,26.82,144,2021,162
2021-06-12 00:00:00+00:00,21.228125,26.22,144,2021,163
2021-06-13 00:00:00+00:00,22.501875,26.81,144,2021,164
2021-06-14 00:00:00+00:00,21.58638888888889,26.25,144,2021,165
2021-06-15 00:00:00+00:00,22.413055555555555,26.25,144,2021,166
2021-06-16 00:00:00+00:00,23.263680555555553,27.64,144,2021,167
2021-06-17 00:00:00+00:00,23.415625,28.92,144,2021,168
2021-06-18 00:00:00+00:00,22.581527777777776,28.05,144,2021,169
2021-06-19 00:00:00+00:00,23.622569444444444,27.02,144,2021,170
2021-06-20 00:00:00+00:00,21.699236111111112,25.16,144,2021,171
2021-06-21 00:00:00+00:00,19.90722222222222,24.4,144,2021,172
2021-06-22 00:00:00+00:00,19.017152777777778,22.01,144,2021,173
2021-06-23 00:00:00+00:00,18.610277777777778,22.97,144,2021,174
2021-06-24 00:00:00+00:00,17.691111111111113,21.02,144,2021,175
2021-06-25 00:00:00+00:00,17.59201388888889,20.06,144,2021,176
2021-06-26 00:00:00+00:00,18.802222222222223,23.57,144,2021,177
2021-06-27 00:00:00+00:00,20.590625000000003,24.2,144,2021,178
2021-06-28 00:00:00+00:00,20.41270833333333,22.89,144,2021,179
2021-06-29 00:00:00+00:00,18.424166666666665,22.05,144,2021,180
2021-06-30 00:00:00+00:00,16.457083333333333,18.52,144,2021,181
2021-07-01 00:00:00+00:00,18.227083333333333,20.67,144,2021,182
2021-07-02 00:00:00+00:00,19.97347222222222,23.94,144,2021,183
2021-07-03 00:00:00+00:00,18.409166666666668,19.89,144,2021,184
2021-07-04 00:00:00+00:00,18.592430555555556,20.86,144,2021,185
2021-07-05 00:00:00+00:00,20.030208333333334,24.36,144,2021,186
2021-07-06 00:00:00+00:00,19.147916666666667,22.12,144,2021,187
2021-07-07 00:00:00+00:00,19.55784722222222,23.67,144,2021,188
2021-07-08 00:00:00+00:00,17.800486111111113,20.26,144,2021,189
2021-07-09 00:00:00+00:00,18.68923611111111,22.94,144,2021,190
2021-07-10 00:00:00+00:00,18.63791666666667,23.04,144,2021,191
2021-07-11 00:00:00+00:00,19.315833333333334,23.89,144,2021,192
2021-07-12 00:00:00+00:00,19.928819444444443,22.83,144,2021,193
2021-07-13 00:00:00+00:00,15.463680555555555,16.95,144,2021,194
2021-07-14 00:00:00+00:00,16.13243055555556,18.0,144,2021,195
2021-07-15 00:00:00+00:00,16.189722222222223,16.98,144,2021,196
2021-07-16 00:00:00+00:00,18.0,22.3,144,2021,197
2021-07-17 00:00:00+00:00,20.92027972027972,24.07,143,2021,198
2021-07-18 00:00:00+00:00,23.09576388888889,26.12,144,2021,199
2021-07-19 00:00:00+00:00,23.50847222222222,27.88,144,2021,200
2021-07-20 00:00:00+00:00,22.341958041958044,27.98,143,2021,201
2021-07-21 00:00:00+00:00,21.699027777777776,25.65,144,2021,202
2021-07-22 00:00:00+00:00,22.393194444444443,26.7,144,2021,203
2021-07-23 00:00:00+00:00,22.417569444444446,26.83,144,2021,204
2021-07-24 00:00:00+00:00,22.196458333333332,24.03,144,2021,205
2021-07-25 00:00:00+00:00,20.033819444444443,22.73,144,2021,206
2021-07-26 00:00:00+00:00,20.77104166666667,22.24,144,2021,207
2021-07-27 00:00:00+00:00,20.357777777777777,22.78,144,2021,208
2021-07-28 00:00:00+00:00,20.157708333333332,22.84,144,2021,209
2021-07-29 00:00:00+00:00,21.208402777777778,24.78,144,2021,210
2021-07-30 00:00:00+00:00,21.896597222222223,25.25,144,2021,211
2021-07-31 00:00:00+00:00,20.09652777777778,22.88,144,2021,212
2021-08-01 00:00:00+00:00,15.867222222222223,17.41,144,2021,213
2021-08-02 00:00:00+00:00,17.716388888888886,21.34,144,2021,214
2021-08-03 00:00:00+00:00,17.204166666666666,21.01,144,2021,215
2021-08-04 00:00:00+00:00,16.027013888888888,17.3,144,2021,216
2021-08-05 00:00:00+00:00,18.701180555555553,21.45,144,2021,217
2021-08-06 00:00:00+00:00,20.289166666666667,23.03,144,2021,218
2021-08-07 00:00:00+00:00,17.59986111111111,20.14,144,2021,219
2021-08-08 00:00:00+00:00,18.28944444444444,21.24,144,2021,220
2021-08-09 00:00:00+00:00,17.816041666666667,21.41,144,2021,221
2021-08-10 00:00:00+00:00,19.92909722222222,23.82,144,2021,222
2021-08-11 00:00:00+00:00,21.85177777777778,24.97,135,2021,223
2021-08-12 00:00:00+00:00,24.294814814814817,27.78,54,2021,224
2021-08-13 00:00:00+00:00,22.962222222222223,25.97,144,2021,225
2021-08-14 00:00:00+00:00,23.949305555555554,28.76,144,2021,226
2021-08-15 00:00:00+00:00,24.943194444444444,29.84,144,2021,227
2021-08-16 00:00:00+00:00,20.786041666666666,22.67,144,2021,228
2021-08-17 00:00:00+00:00,18.599305555555556,21.33,144,2021,229
2021-08-18 00:00:00+00:00,19.286597222222223,23.2,144,2021,230
2021-08-19 00:00:00+00:00,19.927916666666665,22.75,144,2021,231
2021-08-20 00:00:00+00:00,20.802083333333332,25.96,144,2021,232
2021-08-21 00:00:00+00:00,21.492013888888888,24.4,144,2021,233
2021-08-22 00:00:00+00:00,21.790277777777778,24.71,144,2021,234
2021-08-23 00:00:00+00:00,20.204513888888886,23.18,144,2021,235
2021-08-24 00:00:00+00:00,18.736527777777777,21.48,144,2021,236
2021-08-25 00:00:00+00:00,18.038333333333334,20.87,144,2021,237
2021-08-26 00:00:00+00:00,18.790069444444445,24.05,144,2021,238
2021-08-27 00:00:00+00:00,18.186875,21.09,144,2021,239
2021-08-28 00:00:00+00:00,17.432430555555555,20.73,144,2021,240
2021-08-29 00:00:00+00:00,17.378124999999997,20.9,144,2021,241
2021-08-30 00:00:00+00:00,17.982083333333335,21.92,144,2021,242
2021-08-31 00:00:00+00:00,18.365972222222222,21.99,144,2021,243
2021-09-01 00:00:00+00:00,17.968055555555555,23.14,144,2021,244
2021-09-02 00:00:00+00:00,18.777013888888888,22.7,144,2021,245
2021-09-03 00:00:00+00:00,19.00645833333333,21.05,144,2021,246
2021-09-04 00:00:00+00:00,19.656736111111112,22.27,144,2021,247
2021-09-05 00:00:00+00:00,20.113819444444445,23.24,144,2021,248
2021-09-06 00:00:00+00:00,20.531805555555554,24.84,144,2021,249
2021-09-07 00:00:00+00:00,20.78861111111111,24.88,144,2021,250
2021-09-08 00:00:00+00:00,20.871944444444445,24.15,144,2021,251
2021-09-09 00:00:00+00:00,20.451944444444443,22.12,144,2021,252
2021-09-10 00:00:00+00:00,19.09402777777778,20.02,144,2021,253
2021-09-11 00:00:00+00:00,19.88763888888889,22.75,144,2021,254
2021-09-12 00:00:00+00:00,19.467847222222222,24.02,144,2021,255
2021-09-13 00:00:00+00:00,19.96986111111111,23.22,144,2021,256
2021-09-14 00:00:00+00:00,20.5175,22.42,144,2021,257
2021-09-15 00:00:00+00:00,20.35215277777778,22.52,144,2021,258
2021-09-16 00:00:00+00:00,18.864375,19.82,144,2021,259
2021-09-17 00:00:00+00:00,18.584652777777777,21.26,144,2021,260
2021-09-18 00:00:00+00:00,18.22715277777778,21.14,144,2021,261
2021-09-19 00:00:00+00:00,14.60736111111111,18.12,144,2021,262
2021-09-20 00:00:00+00:00,14.346597222222222,15.06,144,2021,263
2021-09-21 00:00:00+00:00,15.917499999999999,19.38,144,2021,264
2021-09-22 00:00:00+00:00,15.345694444444446,18.87,144,2021,265
2021-09-23 00:00:00+00:00,16.735972222222223,19.93,144,2021,266
2021-09-24 00:00:00+00:00,17.658333333333335,21.79,144,2021,267
2021-09-25 00:00:00+00:00,18.585972222222225,20.7,144,2021,268
2021-09-26 00:00:00+00:00,18.28027777777778,20.36,144,2021,269
2021-09-27 00:00:00+00:00,17.32701388888889,19.88,144,2021,270
2021-09-28 00:00:00+00:00,17.744305555555556,19.32,144,2021,271
2021-09-29 00:00:00+00:00,16.506319444444443,19.04,144,2021,272
2021-09-30 00:00:00+00:00,14.742986111111113,17.75,144,2021,273
2021-10-01 00:00:00+00:00,15.256250000000001,18.71,144,2021,274
2021-10-02 00:00:00+00:00,18.579722222222223,20.05,144,2021,275
2021-10-03 00:00:00+00:00,17.927916666666665,21.72,144,2021,276
2021-10-04 00:00:00+00:00,13.083819444444444,14.06,144,2021,277
2021-10-05 00:00:00+00:00,14.081388888888888,16.39,144,2021,278
2021-10-06 00:00:00+00:00,11.86,14.05,144,2021,279
2021-10-07 00:00:00+00:00,12.74951388888889,15.17,144,2021,280
2021-10-08 00:00:00+00:00,12.987152777777778,15.3,144,2021,281
2021-10-09 00:00:00+00:00,12.824444444444445,14.37,144,2021,282
2021-10-10 00:00:00+00:00,11.556111111111111,13.97,144,2021,283
2021-10-11 00:00:00+00:00,11.291722222222223,16.17,144,2021,284
2021-10-12 00:00:00+00:00,11.854652777777778,14.77,144,2021,285
2021-10-13 00:00:00+00:00,11.406041666666667,13.33,144,2021,286
2021-10-14 00:00:00+00:00,9.62375,13.21,144,2021,287
2021-10-15 00:00:00+00:00,10.660666666666666,14.76,144,2021,288
2021-10-16 00:00:00+00:00,11.580625,15.01,144,2021,289
2021-10-17 00:00:00+00:00,11.399444444444445,14.45,144,2021,290
2021-10-18 00:00:00+00:00,12.163055555555555,14.85,144,2021,291
2021-10-19 00:00:00+00:00,13.041458333333333,15.01,144,2021,292
2021-10-20 00:00:00+00:00,15.074305555555554,18.29,144,2021,293
2021-10-21 00:00:00+00:00,14.964791666666665,16.8,144,2021,294
2021-10-22 00:00:00+00:00,12.119236111111112,14.85,144,2021,295
2021-10-23 00:00:00+00:00,9.745375000000001,13.1,144,2021,296
2021-10-24 00:00:00+00:00,9.531618055555555,12.99,144,2021,297
2021-10-25 00:00:00+00:00,10.780138888888889,13.99,144,2021,298
2021-10-26 00:00:00+00:00,12.91763888888889,16.3,144,2021,299
2021-10-27 00:00:00+00:00,11.145486111111111,13.71,144,2021,300
2021-10-28 00:00:00+00:00,10.055763888888889,11.15,144,2021,301
2021-10-29 00:00:00+00:00,9.95923611111111,11.7,144,2021,302
2021-10-30 00:00:00+00:00,10.432847222222222,12.09,144,2021,303
2021-10-31 00:00:00+00:00,11.839236111111111,12.74,144,2021,304
2021-11-01 00:00:00+00:00,11.575,13.91,144,2021,305
2021-11-02 00:00:00+00:00,10.598888888888888,12.55,144,2021,306
2021-11-03 00:00:00+00:00,9.059729166666665,10.16,144,2021,307
2021-11-04 00:00:00+00:00,8.317277777777779,9.68,144,2021,308
2021-11-05 00:00:00+00:00,8.433395833333334,11.2,144,2021,309
2021-11-06 00:00:00+00:00,6.919666666666667,9.69,144,2021,310
2021-11-07 00:00:00+00:00,6.936208333333333,9.38,144,2021,311
2021-11-08 00:00:00+00:00,9.038729166666666,10.41,144,2021,312
2021-11-09 00:00:00+00:00,6.245625,7.957000000000001,144,2021,313
2021-11-10 00:00:00+00:00,6.921722222222222,8.45,144,2021,314
2021-11-11 00:00:00+00:00,8.396395833333333,10.13,144,2021,315
2021-11-12 00:00:00+00:00,8.649111111111111,9.56,144,2021,316
2021-11-13 00:00:00+00:00,9.215465277777778,10.64,144,2021,317
2021-11-14 00:00:00+00:00,10.215625,11.76,144,2021,318
2021-11-15 00:00:00+00:00,8.72888888888889,9.85,144,2021,319
2021-11-16 00:00:00+00:00,8.614305555555555,8.83,144,2021,320
2021-11-17 00:00:00+00:00,7.585270833333333,8.53,144,2021,321
2021-11-18 00:00:00+00:00,7.5780763888888885,9.85,144,2021,322
2021-11-19 00:00:00+00:00,6.6549375,8.44,144,2021,323
2021-11-20 00:00:00+00:00,5.670451388888889,6.89,144,2021,324
2021-11-21 00:00:00+00:00,6.490326388888889,8.15,144,2021,325
2021-11-22 00:00:00+00:00,6.635770833333334,7.919,144,2021,326
2021-11-23 00:00:00+00:00,6.078111111111111,7.242000000000001,144,2021,327
2021-11-24 00:00:00+00:00,5.66982638888889,6.6579999999999995,144,2021,328
2021-11-25 00:00:00+00:00,5.666354166666667,6.87,144,2021,329
2021-11-26 00:00:00+00:00,5.252923611111111,6.15,144,2021,330
2021-11-27 00:00:00+00:00,5.357749999999999,6.782,144,2021,331
2021-11-28 00:00:00+00:00,3.889097222222222,5.209,144,2021,332
2021-11-29 00:00:00+00:00,2.8923055555555557,4.44,144,2021,333
2021-11-30 00:00:00+00:00,3.0732777777777778,5.755,144,2021,334
2021-12-01 00:00:00+00:00,6.250249999999999,9.25,144,2021,335
2021-12-02 00:00:00+00:00,4.968340277777778,8.29,144,2021,336
2021-12-03 00:00:00+00:00,2.622819444444444,4.087,144,2021,337
2021-12-04 00:00:00+00:00,5.673652777777778,9.69,144,2021,338
2021-12-05 00:00:00+00:00,4.2401736111111115,6.165,144,2021,339
2021-12-06 00:00:00+00:00,3.6967499999999998,5.34,144,2021,340
2021-12-07 00:00:00+00:00,4.864215277777777,6.182,144,2021,341
2021-12-08 00:00:00+00:00,4.437548611111111,6.944,144,2021,342
2021-12-09 00:00:00+00:00,3.9558819444444446,5.069,144,2021,343
2021-12-10 00:00:00+00:00,3.1356249999999997,6.809,144,2021,344
2021-12-11 00:00:00+00:00,3.5166875,4.848,144,2021,345
2021-12-12 00:00:00+00:00,2.4368333333333334,4.37,144,2021,346
2021-12-13 00:00:00+00:00,2.9635138888888886,4.561,144,2021,347
2021-12-14 00:00:00+00:00,3.9228125,4.726,144,2021,348
2021-12-15 00:00:00+00:00,3.4815833333333335,5.109,144,2021,349
2021-12-16 00:00:00+00:00,2.4490208333333334,3.403,144,2021,350
2021-12-17 00:00:00+00:00,2.8278194444444447,3.5989999999999998,144,2021,351
2021-12-18 00:00:00+00:00,2.256486111111111,3.753,144,2021,352
2021-12-19 00:00:00+00:00,1.2779444444444445,2.332,144,2021,353
2021-12-20 00:00:00+00:00,0.29346527777777776,1.4509999999999998,144,2021,354
2021-12-21 00:00:00+00:00,0.933013888888889,1.695,144,2021,355
2021-12-22 00:00:00+00:00,1.1159861111111111,1.709,144,2021,356
2021-12-23 00:00:00+00:00,3.791673611111111,6.534,144,2021,357
2021-12-24 00:00:00+00:00,5.987368055555556,7.702999999999999,144,2021,358
2021-12-25 00:00:00+00:00,6.672381944444444,7.715,144,2021,359
2021-12-26 00:00:00+00:00,7.098270833333333,7.905,144,2021,360
2021-12-27 00:00:00+00:00,6.5751180555555555,7.952000000000001,144,2021,361
2021-12-28 00:00:00+00:00,8.759104166666667,12.05,144,2021,362
2021-12-29 00:00:00+00:00,7.911166666666667,8.97,144,2021,363
2021-12-30 00:00:00+00:00,9.400694444444445,11.41,144,2021,364
2021-12-31 00:00:00+00:00,8.395486111111111,9.63,144,2021,365
2022-01-01 00:00:00+00:00,5.378854166666667,7.821000000000001,144,2022,1
2022-01-02 00:00:00+00:00,5.717270833333334,10.71,144,2022,2
2022-01-03 00:00:00+00:00,10.00548611111111,11.58,144,2022,3
2022-01-04 00:00:00+00:00,10.17911111111111,13.84,144,2022,4
2022-01-05 00:00:00+00:00,4.282173611111111,7.462000000000001,144,2022,5
2022-01-06 00:00:00+00:00,3.086854166666667,5.2139999999999995,144,2022,6
2022-01-07 00:00:00+00:00,2.310625,3.845,144,2022,7
2022-01-08 00:00:00+00:00,4.299826388888889,5.465,144,2022,8
2022-01-09 00:00:00+00:00,4.756305555555556,8.59,144,2022,9
2022-01-10 00:00:00+00:00,3.631111111111111,5.053,144,2022,10
2022-01-11 00:00:00+00:00,2.7716111111111115,4.632,144,2022,11
2022-01-12 00:00:00+00:00,1.3402916666666667,3.29,144,2022,12
2022-01-13 00:00:00+00:00,0.20652083333333335,2.5580000000000003,144,2022,13
2022-01-14 00:00:00+00:00,1.181923611111111,3.378,144,2022,14
2022-01-15 00:00:00+00:00,2.090097222222222,3.347,144,2022,15
2022-01-16 00:00:00+00:00,2.229861111111111,3.805,144,2022,16
2022-01-17 00:00:00+00:00,3.8638194444444443,6.332999999999999,144,2022,17
2022-01-18 00:00:00+00:00,4.1544791666666665,5.8020000000000005,144,2022,18
2022-01-19 00:00:00+00:00,4.646513888888888,7.792999999999999,144,2022,19
2022-01-20 00:00:00+00:00,4.5475763888888885,6.272,144,2022,20
2022-01-21 00:00:00+00:00,2.3716527777777774,3.911,144,2022,21
2022-01-22 00:00:00+00:00,3.1289375,6.244,144,2022,22
2022-01-23 00:00:00+00:00,2.497583333333333,3.3739999999999997,144,2022,23
2022-01-24 00:00:00+00:00,2.6883263888888886,4.765,144,2022,24
2022-01-25 00:00:00+00:00,2.4485208333333333,3.052,144,2022,25
2022-01-26 00:00:00+00:00,2.0623680555555555,2.655,144,2022,26
2022-01-27 00:00:00+00:00,1.7589652777777778,2.427,144,2022,27
2022-01-28 00:00:00+00:00,4.6245625,7.97,144,2022,28
2022-01-29 00:00:00+00:00,3.9131111111111117,6.272,144,2022,29
2022-01-30 00:00:00+00:00,5.447451388888889,10.24,144,2022,30
2022-01-31 00:00:00+00:00,4.649826388888889,6.905,144,2022,31
2022-02-01 00:00:00+00:00,3.6522430555555556,5.667999999999999,144,2022,32
2022-02-02 00:00:00+00:00,5.585486111111111,6.702999999999999,144,2022,33
2022-02-03 00:00:00+00:00,4.222590277777778,5.127999999999999,144,2022,34
2022-02-04 00:00:00+00:00,5.950895833333333,8.51,144,2022,35
2022-02-05 00:00:00+00:00,6.685715277777778,8.96,144,2022,36
2022-02-06 00:00:00+00:00,5.147673611111111,8.21,144,2022,37
2022-02-07 00:00:00+00:00,6.267270833333333,9.01,144,2022,38
2022-02-08 00:00:00+00:00,3.7616666666666663,6.7620000000000005,144,2022,39
2022-02-09 00:00:00+00:00,4.412645833333333,7.294,144,2022,40
2022-02-10 00:00:00+00:00,7.085013888888889,11.33,144,2022,41
2022-02-11 00:00:00+00:00,6.684486111111111,9.77,144,2022,42
2022-02-12 00:00:00+00:00,3.004208333333333,4.593,144,2022,43
2022-02-13 00:00:00+00:00,5.674180555555555,9.65,144,2022,44
2022-02-14 00:00:00+00:00,6.641430555555555,8.6,144,2022,45
2022-02-15 00:00:00+00:00,5.886375,6.987,144,2022,46
2022-02-16 00:00:00+00:00,5.596520833333333,7.4,144,2022,47
2022-02-17 00:00:00+00:00,9.849444444444444,11.82,144,2022,48
2022-02-18 00:00:00+00:00,9.348847222222222,14.91,144,2022,49
2022-02-19 00:00:00+00:00,7.117277777777777,9.52,144,2022,50
2022-02-20 00:00:00+00:00,7.536347222222222,9.87,144,2022,51
2022-02-21 00:00:00+00:00,7.104173611111111,10.18,144,2022,52
2022-02-22 00:00:00+00:00,6.714777777777778,8.38,144,2022,53
2022-02-23 00:00:00+00:00,7.3070208333333335,9.3,144,2022,54
2022-02-24 00:00:00+00:00,7.724444444444444,10.9,144,2022,55
2022-02-25 00:00:00+00:00,5.865298611111111,7.676,144,2022,56
2022-02-26 00:00:00+00:00,5.180569444444444,8.34,144,2022,57
2022-02-27 00:00:00+00:00,3.4154444444444447,6.966,144,2022,58
2022-02-28 00:00:00+00:00,4.427625,7.599,144,2022,59
2022-03-01 00:00:00+00:00,4.731006944444444,6.938,144,2022,60
2022-03-02 00:00:00+00:00,5.2958125,8.11,144,2022,61
2022-03-03 00:00:00+00:00,7.248034722222223,10.32,144,2022,62
2022-03-04 00:00:00+00:00,7.183173611111111,11.51,144,2022,63
2022-03-05 00:00:00+00:00,4.860430555555556,7.928999999999999,144,2022,64
2022-03-06 00:00:00+00:00,3.7204097222222225,6.9879999999999995,144,2022,65
2022-03-07 00:00:00+00:00,3.1690833333333335,6.867999999999999,144,2022,66
2022-03-08 00:00:00+00:00,3.4026666666666667,6.601,144,2022,67
2022-03-09 00:00:00+00:00,5.187333333333333,9.24,144,2022,68
2022-03-10 00:00:00+00:00,6.1986944444444445,9.97,144,2022,69
2022-03-11 00:00:00+00:00,7.350319444444444,11.3,144,2022,70
2022-03-12 00:00:00+00:00,10.242638888888889,13.36,144,2022,71
2022-03-13 00:00:00+00:00,9.390437499999999,11.42,144,2022,72
2022-03-14 00:00:00+00:00,7.6682500000000005,10.24,144,2022,73
2022-03-15 00:00:00+00:00,8.376868055555555,10.06,144,2022,74
2022-03-16 00:00:00+00:00,8.582319444444444,10.13,144,2022,75
2022-03-17 00:00:00+00:00,10.8945625,17.12,144,2022,76
2022-03-18 00:00:00+00:00,10.186458333333333,11.23,144,2022,77
2022-03-19 00:00:00+00:00,8.397347222222223,11.21,144,2022,78
2022-03-20 00:00:00+00:00,8.692090277777778,12.87,144,2022,79
2022-03-21 00:00:00+00:00,8.747236111111112,12.16,144,2022,80
2022-03-22 00:00:00+00:00,8.548284722222222,12.15,144,2022,81
2022-03-23 00:00:00+00:00,8.365361111111111,11.62,144,2022,82
2022-03-24 00:00:00+00:00,9.357354166666667,13.73,144,2022,83
2022-03-25 00:00:00+00:00,11.3971875,18.39,144,2022,84
2022-03-26 00:00:00+00:00,11.359451388888889,14.99,144,2022,85
2022-03-27 00:00:00+00:00,10.638770833333332,13.64,144,2022,86
2022-03-28 00:00:00+00:00,10.869777777777777,14.98,144,2022,87
2022-03-29 00:00:00+00:00,11.767430555555556,15.34,144,2022,88
2022-03-30 00:00:00+00:00,10.479166666666666,13.19,144,2022,89
2022-03-31 00:00:00+00:00,8.857125,11.09,144,2022,90
2022-04-01 00:00:00+00:00,3.0089166666666665,7.255,144,2022,91
2022-04-02 00:00:00+00:00,2.381048611111111,3.968,144,2022,92
2022-04-03 00:00:00+00:00,2.659361111111111,4.604,144,2022,93
2022-04-04 00:00:00+00:00,4.787173611111111,7.579,144,2022,94
2022-04-05 00:00:00+00:00,8.231340277777779,11.07,144,2022,95
2022-04-06 00:00:00+00:00,9.55161111111111,13.34,144,2022,96
2022-04-07 00:00:00+00:00,10.026388888888889,11.47,144,2022,97
2022-04-08 00:00:00+00:00,11.143402777777778,13.8,144,2022,98
2022-04-09 00:00:00+00:00,6.6751805555555555,10.17,144,2022,99
2022-04-10 00:00:00+00:00,7.149861111111111,11.18,144,2022,100
2022-04-11 00:00:00+00:00,8.646145833333334,11.99,144,2022,101
2022-04-12 00:00:00+00:00,11.52725,15.77,144,2022,102
2022-04-13 00:00:00+00:00,13.475555555555555,17.41,144,2022,103
2022-04-14 00:00:00+00:00,14.477152777777778,21.77,144,2022,104
2022-04-15 00:00:00+00:00,16.317777777777778,22.06,144,2022,105
2022-04-16 00:00:00+00:00,14.151319444444445,17.65,144,2022,106
2022-04-17 00:00:00+00:00,10.757590277777778,16.94,144,2022,107
2022-04-18 00:00:00+00:00,10.457618055555555,15.2,144,2022,108
2022-04-19 00:00:00+00:00,12.48847222222222,18.19,144,2022,109
2022-04-20 00:00:00+00:00,13.150347222222223,16.5,144,2022,110
2022-04-21 00:00:00+00:00,12.918541666666666,18.72,144,2022,111
2022-04-22 00:00:00+00:00,12.153055555555556,15.72,144,2022,112
2022-04-23 00:00:00+00:00,12.425909722222222,15.7,144,2022,113
2022-04-24 00:00:00+00:00,9.853645833333333,11.92,144,2022,114
2022-04-25 00:00:00+00:00,10.803680555555555,12.37,144,2022,115
2022-04-26 00:00:00+00:00,11.277916666666666,14.42,144,2022,116
2022-04-27 00:00:00+00:00,12.481354166666668,17.82,144,2022,117
2022-04-28 00:00:00+00:00,13.761319444444444,20.37,144,2022,118
2022-04-29 00:00:00+00:00,13.822013888888888,18.83,144,2022,119
2022-04-30 00:00:00+00:00,12.969861111111111,17.35,144,2022,120
2022-05-01 00:00:00+00:00,12.492430555555556,17.88,144,2022,121
2022-05-02 00:00:00+00:00,13.976875,18.31,144,2022,122
2022-05-03 00:00:00+00:00,14.541666666666666,18.89,144,2022,123
2022-05-04 00:00:00+00:00,13.966527777777777,16.3,144,2022,124
2022-05-05 00:00:00+00:00,11.847430555555555,12.77,144,2022,125
2022-05-06 00:00:00+00:00,13.91875,15.68,144,2022,126
2022-05-07 00:00:00+00:00,15.479930555555557,18.97,144,2022,127
2022-05-08 00:00:00+00:00,15.794374999999999,19.01,144,2022,128
2022-05-09 00:00:00+00:00,15.27612676056338,21.54,142,2022,129
2022-05-10 00:00:00+00:00,16.465555555555554,20.97,144,2022,130
2022-05-11 00:00:00+00:00,18.274722222222223,23.2,144,2022,131
2022-05-12 00:00:00+00:00,18.875069444444446,23.34,144,2022,132
2022-05-13 00:00:00+00:00,18.89777777777778,23.41,144,2022,133
2022-05-14 00:00:00+00:00,19.47416666666667,24.38,144,2022,134
2022-05-15 00:00:00+00:00,19.135416666666668,22.88,144,2022,135
2022-05-16 00:00:00+00:00,18.225763888888892,21.47,144,2022,136
2022-05-17 00:00:00+00:00,20.478194444444444,26.55,144,2022,137
2022-05-18 00:00:00+00:00,21.354027777777777,26.94,144,2022,138
2022-05-19 00:00:00+00:00,21.518194444444443,24.97,144,2022,139
2022-05-20 00:00:00+00:00,22.03798611111111,27.76,144,2022,140
2022-05-21 00:00:00+00:00,22.58631944444444,26.77,144,2022,141
2022-05-22 00:00:00+00:00,20.933333333333334,25.0,144,2022,142
2022-05-23 00:00:00+00:00,20.509791666666665,23.58,144,2022,143
2022-05-24 00:00:00+00:00,16.115416666666665,18.04,144,2022,144
2022-05-25 00:00:00+00:00,17.454375,21.5,144,2022,145
2022-05-26 00:00:00+00:00,18.275902777777777,22.91,144,2022,146
2022-05-27 00:00:00+00:00,18.810416666666665,24.41,144,2022,147
2022-05-28 00:00:00+00:00,17.716458333333335,21.03,144,2022,148
2022-05-29 00:00:00+00:00,15.711111111111112,18.71,144,2022,149
2022-05-30 00:00:00+00:00,15.309722222222222,19.38,144,2022,150
2022-05-31 00:00:00+00:00,16.049791666666668,18.16,144,2022,151
2022-06-01 00:00:00+00:00,16.39534722222222,17.67,144,2022,152
2022-06-02 00:00:00+00:00,18.445277777777775,22.46,144,2022,153
2022-06-03 00:00:00+00:00,19.680555555555557,22.53,144,2022,154
2022-06-04 00:00:00+00:00,21.4625,26.49,144,2022,155
2022-06-05 00:00:00+00:00,20.410694444444445,22.13,144,2022,156
2022-06-06 00:00:00+00:00,19.43263888888889,23.36,144,2022,157
2022-06-07 00:00:00+00:00,18.45236111111111,21.49,144,2022,158
2022-06-08 00:00:00+00:00,16.131180555555556,18.0,144,2022,159
2022-06-09 00:00:00+00:00,14.871458333333331,17.3,144,2022,160
2022-06-10 00:00:00+00:00,17.833402777777778,23.22,144,2022,161
2022-06-11 00:00:00+00:00,20.492708333333333,26.37,144,2022,162
2022-06-12 00:00:00+00:00,21.25097222222222,25.6,144,2022,163
2022-06-13 00:00:00+00:00,22.97597222222222,26.27,144,2022,164
2022-06-14 00:00:00+00:00,21.161944444444444,25.94,144,2022,165
2022-06-15 00:00:00+00:00,23.836875,29.74,144,2022,166
2022-06-16 00:00:00+00:00,25.141944444444444,30.76,144,2022,167
2022-06-17 00:00:00+00:00,25.073194444444443,30.89,144,2022,168
2022-06-18 00:00:00+00:00,25.170347222222222,29.82,144,2022,169
2022-06-19 00:00:00+00:00,27.079375,31.0,144,2022,170
2022-06-20 00:00:00+00:00,26.274305555555557,30.71,144,2022,171
2022-06-21 00:00:00+00:00,25.073680555555555,29.15,144,2022,172
2022-06-22 00:00:00+00:00,22.17909722222222,25.31,144,2022,173
2022-06-23 00:00:00+00:00,21.16027777777778,24.89,144,2022,174
2022-06-24 00:00:00+00:00,19.52854166666667,21.3,144,2022,175
2022-06-25 00:00:00+00:00,20.28576388888889,24.32,144,2022,176
2022-06-26 00:00:00+00:00,22.263680555555553,27.77,144,2022,177
2022-06-27 00:00:00+00:00,21.27027777777778,22.35,144,2022,178
2022-06-28 00:00:00+00:00,19.732083333333335,21.54,144,2022,179
2022-06-29 00:00:00+00:00,22.496805555555554,27.0,144,2022,180
2022-06-30 00:00:00+00:00,21.191736111111112,27.3,144,2022,181
2022-07-01 00:00:00+00:00,18.175763888888888,22.15,144,2022,182
2022-07-02 00:00:00+00:00,20.335416666666667,24.17,144,2022,183
2022-07-03 00:00:00+00:00,23.251805555555556,28.98,144,2022,184
2022-07-04 00:00:00+00:00,22.308333333333334,25.46,144,2022,185
2022-07-05 00:00:00+00:00,22.426041666666666,26.52,144,2022,186
2022-07-06 00:00:00+00:00,22.341944444444444,26.39,144,2022,187
2022-07-07 00:00:00+00:00,21.199166666666667,25.18,144,2022,188
2022-07-08 00:00:00+00:00,21.27923611111111,24.94,144,2022,189
2022-07-09 00:00:00+00:00,21.844444444444445,27.47,144,2022,190
2022-07-10 00:00:00+00:00,22.937152777777776,26.82,144,2022,191
2022-07-11 00:00:00+00:00,21.132569444444446,27.02,144,2022,192
2022-07-12 00:00:00+00:00,22.984930555555554,28.82,144,2022,193
2022-07-13 00:00:00+00:00,23.085833333333333,26.88,144,2022,194
2022-07-14 00:00:00+00:00,25.613194444444446,32.5,144,2022,195
2022-07-15 00:00:00+00:00,25.410347222222224,30.4,144,2022,196
2022-07-16 00:00:00+00:00,24.571180555555557,29.67,144,2022,197
2022-07-17 00:00:00+00:00,24.623402777777777,30.98,144,2022,198
2022-07-18 00:00:00+00:00,26.359513888888888,34.25,144,2022,199
2022-07-19 00:00:00+00:00,26.330347222222223,31.7,144,2022,200
2022-07-20 00:00:00+00:00,24.926944444444445,30.05,144,2022,201
2022-07-21 00:00:00+00:00,25.170069444444444,29.2,144,2022,202
2022-07-22 00:00:00+00:00,24.865902777777777,30.26,144,2022,203
2022-07-23 00:00:00+00:00,25.003958333333333,28.34,144,2022,204
2022-07-24 00:00:00+00:00,25.543055555555554,30.81,144,2022,205
2022-07-25 00:00:00+00:00,26.001180555555557,32.01,144,2022,206
2022-07-26 00:00:00+00:00,23.32138888888889,26.76,144,2022,207
2022-07-27 00:00:00+00:00,23.225694444444443,26.95,144,2022,208
2022-07-28 00:00:00+00:00,23.524652777777778,27.92,144,2022,209
2022-07-29 00:00:00+00:00,21.959930555555555,23.27,144,2022,210
2022-07-30 00:00:00+00:00,23.058958333333337,27.76,144,2022,211
2022-07-31 00:00:00+00:00,24.03625,28.73,144,2022,212
2022-08-01 00:00:00+00:00,25.108472222222222,30.21,144,2022,213
2022-08-02 00:00:00+00:00,25.478819444444444,30.64,144,2022,214
2022-08-03 00:00:00+00:00,25.581319444444446,30.29,144,2022,215
2022-08-04 00:00:00+00:00,27.46527777777778,33.33,144,2022,216
2022-08-05 00:00:00+00:00,25.738055555555558,32.03,144,2022,217
2022-08-06 00:00:00+00:00,22.267777777777777,25.32,144,2022,218
2022-08-07 00:00:00+00:00,21.491041666666668,24.55,144,2022,219
2022-08-08 00:00:00+00:00,23.426666666666666,28.48,144,2022,220
2022-08-09 00:00:00+00:00,24.214305555555555,29.85,144,2022,221
2022-08-10 00:00:00+00:00,24.143125,29.67,144,2022,222
2022-08-11 00:00:00+00:00,23.979930555555555,29.79,144,2022,223
2022-08-12 00:00:00+00:00,24.456319444444446,30.03,144,2022,224
2022-08-13 00:00:00+00:00,23.418125,28.23,144,2022,225
2022-08-14 00:00:00+00:00,21.045486111111114,22.42,144,2022,226
2022-08-15 00:00:00+00:00,21.281944444444445,24.72,144,2022,227
2022-08-16 00:00:00+00:00,22.605694444444442,26.66,144,2022,228
2022-08-17 00:00:00+00:00,21.83354166666667,28.2,144,2022,229
2022-08-18 00:00:00+00:00,20.77784722222222,23.24,144,2022,230
2022-08-19 00:00:00+00:00,19.42458333333333,21.28,144,2022,231
2022-08-20 00:00:00+00:00,19.878541666666667,23.01,144,2022,232
2022-08-21 00:00:00+00:00,21.63798611111111,25.73,144,2022,233
2022-08-22 00:00:00+00:00,22.409930555555558,27.13,144,2022,234
2022-08-23 00:00:00+00:00,23.16076388888889,27.84,144,2022,235
2022-08-24 00:00:00+00:00,22.437708333333333,26.93,144,2022,236
2022-08-25 00:00:00+00:00,22.92375,27.19,144,2022,237
2022-08-26 00:00:00+00:00,22.568819444444443,24.29,144,2022,238
2022-08-27 00:00:00+00:00,22.122847222222223,26.49,144,2022,239
2022-08-28 00:00:00+00:00,21.159930555555558,24.24,144,2022,240
2022-08-29 00:00:00+00:00,22.22,25.72,144,2022,241
2022-08-30 00:00:00+00:00,21.216875,23.71,144,2022,242
2022-08-31 00:00:00+00:00,21.026319444444443,25.05,144,2022,243
2022-09-01 00:00:00+00:00,19.80034722222222,23.37,144,2022,244
2022-09-02 00:00:00+00:00,19.788541666666667,21.91,144,2022,245
2022-09-03 00:00:00+00:00,19.298541666666665,22.12,144,2022,246
2022-09-04 00:00:00+00:00,21.078125,24.28,144,2022,247
2022-09-05 00:00:00+00:00,22.43277777777778,26.54,144,2022,248
2022-09-06 00:00:00+00:00,22.240694444444443,24.54,144,2022,249
2022-09-07 00:00:00+00:00,21.53736111111111,23.75,144,2022,250
2022-09-08 00:00:00+00:00,20.371666666666666,23.22,144,2022,251
2022-09-09 00:00:00+00:00,19.008819444444445,21.84,144,2022,252
2022-09-10 00:00:00+00:00,18.547430555555554,20.57,144,2022,253
2022-09-11 00:00:00+00:00,18.718680555555554,23.05,144,2022,254
2022-09-12 00:00:00+00:00,18.85666666666667,23.09,144,2022,255
2022-09-13 00:00:00+00:00,20.896805555555556,23.64,144,2022,256
2022-09-14 00:00:00+00:00,21.217083333333335,24.0,144,2022,257
2022-09-15 00:00:00+00:00,18.842708333333334,20.3,144,2022,258
2022-09-16 00:00:00+00:00,17.600833333333334,20.64,144,2022,259
2022-09-17 00:00:00+00:00,12.975555555555555,15.19,144,2022,260
2022-09-18 00:00:00+00:00,14.09923611111111,18.05,144,2022,261
2022-09-19 00:00:00+00:00,15.021041666666669,17.67,144,2022,262
2022-09-20 00:00:00+00:00,14.636180555555557,18.24,144,2022,263
2022-09-21 00:00:00+00:00,13.87513888888889,17.82,144,2022,264
2022-09-22 00:00:00+00:00,14.076041666666667,18.64,144,2022,265
2022-09-23 00:00:00+00:00,16.262013888888887,20.01,144,2022,266
2022-09-24 00:00:00+00:00,15.989930555555556,18.3,144,2022,267
2022-09-25 00:00:00+00:00,14.223263888888889,16.1,144,2022,268
2022-09-26 00:00:00+00:00,14.558541666666665,16.9,144,2022,269
2022-09-27 00:00:00+00:00,13.43701388888889,14.14,144,2022,270
2022-09-28 00:00:00+00:00,14.223749999999999,17.15,144,2022,271
2022-09-29 00:00:00+00:00,12.359791666666666,13.59,144,2022,272
2022-09-30 00:00:00+00:00,12.218680555555556,14.51,144,2022,273
2022-10-01 00:00:00+00:00,12.981388888888889,14.41,144,2022,274
2022-10-02 00:00:00+00:00,16.71951388888889,20.53,144,2022,275
2022-10-03 00:00:00+00:00,16.02798611111111,18.61,144,2022,276
2022-10-04 00:00:00+00:00,15.407083333333333,17.94,144,2022,277
2022-10-05 00:00:00+00:00,15.900208333333333,20.32,144,2022,278
2022-10-06 00:00:00+00:00,17.260486111111113,21.59,144,2022,279
2022-10-07 00:00:00+00:00,16.255902777777777,18.18,144,2022,280
2022-10-08 00:00:00+00:00,16.13875,17.2,144,2022,281
2022-10-09 00:00:00+00:00,14.61826388888889,15.93,144,2022,282
2022-10-10 00:00:00+00:00,15.73638888888889,18.58,144,2022,283
2022-10-11 00:00:00+00:00,15.855277777777777,18.13,144,2022,284
2022-10-12 00:00:00+00:00,16.23902777777778,18.39,144,2022,285
2022-10-13 00:00:00+00:00,15.626875,16.85,144,2022,286
2022-10-14 00:00:00+00:00,15.966111111111111,17.03,144,2022,287
2022-10-15 00:00:00+00:00,16.63041666666667,18.59,144,2022,288
2022-10-16 00:00:00+00:00,17.482777777777777,19.2,144,2022,289
2022-10-17 00:00:00+00:00,16.6875,19.23,144,2022,290
2022-10-18 00:00:00+00:00,16.940833333333334,19.64,144,2022,291
2022-10-19 00:00:00+00:00,15.516597222222222,17.38,144,2022,292
2022-10-20 00:00:00+00:00,16.191736111111112,17.65,144,2022,293
2022-10-21 00:00:00+00:00,16.217847222222222,17.86,144,2022,294
2022-10-22 00:00:00+00:00,15.799097222222223,17.73,144,2022,295
2022-10-23 00:00:00+00:00,15.120972222222223,18.6,144,2022,296
2022-10-24 00:00:00+00:00,15.330597222222224,17.66,144,2022,297
2022-10-25 00:00:00+00:00,14.354999999999999,15.75,144,2022,298
2022-10-26 00:00:00+00:00,16.109305555555554,18.98,144,2022,299
2022-10-27 00:00:00+00:00,15.059791666666667,17.14,144,2022,300
2022-10-28 00:00:00+00:00,15.282777777777776,17.59,144,2022,301
2022-10-29 00:00:00+00:00,15.285763888888889,17.16,144,2022,302
2022-10-30 00:00:00+00:00,13.726666666666667,15.23,144,2022,303
2022-10-31 00:00:00+00:00,14.741736111111111,17.36,144,2022,304
2022-11-01 00:00:00+00:00,14.645277777777778,16.37,144,2022,305
2022-11-02 00:00:00+00:00,13.858333333333333,17.14,144,2022,306
2022-11-03 00:00:00+00:00,11.858819444444444,13.41,144,2022,307
2022-11-04 00:00:00+00:00,10.287569444444445,12.5,144,2022,308
2022-11-05 00:00:00+00:00,9.352430555555555,11.2,144,2022,309
2022-11-06 00:00:00+00:00,9.4306875,12.42,144,2022,310
2022-11-07 00:00:00+00:00,11.684652777777778,14.71,144,2022,311
2022-11-08 00:00:00+00:00,11.950069444444445,15.23,144,2022,312
2022-11-09 00:00:00+00:00,12.631666666666668,15.23,144,2022,313
2022-11-10 00:00:00+00:00,12.891527777777778,15.24,144,2022,314
2022-11-11 00:00:00+00:00,11.65798611111111,13.2,144,2022,315
2022-11-12 00:00:00+00:00,10.505902777777777,11.2,144,2022,316
2022-11-13 00:00:00+00:00,9.558472222222223,10.75,144,2022,317
2022-11-14 00:00:00+00:00,12.210138888888888,13.51,144,2022,318
2022-11-15 00:00:00+00:00,11.454097222222224,12.45,144,2022,319
2022-11-16 00:00:00+00:00,11.797569444444443,13.1,144,2022,320
2022-11-17 00:00:00+00:00,13.557361111111112,16.23,144,2022,321
2022-11-18 00:00:00+00:00,10.227020833333334,12.88,144,2022,322
2022-11-19 00:00:00+00:00,8.611868055555554,10.91,144,2022,323
2022-11-20 00:00:00+00:00,8.649444444444445,10.35,144,2022,324
2022-11-21 00:00:00+00:00,8.411402777777777,9.47,144,2022,325
2022-11-22 00:00:00+00:00,8.467215277777777,9.7,144,2022,326
2022-11-23 00:00:00+00:00,7.316638888888889,9.99,144,2022,327
2022-11-24 00:00:00+00:00,9.48625,11.11,144,2022,328
2022-11-25 00:00:00+00:00,9.383152777777777,10.63,144,2022,329
2022-11-26 00:00:00+00:00,8.311375,10.49,144,2022,330
2022-11-27 00:00:00+00:00,6.976284722222222,8.3,144,2022,331
2022-11-28 00:00:00+00:00,8.800659722222223,10.88,144,2022,332
2022-11-29 00:00:00+00:00,7.997270833333333,9.1,144,2022,333
2022-11-30 00:00:00+00:00,7.497451388888889,9.18,144,2022,334
2022-12-01 00:00:00+00:00,5.726326388888889,6.563,144,2022,335
2022-12-02 00:00:00+00:00,5.843958333333333,7.0,144,2022,336
2022-12-03 00:00:00+00:00,3.764826388888889,4.91,144,2022,337
2022-12-04 00:00:00+00:00,5.2901875,6.48,144,2022,338
2022-12-05 00:00:00+00:00,5.805715277777778,7.667000000000001,144,2022,339
2022-12-06 00:00:00+00:00,4.885319444444445,5.897,144,2022,340
2022-12-07 00:00:00+00:00,4.190055555555555,4.941,144,2022,341
2022-12-08 00:00:00+00:00,4.334694444444445,5.239,144,2022,342
2022-12-09 00:00:00+00:00,2.836923611111111,4.513,144,2022,343
2022-12-10 00:00:00+00:00,2.997375,4.477,144,2022,344
2022-12-11 00:00:00+00:00,0.4028541666666667,1.521,144,2022,345
2022-12-12 00:00:00+00:00,-0.2005,1.256,144,2022,346
2022-12-13 00:00:00+00:00,-0.08046527777777779,1.5030000000000001,144,2022,347
2022-12-14 00:00:00+00:00,5.194736111111111,7.635,144,2022,348
2022-12-15 00:00:00+00:00,6.503555555555555,7.809,144,2022,349
2022-12-16 00:00:00+00:00,4.379597222222222,5.843999999999999,144,2022,350
2022-12-17 00:00:00+00:00,1.156736111111111,2.175,144,2022,351
2022-12-18 00:00:00+00:00,3.017631944444444,4.452,144,2022,352
2022-12-19 00:00:00+00:00,5.9681875,7.809,144,2022,353
2022-12-20 00:00:00+00:00,8.866159722222223,12.17,144,2022,354
2022-12-21 00:00:00+00:00,9.190347222222222,12.44,144,2022,355
2022-12-22 00:00:00+00:00,10.26736111111111,11.57,144,2022,356
2022-12-23 00:00:00+00:00,10.777083333333334,12.66,144,2022,357
2022-12-24 00:00:00+00:00,10.446944444444444,12.22,144,2022,358
2022-12-25 00:00:00+00:00,8.870145833333332,9.93,144,2022,359
2022-12-26 00:00:00+00:00,9.440555555555555,11.13,144,2022,360
2022-12-27 00:00:00+00:00,8.748861111111111,10.28,144,2022,361
2022-12-28 00:00:00+00:00,7.255333333333334,9.83,144,2022,362
2022-12-29 00:00:00+00:00,9.09361111111111,10.02,144,2022,363
2022-12-30 00:00:00+00:00,8.781604166666666,10.87,144,2022,364
2022-12-31 00:00:00+00:00,11.700208333333332,13.9,144,2022,365
2023-01-01 00:00:00+00:00,12.308611111111112,14.82,144,2023,1
2023-01-02 00:00:00+00:00,11.809583333333332,14.26,144,2023,2
2023-01-03 00:00:00+00:00,8.693333333333333,9.26,144,2023,3
2023-01-04 00:00:00+00:00,8.261861111111111,9.06,144,2023,4
2023-01-05 00:00:00+00:00,8.52838888888889,9.86,144,2023,5
2023-01-06 00:00:00+00:00,7.823423611111112,8.76,144,2023,6
2023-01-07 00:00:00+00:00,7.7005625,10.43,144,2023,7
2023-01-08 00:00:00+00:00,8.50382638888889,10.47,144,2023,8
2023-01-09 00:00:00+00:00,7.297430555555555,10.9,144,2023,9
2023-01-10 00:00:00+00:00,6.085763888888889,7.441,144,2023,10
2023-01-11 00:00:00+00:00,6.679861111111111,7.772,144,2023,11
2023-01-12 00:00:00+00:00,7.430291666666666,8.27,144,2023,12
2023-01-13 00:00:00+00:00,8.526076388888889,9.88,144,2023,13
2023-01-14 00:00:00+00:00,7.941805555555557,10.08,144,2023,14
2023-01-15 00:00:00+00:00,7.2240625000000005,9.76,144,2023,15
2023-01-16 00:00:00+00:00,5.183722222222222,8.14,144,2023,16
2023-01-17 00:00:00+00:00,3.313923611111111,5.5760000000000005,144,2023,17
2023-01-18 00:00:00+00:00,2.1363333333333334,5.012,144,2023,18
2023-01-19 00:00:00+00:00,-0.6525833333333333,1.954,144,2023,19
2023-01-20 00:00:00+00:00,-1.3992708333333335,1.36,144,2023,20
2023-01-21 00:00:00+00:00,-0.6861041666666667,1.061,144,2023,21
2023-01-22 00:00:00+00:00,0.5564583333333333,1.6969999999999998,144,2023,22
2023-01-23 00:00:00+00:00,0.7199791666666667,1.3230000000000002,144,2023,23
2023-01-24 00:00:00+00:00,1.471826388888889,3.045,144,2023,24
2023-01-25 00:00:00+00:00,1.6810277777777778,2.759,144,2023,25
2023-01-26 00:00:00+00:00,1.0785,1.818,144,2023,26
2023-01-27 00:00:00+00:00,1.13,1.864,144,2023,27
2023-01-28 00:00:00+00:00,1.6203541666666665,2.283,144,2023,28
2023-01-29 00:00:00+00:00,1.3526944444444444,2.269,144,2023,29
2023-01-30 00:00:00+00:00,2.1733402777777777,3.737,144,2023,30
2023-01-31 00:00:00+00:00,3.899277777777778,5.401,144,2023,31
2023-02-01 00:00:00+00:00,4.325694444444444,6.608,144,2023,32
2023-02-02 00:00:00+00:00,5.8401805555555555,8.64,144,2023,33
2023-02-03 00:00:00+00:00,5.555326388888889,7.436,144,2023,34
2023-02-04 00:00:00+00:00,7.5929930555555565,10.96,144,2023,35
2023-02-05 00:00:00+00:00,5.697027777777778,7.652,144,2023,36
2023-02-06 00:00:00+00:00,4.270868055555556,5.1979999999999995,144,2023,37
2023-02-07 00:00:00+00:00,2.452402777777778,5.273,144,2023,38
2023-02-08 00:00:00+00:00,1.1034375,3.227,144,2023,39
2023-02-09 00:00:00+00:00,1.756236111111111,4.5569999999999995,144,2023,40
2023-02-10 00:00:00+00:00,2.856375,6.218999999999999,144,2023,41
2023-02-11 00:00:00+00:00,3.1166666666666667,6.367999999999999,144,2023,42
2023-02-12 00:00:00+00:00,4.217263888888889,7.968,144,2023,43
2023-02-13 00:00:00+00:00,4.294145833333333,6.385,144,2023,44
2023-02-14 00:00:00+00:00,4.685222222222222,7.279,144,2023,45
2023-02-15 00:00:00+00:00,5.188305555555555,7.609,144,2023,46
2023-02-16 00:00:00+00:00,5.864041666666667,8.63,144,2023,47
2023-02-17 00:00:00+00:00,8.14229861111111,12.71,144,2023,48
2023-02-18 00:00:00+00:00,8.3203125,11.04,144,2023,49
2023-02-19 00:00:00+00:00,8.631652777777779,12.36,144,2023,50
2023-02-20 00:00:00+00:00,7.487430555555556,10.12,144,2023,51
2023-02-21 00:00:00+00:00,7.512395833333334,10.26,144,2023,52
2023-02-22 00:00:00+00:00,7.435447368421053,9.46,114,2023,53
2023-02-23 00:00:00+00:00,8.88025,11.38,144,2023,54
2023-02-24 00:00:00+00:00,8.778812499999999,11.88,144,2023,55
2023-02-25 00:00:00+00:00,7.630756944444444,10.44,144,2023,56
2023-02-26 00:00:00+00:00,1.658076388888889,4.185,144,2023,57
2023-02-27 00:00:00+00:00,1.5523333333333333,3.535,144,2023,58
2023-02-28 00:00:00+00:00,1.740611111111111,4.059,144,2023,59
2023-03-01 00:00:00+00:00,2.103861111111111,3.3689999999999998,144,2023,60
2023-03-02 00:00:00+00:00,3.7271666666666667,6.071000000000001,144,2023,61
2023-03-03 00:00:00+00:00,3.7102569444444446,5.475,144,2023,62
2023-03-04 00:00:00+00:00,6.045055555555556,11.15,144,2023,63
2023-03-05 00:00:00+00:00,4.1257222222222225,6.8629999999999995,144,2023,64
2023-03-06 00:00:00+00:00,4.437118055555556,8.26,144,2023,65
2023-03-07 00:00:00+00:00,4.802902777777778,8.82,144,2023,66
2023-03-08 00:00:00+00:00,6.990666666666666,12.13,144,2023,67
2023-03-09 00:00:00+00:00,11.121736111111112,13.39,144,2023,68
2023-03-10 00:00:00+00:00,8.892805555555556,11.21,144,2023,69
2023-03-11 00:00:00+00:00,5.486881944444445,6.053999999999999,144,2023,70
2023-03-12 00:00:00+00:00,8.552701388888888,11.51,144,2023,71
2023-03-13 00:00:00+00:00,10.993263888888889,16.6,144,2023,72
2023-03-14 00:00:00+00:00,7.7290624999999995,9.19,144,2023,73
2023-03-15 00:00:00+00:00,6.355194444444445,9.19,144,2023,74
2023-03-16 00:00:00+00:00,5.907527777777777,8.83,144,2023,75
2023-03-17 00:00:00+00:00,8.41351388888889,12.92,144,2023,76
2023-03-18 00:00:00+00:00,9.659201388888889,12.93,144,2023,77
2023-03-19 00:00:00+00:00,9.349763888888889,11.37,144,2023,78
2023-03-20 00:00:00+00:00,8.929784722222221,12.0,144,2023,79
2023-03-21 00:00:00+00:00,8.714916666666667,11.65,144,2023,80
2023-03-22 00:00:00+00:00,10.800270833333334,15.67,144,2023,81
2023-03-23 00:00:00+00:00,13.482222222222223,15.66,144,2023,82
2023-03-24 00:00:00+00:00,10.985035460992908,13.57,141,2023,83
2023-03-25 00:00:00+00:00,9.443076923076923,10.99,143,2023,84
2023-03-26 00:00:00+00:00,8.43962937062937,10.39,143,2023,85
2023-03-27 00:00:00+00:00,6.175944444444444,7.231,144,2023,86
2023-03-28 00:00:00+00:00,5.570825174825175,9.24,143,2023,87
2023-03-29 00:00:00+00:00,10.827832167832169,15.01,143,2023,88
2023-03-30 00:00:00+00:00,12.025524475524476,14.36,143,2023,89
2023-03-31 00:00:00+00:00,11.154755244755245,14.09,143,2023,90
2023-04-01 00:00:00+00:00,8.56546153846154,10.62,143,2023,91
2023-04-02 00:00:00+00:00,7.179713286713287,8.42,143,2023,92
2023-04-03 00:00:00+00:00,7.038409722222222,8.59,144,2023,93
2023-04-04 00:00:00+00:00,5.27558041958042,9.19,143,2023,94
2023-04-05 00:00:00+00:00,5.718377622377622,9.59,143,2023,95
2023-04-06 00:00:00+00:00,7.264853146853147,10.95,143,2023,96
2023-04-07 00:00:00+00:00,7.687321678321679,9.42,143,2023,97
2023-04-08 00:00:00+00:00,9.05527972027972,13.25,143,2023,98
2023-04-09 00:00:00+00:00,9.43234965034965,13.52,143,2023,99
2023-04-10 00:00:00+00:00,9.736513888888888,14.7,144,2023,100
2023-04-11 00:00:00+00:00,10.527482517482518,14.04,143,2023,101
2023-04-12 00:00:00+00:00,10.177902097902098,12.9,143,2023,102
2023-04-13 00:00:00+00:00,7.058202797202797,9.09,143,2023,103
2023-04-14 00:00:00+00:00,7.680167832167833,11.02,143,2023,104
2023-04-15 00:00:00+00:00,7.88390909090909,9.04,143,2023,105
2023-04-16 00:00:00+00:00,8.44693006993007,10.67,143,2023,106
2023-04-17 00:00:00+00:00,10.714152777777777,14.47,144,2023,107
2023-04-18 00:00:00+00:00,11.120489510489511,16.43,143,2023,108
2023-04-19 00:00:00+00:00,10.671111888111888,14.96,143,2023,109
2023-04-20 00:00:00+00:00,7.7283706293706285,10.17,143,2023,110
2023-04-21 00:00:00+00:00,8.410993006993007,9.19,143,2023,111
2023-04-22 00:00:00+00:00,9.443825174825175,13.68,143,2023,112
2023-04-23 00:00:00+00:00,11.77062937062937,15.47,143,2023,113
2023-04-24 00:00:00+00:00,10.39611111111111,13.07,144,2023,114
2023-04-25 00:00:00+00:00,9.126727272727273,11.6,143,2023,115
2023-04-26 00:00:00+00:00,10.172174825174826,14.43,143,2023,116
2023-04-27 00:00:00+00:00,12.967552447552446,17.15,143,2023,117
2023-04-28 00:00:00+00:00,15.92881118881119,20.09,143,2023,118
2023-04-29 00:00:00+00:00,14.673426573426575,16.37,143,2023,119
2023-04-30 00:00:00+00:00,13.127972027972028,14.85,143,2023,120
2023-05-01 00:00:00+00:00,12.100138888888889,13.4,144,2023,121
2023-05-02 00:00:00+00:00,14.428251748251746,18.18,143,2023,122
2023-05-03 00:00:00+00:00,13.793846153846154,19.23,143,2023,123
2023-05-04 00:00:00+00:00,14.106783216783217,18.92,143,2023,124
2023-05-05 00:00:00+00:00,16.53272727272727,22.07,143,2023,125
2023-05-06 00:00:00+00:00,16.98006993006993,19.91,143,2023,126
2023-05-07 00:00:00+00:00,15.578461538461537,18.28,143,2023,127
2023-05-08 00:00:00+00:00,16.038124999999997,19.25,144,2023,128
2023-05-09 00:00:00+00:00,14.68958041958042,16.19,143,2023,129
2023-05-10 00:00:00+00:00,12.51013986013986,14.28,143,2023,130
2023-05-11 00:00:00+00:00,12.016363636363636,14.26,143,2023,131
2023-05-12 00:00:00+00:00,14.295454545454545,16.91,143,2023,132
2023-05-13 00:00:00+00:00,13.067552447552448,16.34,143,2023,133
2023-05-14 00:00:00+00:00,13.735384615384616,17.6,143,2023,134
2023-05-15 00:00:00+00:00,13.349097222222222,15.29,144,2023,135
2023-05-16 00:00:00+00:00,12.754685314685315,14.02,143,2023,136
2023-05-17 00:00:00+00:00,11.432097902097901,13.03,143,2023,137
2023-05-18 00:00:00+00:00,11.326713286713288,15.03,143,2023,138
2023-05-19 00:00:00+00:00,13.084895104895105,16.97,143,2023,139
2023-05-20 00:00:00+00:00,13.310699300699302,16.36,143,2023,140
2023-05-21 00:00:00+00:00,14.210769230769232,18.37,143,2023,141
2023-05-22 00:00:00+00:00,16.670347222222222,24.17,144,2023,142
2023-05-23 00:00:00+00:00,18.24041958041958,23.65,143,2023,143
2023-05-24 00:00:00+00:00,15.678601398601398,18.45,143,2023,144
2023-05-25 00:00:00+00:00,14.771608391608392,20.21,143,2023,145
2023-05-26 00:00:00+00:00,17.885034965034965,22.97,143,2023,146
2023-05-27 00:00:00+00:00,18.484545454545454,22.0,143,2023,147
2023-05-28 00:00:00+00:00,19.515734265734267,25.39,143,2023,148
2023-05-29 00:00:00+00:00,19.96298611111111,25.29,144,2023,149
2023-05-30 00:00:00+00:00,19.273426573426573,24.69,143,2023,150
2023-05-31 00:00:00+00:00,18.066363636363636,21.44,143,2023,151
2023-06-01 00:00:00+00:00,18.938321678321678,24.39,143,2023,152
2023-06-02 00:00:00+00:00,20.359720279720282,26.54,143,2023,153
2023-06-03 00:00:00+00:00,18.117832167832166,21.73,143,2023,154
2023-06-04 00:00:00+00:00,18.31237762237762,21.31,143,2023,155
2023-06-05 00:00:00+00:00,19.625208333333333,25.06,144,2023,156
2023-06-06 00:00:00+00:00,19.97895104895105,23.71,143,2023,157
2023-06-07 00:00:00+00:00,20.278951048951047,24.66,143,2023,158
2023-06-08 00:00:00+00:00,20.513706293706296,24.88,143,2023,159
2023-06-09 00:00:00+00:00,19.714755244755246,22.4,143,2023,160
2023-06-10 00:00:00+00:00,19.08146853146853,21.34,143,2023,161
2023-06-11 00:00:00+00:00,21.61202797202797,26.81,143,2023,162
2023-06-12 00:00:00+00:00,22.24729166666667,27.38,144,2023,163
2023-06-13 00:00:00+00:00,20.92804195804196,25.41,143,2023,164
2023-06-14 00:00:00+00:00,21.462377622377623,26.4,143,2023,165
2023-06-15 00:00:00+00:00,20.92902097902098,25.09,143,2023,166
2023-06-16 00:00:00+00:00,21.02972027972028,24.81,143,2023,167
2023-06-17 00:00:00+00:00,21.384405594405592,25.59,143,2023,168
2023-06-18 00:00:00+00:00,22.43111888111888,26.48,143,2023,169
2023-06-19 00:00:00+00:00,23.017708333333335,25.68,144,2023,170
2023-06-20 00:00:00+00:00,23.009860139860137,27.8,143,2023,171
2023-06-21 00:00:00+00:00,24.02125874125874,26.98,143,2023,172
2023-06-22 00:00:00+00:00,20.79006993006993,24.59,143,2023,173
2023-06-23 00:00:00+00:00,20.80839160839161,25.08,143,2023,174
2023-06-24 00:00:00+00:00,23.21006993006993,27.12,143,2023,175
2023-06-25 00:00:00+00:00,22.126853146853147,26.83,143,2023,176
2023-06-26 00:00:00+00:00,23.786597222222223,28.89,144,2023,177
2023-06-27 00:00:00+00:00,21.834825174825177,25.3,143,2023,178
2023-06-28 00:00:00+00:00,21.894125874125876,26.84,143,2023,179
2023-06-29 00:00:00+00:00,21.5286013986014,24.53,143,2023,180
2023-06-30 00:00:00+00:00,18.73846153846154,20.67,143,2023,181
2023-07-01 00:00:00+00:00,18.801468531468533,20.4,143,2023,182
2023-07-02 00:00:00+00:00,20.061888111888113,22.45,143,2023,183
2023-07-03 00:00:00+00:00,20.911805555555556,22.58,144,2023,184
2023-07-04 00:00:00+00:00,21.776993006993006,25.84,143,2023,185
2023-07-05 00:00:00+00:00,20.236153846153847,22.23,143,2023,186
2023-07-06 00:00:00+00:00,20.604125874125874,23.67,143,2023,187
2023-07-07 00:00:00+00:00,22.631048951048953,27.13,143,2023,188
2023-07-08 00:00:00+00:00,23.037062937062938,26.14,143,2023,189
2023-07-09 00:00:00+00:00,24.67041958041958,29.4,143,2023,190
2023-07-10 00:00:00+00:00,26.24076388888889,29.38,144,2023,191
2023-07-11 00:00:00+00:00,25.840419580419578,33.45,143,2023,192
2023-07-12 00:00:00+00:00,23.366013986013986,25.99,143,2023,193
2023-07-13 00:00:00+00:00,21.704895104895105,24.83,143,2023,194
2023-07-14 00:00:00+00:00,22.43881118881119,28.81,143,2023,195
2023-07-15 00:00:00+00:00,24.913216783216786,30.19,143,2023,196
2023-07-16 00:00:00+00:00,23.09678321678322,25.72,143,2023,197
2023-07-17 00:00:00+00:00,24.439027777777778,28.15,144,2023,198
2023-07-18 00:00:00+00:00,23.974475524475523,27.85,143,2023,199
2023-07-19 00:00:00+00:00,25.386223776223776,28.39,143,2023,200
2023-07-20 00:00:00+00:00,23.455594405594407,27.83,143,2023,201
2023-07-21 00:00:00+00:00,22.016083916083918,25.5,143,2023,202
2023-07-22 00:00:00+00:00,22.012447552447554,26.05,143,2023,203
2023-07-23 00:00:00+00:00,23.582797202797202,29.06,143,2023,204
2023-07-24 00:00:00+00:00,22.23034722222222,26.32,144,2023,205
2023-07-25 00:00:00+00:00,18.946223776223775,21.19,143,2023,206
2023-07-26 00:00:00+00:00,17.02027972027972,20.42,143,2023,207
2023-07-27 00:00:00+00:00,19.999370629370627,25.85,143,2023,208
2023-07-28 00:00:00+00:00,23.807622377622376,25.93,143,2023,209
2023-07-29 00:00:00+00:00,21.32944055944056,23.4,143,2023,210
2023-07-30 00:00:00+00:00,21.146573426573426,24.49,143,2023,211
2023-07-31 00:00:00+00:00,20.340902777777778,23.75,144,2023,212
2023-08-01 00:00:00+00:00,21.60034965034965,23.7,143,2023,213
2023-08-02 00:00:00+00:00,22.26895104895105,27.3,143,2023,214
2023-08-03 00:00:00+00:00,20.42867132867133,22.72,143,2023,215
2023-08-04 00:00:00+00:00,18.036013986013987,19.94,143,2023,216
2023-08-05 00:00:00+00:00,18.21993006993007,21.35,143,2023,217
2023-08-06 00:00:00+00:00,16.22125874125874,19.08,143,2023,218
2023-08-07 00:00:00+00:00,16.346319444444443,20.43,144,2023,219
2023-08-08 00:00:00+00:00,18.09839160839161,22.18,143,2023,220
2023-08-09 00:00:00+00:00,20.715244755244758,25.0,143,2023,221
2023-08-10 00:00:00+00:00,21.48958041958042,25.89,143,2023,222
2023-08-11 00:00:00+00:00,23.305314685314684,28.05,143,2023,223
2023-08-12 00:00:00+00:00,24.15048951048951,27.99,143,2023,224
2023-08-13 00:00:00+00:00,24.073216783216782,28.62,143,2023,225
2023-08-14 00:00:00+00:00,24.498541666666668,27.17,144,2023,226
2023-08-15 00:00:00+00:00,25.153496503496502,28.38,143,2023,227
2023-08-16 00:00:00+00:00,24.566013986013985,28.69,143,2023,228
2023-08-17 00:00:00+00:00,24.868321678321678,28.34,143,2023,229
2023-08-18 00:00:00+00:00,24.593706293706294,30.11,143,2023,230
2023-08-19 00:00:00+00:00,25.42216783216783,31.67,143,2023,231
2023-08-20 00:00:00+00:00,26.539580419580417,31.93,143,2023,232
2023-08-21 00:00:00+00:00,27.339513888888888,31.93,144,2023,233
2023-08-22 00:00:00+00:00,27.496503496503497,32.64,143,2023,234
2023-08-23 00:00:00+00:00,28.68,34.69,143,2023,235
2023-08-24 00:00:00+00:00,27.584125874125874,34.09,143,2023,236
2023-08-25 00:00:00+00:00,26.33237762237762,29.3,143,2023,237
2023-08-26 00:00:00+00:00,21.314405594405596,24.65,143,2023,238
2023-08-27 00:00:00+00:00,17.53041958041958,19.25,143,2023,239
2023-08-28 00:00:00+00:00,15.006527777777778,16.92,144,2023,240
2023-08-29 00:00:00+00:00,15.44237762237762,17.66,143,2023,241
2023-08-30 00:00:00+00:00,16.977412587412587,19.98,143,2023,242
2023-08-31 00:00:00+00:00,19.023426573426573,20.8,143,2023,243
2023-09-01 00:00:00+00:00,20.095174825174826,23.22,143,2023,244
2023-09-02 00:00:00+00:00,20.825244755244757,24.99,143,2023,245
2023-09-03 00:00:00+00:00,22.33615384615385,27.67,143,2023,246
2023-09-04 00:00:00+00:00,21.683958333333333,25.07,144,2023,247
2023-09-05 00:00:00+00:00,22.680000000000003,26.55,143,2023,248
2023-09-06 00:00:00+00:00,22.47216783216783,25.66,143,2023,249
2023-09-07 00:00:00+00:00,22.9579020979021,26.49,143,2023,250
2023-09-08 00:00:00+00:00,23.525664335664334,26.8,143,2023,251
2023-09-09 00:00:00+00:00,23.513636363636362,27.94,143,2023,252
2023-09-10 00:00:00+00:00,23.494335664335665,27.68,143,2023,253
2023-09-11 00:00:00+00:00,23.28951388888889,27.82,144,2023,254
2023-09-12 00:00:00+00:00,23.855104895104894,27.96,143,2023,255
2023-09-13 00:00:00+00:00,18.893706293706295,22.96,143,2023,256
2023-09-14 00:00:00+00:00,19.953146853146855,22.87,143,2023,257
2023-09-15 00:00:00+00:00,20.724125874125875,23.25,143,2023,258
2023-09-16 00:00:00+00:00,20.815874125874128,22.6,143,2023,259
2023-09-17 00:00:00+00:00,21.08328671328671,23.53,143,2023,260
2023-09-18 00:00:00+00:00,19.416666666666668,21.76,87,2023,261
2023-09-20 00:00:00+00:00,18.78527777777778,22.2,144,2023,263
2023-09-21 00:00:00+00:00,19.075594405594405,22.31,143,2023,264
2023-09-22 00:00:00+00:00,16.286083916083914,19.56,143,2023,265
2023-09-23 00:00:00+00:00,14.372377622377622,17.19,143,2023,266
2023-09-24 00:00:00+00:00,15.344825174825175,19.49,143,2023,267
2023-09-25 00:00:00+00:00,15.27222222222222,18.9,144,2023,268
2023-09-26 00:00:00+00:00,16.4006993006993,21.22,143,2023,269
2023-09-27 00:00:00+00:00,17.352867132867132,20.57,143,2023,270
2023-09-28 00:00:00+00:00,18.270489510489508,21.25,143,2023,271
2023-09-29 00:00:00+00:00,19.274545454545457,22.55,143,2023,272
2023-09-30 00:00:00+00:00,19.855594405594406,22.88,143,2023,273
2023-10-01 00:00:00+00:00,18.212377622377623,21.83,143,2023,274
2023-10-02 00:00:00+00:00,18.357083333333335,22.13,144,2023,275
2023-10-03 00:00:00+00:00,19.713916083916086,23.44,143,2023,276
2023-10-04 00:00:00+00:00,17.414825174825175,20.38,143,2023,277
2023-10-05 00:00:00+00:00,16.271748251748253,19.61,143,2023,278
2023-10-06 00:00:00+00:00,16.46013986013986,19.76,143,2023,279
2023-10-07 00:00:00+00:00,16.513776223776222,20.28,143,2023,280
2023-10-08 00:00:00+00:00,17.49846153846154,20.21,143,2023,281
2023-10-09 00:00:00+00:00,17.91645833333333,21.61,144,2023,282
2023-10-10 00:00:00+00:00,18.15965034965035,21.31,143,2023,283
2023-10-11 00:00:00+00:00,17.73832167832168,20.55,143,2023,284
2023-10-12 00:00:00+00:00,17.96006993006993,20.45,143,2023,285
2023-10-13 00:00:00+00:00,18.642097902097902,22.93,143,2023,286
2023-10-14 00:00:00+00:00,18.092587412587413,21.26,143,2023,287
2023-10-15 00:00:00+00:00,12.461608391608392,14.81,143,2023,288
2023-10-16 00:00:00+00:00,10.469000000000001,13.25,144,2023,289
2023-10-17 00:00:00+00:00,12.433636363636364,14.37,143,2023,290
2023-10-18 00:00:00+00:00,13.866993006993008,14.96,143,2023,291
2023-10-19 00:00:00+00:00,15.393496503496504,16.71,143,2023,292
2023-10-20 00:00:00+00:00,16.224755244755244,19.26,143,2023,293
2023-10-21 00:00:00+00:00,15.427272727272726,16.71,143,2023,294
2023-10-22 00:00:00+00:00,13.612237762237761,15.15,143,2023,295
2023-10-23 00:00:00+00:00,13.461388888888889,14.97,144,2023,296
2023-10-24 00:00:00+00:00,13.474405594405594,15.09,143,2023,297
2023-10-25 00:00:00+00:00,13.48034965034965,16.48,143,2023,298
2023-10-26 00:00:00+00:00,13.664825174825175,16.12,143,2023,299
2023-10-27 00:00:00+00:00,13.859160839160838,15.83,143,2023,300
2023-10-28 00:00:00+00:00,13.96951048951049,17.2,143,2023,301
2023-10-29 00:00:00+00:00,12.432978723404256,13.86,47,2023,302
2023-11-01 00:00:00+00:00,10.406944444444443,12.89,144,2023,305
2023-11-02 00:00:00+00:00,10.831608391608393,13.59,143,2023,306
2023-11-03 00:00:00+00:00,8.665076923076922,9.94,143,2023,307
2023-11-04 00:00:00+00:00,9.583804195804195,13.28,143,2023,308
2023-11-05 00:00:00+00:00,12.284545454545455,13.44,143,2023,309
2023-11-06 00:00:00+00:00,11.310347222222223,13.39,144,2023,310
2023-11-07 00:00:00+00:00,9.957664335664335,11.8,143,2023,311
2023-11-08 00:00:00+00:00,8.278097902097903,10.55,143,2023,312
2023-11-09 00:00:00+00:00,9.220552447552448,10.81,143,2023,313
2023-11-10 00:00:00+00:00,9.78986013986014,10.58,143,2023,314
2023-11-11 00:00:00+00:00,8.723328671328671,10.11,143,2023,315
2023-11-12 00:00:00+00:00,9.440181818181818,13.92,143,2023,316
2023-11-13 00:00:00+00:00,12.218958333333333,13.62,144,2023,317
2023-11-14 00:00:00+00:00,13.62965034965035,15.25,143,2023,318
2023-11-15 00:00:00+00:00,11.543076923076924,13.4,143,2023,319
2023-11-16 00:00:00+00:00,10.226251748251748,15.06,143,2023,320
2023-11-17 00:00:00+00:00,9.451937062937063,12.38,143,2023,321
2023-11-18 00:00:00+00:00,7.3451958041958045,9.1,143,2023,322
2023-11-19 00:00:00+00:00,10.275874125874127,11.82,143,2023,323
2023-11-20 00:00:00+00:00,11.187708333333333,12.4,144,2023,324
2023-11-21 00:00:00+00:00,9.387692307692308,10.91,143,2023,325
2023-11-22 00:00:00+00:00,7.539223776223776,9.49,143,2023,326
2023-11-23 00:00:00+00:00,5.74058041958042,8.28,143,2023,327
2023-11-24 00:00:00+00:00,5.886048951048951,8.88,143,2023,328
2023-11-25 00:00:00+00:00,4.277699300699301,5.712999999999999,143,2023,329
2023-11-26 00:00:00+00:00,4.636454545454546,6.8870000000000005,143,2023,330
2023-11-27 00:00:00+00:00,5.547555555555555,7.726,144,2023,331
2023-11-28 00:00:00+00:00,5.787608391608392,8.56,143,2023,332
2023-11-29 00:00:00+00:00,3.4537272727272725,10.91,143,2023,333
2023-11-30 00:00:00+00:00,4.4061958041958045,6.874,143,2023,334
2023-12-01 00:00:00+00:00,5.429370629370629,7.102,143,2023,335
2023-12-02 00:00:00+00:00,3.1689803921568624,4.502,102,2023,336
2023-12-04 00:00:00+00:00,2.132625,5.597,144,2023,338
2023-12-05 00:00:00+00:00,6.457006993006993,7.812,143,2023,339
2023-12-06 00:00:00+00:00,5.825356643356643,7.0920000000000005,143,2023,340
2023-12-07 00:00:00+00:00,3.752888111888112,5.684,143,2023,341
2023-12-08 00:00:00+00:00,5.676076923076923,6.716,143,2023,342
2023-12-09 00:00:00+00:00,7.363999999999999,11.88,143,2023,343
2023-12-10 00:00:00+00:00,9.616223776223775,10.93,143,2023,344
2023-12-11 00:00:00+00:00,10.278375,14.01,144,2023,345
2023-12-12 00:00:00+00:00,10.372237762237763,11.5,143,2023,346
2023-12-13 00:00:00+00:00,8.606132867132866,9.98,143,2023,347
2023-12-14 00:00:00+00:00,7.294293706293707,7.941,143,2023,348
2023-12-15 00:00:00+00:00,6.616608391608391,8.56,143,2023,349
2023-12-16 00:00:00+00:00,4.148692307692308,6.251,143,2023,350
2023-12-17 00:00:00+00:00,3.4741398601398603,3.839,143,2023,351
2023-12-18 00:00:00+00:00,3.8376527777777776,4.292,144,2023,352
2023-12-19 00:00:00+00:00,4.05106993006993,5.732,143,2023,353
2023-12-20 00:00:00+00:00,6.260496503496503,8.03,143,2023,354
2023-12-21 00:00:00+00:00,7.657545454545454,11.19,143,2023,355
2023-12-22 00:00:00+00:00,9.178391608391609,10.56,143,2023,356
2023-12-23 00:00:00+00:00,7.804237762237763,9.13,143,2023,357
2023-12-24 00:00:00+00:00,6.845426573426574,8.43,143,2023,358
2023-12-25 00:00:00+00:00,8.145340277777779,9.93,144,2023,359
2023-12-26 00:00:00+00:00,6.828937062937063,9.36,143,2023,360
2023-12-27 00:00:00+00:00,5.341811188811189,7.608,143,2023,361
2023-12-28 00:00:00+00:00,7.381639097744361,9.61,133,2023,362
2024-01-05 00:00:00+00:00,6.829569444444444,8.16,144,2024,5
2024-01-06 00:00:00+00:00,5.7061319444444445,6.486000000000001,144,2024,6
2024-01-07 00:00:00+00:00,4.183361111111111,5.176,144,2024,7
2024-01-08 00:00:00+00:00,-0.3128680555555555,1.757,144,2024,8
2024-01-09 00:00:00+00:00,-0.12336805555555556,0.885,144,2024,9
2024-01-10 00:00:00+00:00,1.1279240506329113,2.135,79,2024,10
2024-01-12 00:00:00+00:00,-0.2483611111111111,0.465,144,2024,12
2024-01-13 00:00:00+00:00,0.09902083333333334,0.773,144,2024,13
2024-01-14 00:00:00+00:00,1.222902777777778,4.75,144,2024,14
2024-01-15 00:00:00+00:00,4.975805555555556,6.343,144,2024,15
2024-01-16 00:00:00+00:00,3.653104166666667,5.483,144,2024,16
2024-01-17 00:00:00+00:00,7.308006944444445,8.79,144,2024,17
2024-01-18 00:00:00+00:00,7.382118055555556,11.17,144,2024,18
2024-01-19 00:00:00+00:00,0.19669444444444445,2.366,144,2024,19
2024-01-20 00:00:00+00:00,-1.3850833333333332,0.638,144,2024,20
2024-01-21 00:00:00+00:00,1.3567361111111111,5.008,144,2024,21
2024-01-22 00:00:00+00:00,5.493798611111111,7.987,144,2024,22
2024-01-23 00:00:00+00:00,7.996493055555555,8.96,144,2024,23
2024-01-24 00:00:00+00:00,9.80663888888889,12.7,144,2024,24
2024-01-25 00:00:00+00:00,9.671527777777778,12.2,144,2024,25
2024-01-26 00:00:00+00:00,8.672319444444446,10.68,144,2024,26
2024-01-27 00:00:00+00:00,7.197229166666667,8.41,144,2024,27
2024-01-28 00:00:00+00:00,5.987159722222222,7.772,144,2024,28
2024-01-29 00:00:00+00:00,5.276965277777778,7.091,144,2024,29
2024-01-30 00:00:00+00:00,5.642534722222222,7.306,144,2024,30
2024-01-31 00:00:00+00:00,5.173777777777778,7.811,144,2024,31
2024-02-01 00:00:00+00:00,6.025986111111111,7.063,144,2024,32
2024-02-02 00:00:00+00:00,6.334993055555556,7.994,144,2024,33
2024-02-03 00:00:00+00:00,5.799354166666666,8.64,144,2024,34
2024-02-04 00:00:00+00:00,5.034625,6.497999999999999,144,2024,35
2024-02-05 00:00:00+00:00,3.668916666666666,4.546,144,2024,36
2024-02-06 00:00:00+00:00,5.48975,9.36,144,2024,37
2024-02-07 00:00:00+00:00,6.216034722222222,8.06,144,2024,38
2024-02-08 00:00:00+00:00,8.017041666666666,10.18,144,2024,39
2024-02-09 00:00:00+00:00,9.486159722222222,11.07,144,2024,40
2024-02-10 00:00:00+00:00,8.202090277777778,9.84,144,2024,41
2024-02-11 00:00:00+00:00,6.832215277777777,8.74,144,2024,42
2024-02-12 00:00:00+00:00,7.043729166666667,8.43,144,2024,43
2024-02-13 00:00:00+00:00,6.645180555555556,8.65,144,2024,44
2024-02-14 00:00:00+00:00,7.6839861111111105,9.61,144,2024,45
2024-02-15 00:00:00+00:00,7.093375,8.78,144,2024,46
2024-02-16 00:00:00+00:00,8.605534722222222,11.56,144,2024,47
2024-02-17 00:00:00+00:00,9.889055555555554,14.44,144,2024,48
2024-02-18 00:00:00+00:00,9.62090277777778,11.57,144,2024,49
2024-02-19 00:00:00+00:00,9.037951388888889,11.58,144,2024,50
2024-02-20 00:00:00+00:00,8.156770833333333,10.51,144,2024,51
2024-02-21 00:00:00+00:00,7.474097222222222,11.85,144,2024,52
2024-02-22 00:00:00+00:00,8.535854166666667,11.15,144,2024,53
2024-02-23 00:00:00+00:00,6.547430555555556,8.42,144,2024,54
2024-02-24 00:00:00+00:00,6.9688888888888885,8.16,144,2024,55
2024-02-25 00:00:00+00:00,6.677881944444445,9.19,144,2024,56
2024-02-26 00:00:00+00:00,7.4901736111111115,9.11,144,2024,57
2024-02-27 00:00:00+00:00,8.610888888888889,9.82,144,2024,58
2024-02-28 00:00:00+00:00,9.148402777777777,10.7,144,2024,59
2024-02-29 00:00:00+00:00,8.221777777777778,10.49,144,2024,60
2024-03-01 00:00:00+00:00,7.7186458333333325,8.75,144,2024,61
2024-03-02 00:00:00+00:00,7.334986111111111,9.88,144,2024,62
2024-03-03 00:00:00+00:00,8.194770833333333,11.48,144,2024,63
2024-03-04 00:00:00+00:00,7.440645833333333,8.59,144,2024,64
2024-03-05 00:00:00+00:00,7.183472222222223,8.66,144,2024,65
2024-03-06 00:00:00+00:00,6.313715277777778,7.631,144,2024,66
2024-03-07 00:00:00+00:00,5.7983263888888885,8.6,144,2024,67
2024-03-08 00:00:00+00:00,4.889541666666667,7.1739999999999995,144,2024,68
2024-03-09 00:00:00+00:00,6.149395833333333,8.39,144,2024,69
2024-03-10 00:00:00+00:00,7.738493055555556,9.18,144,2024,70
2024-03-11 00:00:00+00:00,7.102034722222222,9.38,144,2024,71
2024-03-12 00:00:00+00:00,7.688868055555555,9.21,144,2024,72
2024-03-13 00:00:00+00:00,9.407305555555556,13.16,144,2024,73
2024-03-14 00:00:00+00:00,9.60586111111111,13.82,144,2024,74
2024-03-15 00:00:00+00:00,11.282222222222224,13.43,144,2024,75
2024-03-16 00:00:00+00:00,10.487430555555555,12.3,144,2024,76
2024-03-17 00:00:00+00:00,9.169826388888888,10.55,144,2024,77
2024-03-18 00:00:00+00:00,10.54701388888889,13.28,144,2024,78
2024-03-19 00:00:00+00:00,10.033465277777777,12.53,144,2024,79
2024-03-20 00:00:00+00:00,10.740493055555556,14.4,144,2024,80
2024-03-21 00:00:00+00:00,13.200694444444444,17.89,144,2024,81
2024-03-22 00:00:00+00:00,12.105486111111112,15.47,144,2024,82
2024-03-23 00:00:00+00:00,10.122013888888889,12.44,144,2024,83
2024-03-24 00:00:00+00:00,7.155736111111111,8.6,144,2024,84
2024-03-25 00:00:00+00:00,7.114138888888888,9.56,144,2024,85
2024-03-26 00:00:00+00:00,9.824048611111111,13.95,144,2024,86
2024-03-27 00:00:00+00:00,6.415965277777778,9.86,144,2024,87
2024-03-28 00:00:00+00:00,8.947541666666666,12.37,144,2024,88
2024-03-29 00:00:00+00:00,14.25361111111111,20.26,144,2024,89
2024-03-30 00:00:00+00:00,12.822222222222223,16.12,144,2024,90
2024-03-31 00:00:00+00:00,9.95736111111111,12.67,144,2024,91
2024-04-01 00:00:00+00:00,9.008736111111112,10.65,144,2024,92
2024-04-02 00:00:00+00:00,8.9621875,12.89,144,2024,93
2024-04-03 00:00:00+00:00,9.559166666666666,10.82,144,2024,94
2024-04-04 00:00:00+00:00,11.81486111111111,16.2,144,2024,95
2024-04-05 00:00:00+00:00,14.081597222222221,19.7,144,2024,96
2024-04-06 00:00:00+00:00,14.557083333333331,20.82,144,2024,97
2024-04-07 00:00:00+00:00,14.539250000000001,19.28,120,2024,98
2024-04-08 00:00:00+00:00,14.975208333333333,19.89,144,2024,99
2024-04-09 00:00:00+00:00,10.073972222222222,18.68,144,2024,100
2024-04-10 00:00:00+00:00,9.221,11.77,144,2024,101
2024-04-11 00:00:00+00:00,10.710951388888889,14.92,144,2024,102
2024-04-12 00:00:00+00:00,12.360208333333333,17.27,144,2024,103
2024-04-13 00:00:00+00:00,13.904930555555556,18.38,144,2024,104
2024-04-14 00:00:00+00:00,16.29798611111111,21.62,144,2024,105
2024-04-15 00:00:00+00:00,15.73798611111111,19.86,144,2024,106
2024-04-16 00:00:00+00:00,8.440097222222223,11.59,144,2024,107
2024-04-17 00:00:00+00:00,6.468944444444444,7.867999999999999,144,2024,108
2024-04-18 00:00:00+00:00,5.979625,8.56,144,2024,109
2024-04-19 00:00:00+00:00,6.926159722222222,10.65,144,2024,110
2024-04-20 00:00:00+00:00,6.960048611111111,8.31,144,2024,111
2024-04-21 00:00:00+00:00,5.314979166666666,7.672000000000001,144,2024,112
2024-04-22 00:00:00+00:00,4.394604166666666,5.9479999999999995,144,2024,113
2024-04-23 00:00:00+00:00,5.531006944444445,7.215,144,2024,114
2024-04-24 00:00:00+00:00,6.381381944444445,8.84,144,2024,115
2024-04-25 00:00:00+00:00,7.184333333333334,10.17,144,2024,116
2024-04-26 00:00:00+00:00,9.314361111111111,10.92,144,2024,117
2024-04-27 00:00:00+00:00,11.232222222222223,16.54,144,2024,118
2024-04-28 00:00:00+00:00,12.2324,14.3,25,2024,119
2024-04-29 00:00:00+00:00,11.298472222222223,13.7,144,2024,120
2024-04-30 00:00:00+00:00,12.100625,16.02,144,2024,121
2024-05-01 00:00:00+00:00,12.237569444444444,15.51,144,2024,122
2024-05-02 00:00:00+00:00,10.852916666666665,14.7,144,2024,123
2024-05-03 00:00:00+00:00,9.870624999999999,12.09,144,2024,124
2024-05-04 00:00:00+00:00,11.034041666666667,16.65,144,2024,125
2024-05-05 00:00:00+00:00,13.418194444444445,16.32,144,2024,126
2024-05-06 00:00:00+00:00,11.937152777777778,14.38,144,2024,127
2024-05-07 00:00:00+00:00,10.57986111111111,11.41,144,2024,128
2024-05-08 00:00:00+00:00,13.741319444444445,16.51,144,2024,129
2024-05-09 00:00:00+00:00,14.077152777777776,18.28,144,2024,130
2024-05-10 00:00:00+00:00,15.078472222222224,20.38,144,2024,131
2024-05-11 00:00:00+00:00,16.54625,20.31,144,2024,132
2024-05-12 00:00:00+00:00,16.97138888888889,19.6,144,2024,133
2024-05-13 00:00:00+00:00,16.306527777777777,20.5,144,2024,134
2024-05-14 00:00:00+00:00,14.361319444444446,17.29,144,2024,135
2024-05-15 00:00:00+00:00,12.977147540983607,14.02,61,2024,136
2024-05-16 00:00:00+00:00,11.945842696629214,12.82,89,2024,137
2024-05-17 00:00:00+00:00,13.720277777777778,16.49,144,2024,138
2024-05-18 00:00:00+00:00,14.232152777777777,17.63,144,2024,139
2024-05-19 00:00:00+00:00,15.3675,18.98,144,2024,140
2024-05-20 00:00:00+00:00,15.686111111111112,19.66,144,2024,141
2024-05-21 00:00:00+00:00,15.375,18.3,144,2024,142
2024-05-22 00:00:00+00:00,14.945069444444446,18.33,144,2024,143
2024-05-23 00:00:00+00:00,14.190416666666668,17.01,144,2024,144
2024-05-24 00:00:00+00:00,13.636666666666667,16.32,144,2024,145
2024-05-25 00:00:00+00:00,15.049791666666668,18.76,144,2024,146
2024-05-26 00:00:00+00:00,16.295277777777777,20.1,144,2024,147
2024-05-27 00:00:00+00:00,15.654861111111112,17.14,144,2024,148
2024-05-28 00:00:00+00:00,16.029375,19.84,144,2024,149
2024-05-29 00:00:00+00:00,16.298958333333335,18.44,144,2024,150
2024-05-30 00:00:00+00:00,15.657708333333334,17.6,144,2024,151
2024-05-31 00:00:00+00:00,12.514545454545454,13.72,143,2024,152
2024-06-01 00:00:00+00:00,15.195486111111112,18.28,144,2024,153
2024-06-02 00:00:00+00:00,15.290624999999999,17.1,144,2024,154
2024-06-03 00:00:00+00:00,17.14534722222222,20.19,144,2024,155
2024-06-04 00:00:00+00:00,17.695416666666667,22.23,144,2024,156
2024-06-05 00:00:00+00:00,19.30409722222222,23.15,144,2024,157
2024-06-06 00:00:00+00:00,18.83527777777778,22.47,144,2024,158
2024-06-07 00:00:00+00:00,19.57173611111111,23.95,144,2024,159
2024-06-08 00:00:00+00:00,19.826319444444444,22.66,144,2024,160
2024-06-09 00:00:00+00:00,19.449791666666666,21.72,144,2024,161
2024-06-10 00:00:00+00:00,17.460069444444443,21.43,144,2024,162
2024-06-11 00:00:00+00:00,15.016573426573427,16.9,143,2024,163
2024-06-12 00:00:00+00:00,15.813055555555556,19.12,144,2024,164
2024-06-13 00:00:00+00:00,16.896805555555556,20.31,144,2024,165
2024-06-14 00:00:00+00:00,16.44638888888889,19.09,144,2024,166
2024-06-15 00:00:00+00:00,16.78395833333333,19.4,144,2024,167
2024-06-16 00:00:00+00:00,18.18861111111111,20.57,144,2024,168
2024-06-17 00:00:00+00:00,20.322291666666665,23.65,144,2024,169
2024-06-18 00:00:00+00:00,20.97173611111111,27.72,144,2024,170
2024-06-19 00:00:00+00:00,23.034444444444446,27.17,144,2024,171
2024-06-20 00:00:00+00:00,21.067342657342657,23.69,143,2024,172
2024-06-21 00:00:00+00:00,18.908181818181816,20.94,143,2024,173
2024-06-22 00:00:00+00:00,16.09972027972028,17.96,143,2024,174
2024-06-23 00:00:00+00:00,17.506643356643355,19.55,143,2024,175
2024-06-24 00:00:00+00:00,20.463055555555556,25.87,144,2024,176
2024-06-25 00:00:00+00:00,19.895104895104897,25.17,143,2024,177
2024-06-26 00:00:00+00:00,19.805384615384614,22.29,143,2024,178
2024-06-27 00:00:00+00:00,22.064405594405596,26.6,143,2024,179
2024-06-28 00:00:00+00:00,23.517482517482517,27.77,143,2024,180
2024-06-29 00:00:00+00:00,21.83361111111111,22.65,36,2024,181
2024-07-02 00:00:00+00:00,18.206527777777776,20.72,144,2024,184
2024-07-03 00:00:00+00:00,17.192937062937062,18.69,143,2024,185
2024-07-04 00:00:00+00:00,19.01811188811189,21.63,143,2024,186
2024-07-05 00:00:00+00:00,20.353916083916086,23.75,143,2024,187
2024-07-06 00:00:00+00:00,19.20188811188811,21.43,143,2024,188
2024-07-07 00:00:00+00:00,17.80741258741259,21.12,143,2024,189
2024-07-08 00:00:00+00:00,19.753541666666667,23.88,144,2024,190
2024-07-09 00:00:00+00:00,22.766013986013984,27.5,143,2024,191
2024-07-10 00:00:00+00:00,23.118181818181817,25.17,143,2024,192
2024-07-11 00:00:00+00:00,23.09104895104895,26.55,143,2024,193
2024-07-12 00:00:00+00:00,20.378811188811188,23.67,143,2024,194
2024-07-13 00:00:00+00:00,18.939090909090908,23.55,143,2024,195
2024-07-14 00:00:00+00:00,19.686573426573425,23.35,143,2024,196
2024-07-15 00:00:00+00:00,21.69326388888889,26.09,144,2024,197
2024-07-16 00:00:00+00:00,22.04986013986014,24.35,143,2024,198
2024-07-17 00:00:00+00:00,22.076363636363638,26.24,143,2024,199
2024-07-18 00:00:00+00:00,22.391328671328672,27.42,143,2024,200
2024-07-19 00:00:00+00:00,22.99895104895105,26.88,143,2024,201
2024-07-20 00:00:00+00:00,23.723426573426572,27.43,143,2024,202
2024-07-21 00:00:00+00:00,21.913566433566434,24.28,143,2024,203
2024-07-22 00:00:00+00:00,21.778958333333335,24.34,144,2024,204
2024-07-23 00:00:00+00:00,22.95867132867133,26.98,143,2024,205
2024-07-24 00:00:00+00:00,22.984405594405594,26.12,143,2024,206
2024-07-25 00:00:00+00:00,22.304825174825176,26.49,143,2024,207
2024-07-26 00:00:00+00:00,23.44272727272727,27.54,143,2024,208
2024-07-27 00:00:00+00:00,25.292727272727273,29.52,143,2024,209
2024-07-28 00:00:00+00:00,25.344685314685314,28.15,143,2024,210
2024-07-29 00:00:00+00:00,24.264097222222222,29.3,144,2024,211
2024-07-30 00:00:00+00:00,25.66111888111888,29.19,143,2024,212
2024-07-31 00:00:00+00:00,25.586573426573427,28.77,143,2024,213
2024-08-01 00:00:00+00:00,23.81251748251748,26.86,143,2024,214
2024-08-02 00:00:00+00:00,24.197692307692307,28.78,143,2024,215
2024-08-03 00:00:00+00:00,23.904195804195805,27.31,143,2024,216
2024-08-04 00:00:00+00:00,23.024405594405597,26.58,143,2024,217
2024-08-05 00:00:00+00:00,23.443333333333335,28.04,144,2024,218
2024-08-06 00:00:00+00:00,24.0213986013986,27.98,143,2024,219
2024-08-07 00:00:00+00:00,23.14293706293706,25.21,143,2024,220
2024-08-08 00:00:00+00:00,23.855664335664336,26.87,143,2024,221
2024-08-09 00:00:00+00:00,24.343146853146855,28.95,143,2024,222
2024-08-10 00:00:00+00:00,25.427972027972025,30.17,143,2024,223
2024-08-11 00:00:00+00:00,25.946013986013988,30.9,143,2024,224
2024-08-12 00:00:00+00:00,25.509791666666665,28.64,144,2024,225
2024-08-13 00:00:00+00:00,24.395804195804196,28.64,143,2024,226
2024-08-14 00:00:00+00:00,22.933846153846154,25.31,143,2024,227
2024-08-15 00:00:00+00:00,23.652937062937063,27.7,143,2024,228
2024-08-16 00:00:00+00:00,23.70104895104895,27.77,143,2024,229
2024-08-17 00:00:00+00:00,22.56160839160839,24.59,143,2024,230
2024-08-18 00:00:00+00:00,18.797062937062936,20.8,143,2024,231
2024-08-19 00:00:00+00:00,20.214652777777776,23.35,144,2024,232
2024-08-20 00:00:00+00:00,20.873356643356644,23.76,143,2024,233
2024-08-21 00:00:00+00:00,21.132867132867133,23.97,143,2024,234
2024-08-22 00:00:00+00:00,19.946853146853147,23.99,143,2024,235
2024-08-23 00:00:00+00:00,21.483426573426573,26.07,143,2024,236
2024-08-24 00:00:00+00:00,23.341818181818184,27.55,143,2024,237
2024-08-25 00:00:00+00:00,18.77846153846154,23.43,143,2024,238
2024-08-26 00:00:00+00:00,19.297291666666666,22.33,144,2024,239
2024-08-27 00:00:00+00:00,19.838391608391607,24.81,143,2024,240
2024-08-28 00:00:00+00:00,21.75748251748252,26.3,143,2024,241
2024-08-29 00:00:00+00:00,23.375594405594406,27.93,143,2024,242
2024-08-30 00:00:00+00:00,23.68874125874126,26.68,143,2024,243
2024-08-31 00:00:00+00:00,24.006503496503495,26.79,143,2024,244
2024-09-01 00:00:00+00:00,23.263566433566435,27.46,143,2024,245
2024-09-02 00:00:00+00:00,20.387307692307694,21.99,78,2024,246
2024-09-03 00:00:00+00:00,21.816875,24.82,144,2024,247
2024-09-04 00:00:00+00:00,20.56062937062937,22.6,143,2024,248
2024-09-05 00:00:00+00:00,19.045384615384616,20.37,143,2024,249
2024-09-06 00:00:00+00:00,18.77769230769231,22.18,143,2024,250
2024-09-07 00:00:00+00:00,20.85741258741259,25.34,143,2024,251
2024-09-08 00:00:00+00:00,19.3406993006993,22.66,143,2024,252
2024-09-09 00:00:00+00:00,17.747777777777777,19.09,144,2024,253
2024-09-10 00:00:00+00:00,17.795804195804198,20.01,143,2024,254
2024-09-11 00:00:00+00:00,14.453916083916083,16.62,143,2024,255
2024-09-12 00:00:00+00:00,11.69888111888112,13.92,143,2024,256
2024-09-13 00:00:00+00:00,10.787342657342657,12.99,143,2024,257
2024-09-14 00:00:00+00:00,12.48041958041958,15.02,143,2024,258
2024-09-15 00:00:00+00:00,12.831678321678321,16.26,143,2024,259
2024-09-16 00:00:00+00:00,13.488680555555554,16.46,144,2024,260
2024-09-17 00:00:00+00:00,15.199860139860139,17.66,143,2024,261
2024-09-18 00:00:00+00:00,13.778461538461539,16.59,143,2024,262
2024-09-19 00:00:00+00:00,14.622097902097902,18.49,143,2024,263
2024-09-20 00:00:00+00:00,15.499510489510488,17.93,143,2024,264
2024-09-21 00:00:00+00:00,16.273216783216785,19.07,143,2024,265
2024-09-22 00:00:00+00:00,16.472027972027973,18.34,143,2024,266
2024-09-23 00:00:00+00:00,15.074166666666665,15.92,144,2024,267
2024-09-24 00:00:00+00:00,15.42881118881119,17.3,143,2024,268
2024-09-25 00:00:00+00:00,15.837202797202796,18.11,143,2024,269
2024-09-26 00:00:00+00:00,15.436293706293705,16.89,143,2024,270
2024-09-27 00:00:00+00:00,15.569230769230769,17.98,143,2024,271
2024-09-28 00:00:00+00:00,11.98076923076923,14.49,143,2024,272
2024-09-29 00:00:00+00:00,11.092727272727272,13.36,143,2024,273
2024-09-30 00:00:00+00:00,15.814930555555556,18.85,144,2024,274
2024-10-01 00:00:00+00:00,14.755174825174823,17.08,143,2024,275
2024-10-02 00:00:00+00:00,14.484545454545454,17.77,143,2024,276
2024-10-03 00:00:00+00:00,12.463846153846154,14.19,143,2024,277
2024-10-04 00:00:00+00:00,11.729650349650349,13.31,143,2024,278
2024-10-05 00:00:00+00:00,11.166083916083917,14.12,143,2024,279
2024-10-06 00:00:00+00:00,11.713986013986013,13.82,143,2024,280
2024-10-07 00:00:00+00:00,15.205694444444443,17.59,144,2024,281
2024-10-08 00:00:00+00:00,14.216853146853147,15.96,143,2024,282
2024-10-09 00:00:00+00:00,15.133846153846154,18.99,143,2024,283
2024-10-10 00:00:00+00:00,14.477622377622378,17.54,143,2024,284
2024-10-11 00:00:00+00:00,12.625384615384617,15.44,143,2024,285
2024-10-12 00:00:00+00:00,11.052517482517482,12.89,143,2024,286
2024-10-13 00:00:00+00:00,14.246713286713286,15.5,143,2024,287
2024-10-14 00:00:00+00:00,14.372569444444444,16.26,144,2024,288
2024-10-15 00:00:00+00:00,14.935524475524478,17.26,143,2024,289
2024-10-16 00:00:00+00:00,14.846363636363638,16.46,143,2024,290
2024-10-17 00:00:00+00:00,14.930979020979022,16.91,143,2024,291
2024-10-18 00:00:00+00:00,14.132797202797203,14.99,143,2024,292
2024-10-19 00:00:00+00:00,13.77965034965035,15.78,143,2024,293
2024-10-20 00:00:00+00:00,14.050559440559441,15.47,143,2024,294
2024-10-21 00:00:00+00:00,13.362361111111111,15.12,144,2024,295
2024-10-22 00:00:00+00:00,15.686853146853146,18.4,143,2024,296
2024-10-23 00:00:00+00:00,14.857762237762238,17.0,143,2024,297
2024-10-24 00:00:00+00:00,13.9,14.46,143,2024,298
2024-10-25 00:00:00+00:00,13.901818181818182,15.28,143,2024,299
2024-10-26 00:00:00+00:00,12.574118881118881,13.19,143,2024,300
2024-10-27 00:00:00+00:00,13.513566433566433,15.7,143,2024,301
2024-10-28 00:00:00+00:00,12.365972222222222,13.44,144,2024,302
2024-10-29 00:00:00+00:00,12.057552447552448,12.93,143,2024,303
2024-10-30 00:00:00+00:00,12.185034965034966,13.94,143,2024,304
2024-10-31 00:00:00+00:00,11.686923076923078,12.23,143,2024,305
2024-11-01 00:00:00+00:00,11.403286713286715,12.9,143,2024,306
2024-11-02 00:00:00+00:00,10.844405594405595,12.38,143,2024,307
2024-11-03 00:00:00+00:00,11.055104895104895,12.81,143,2024,308
2024-11-04 00:00:00+00:00,10.140347222222223,10.75,144,2024,309
2024-11-05 00:00:00+00:00,10.276713286713287,11.14,143,2024,310
2024-11-06 00:00:00+00:00,11.259370629370629,13.88,143,2024,311
2024-11-07 00:00:00+00:00,11.829160839160838,13.45,143,2024,312
2024-11-08 00:00:00+00:00,11.29413986013986,12.08,143,2024,313
2024-11-09 00:00:00+00:00,10.532027972027972,12.47,143,2024,314
2024-11-10 00:00:00+00:00,9.376188811188811,11.55,143,2024,315
2024-11-11 00:00:00+00:00,9.20722222222222,10.43,144,2024,316
2024-11-12 00:00:00+00:00,8.131545454545455,9.71,143,2024,317
2024-11-13 00:00:00+00:00,7.15333962264151,7.6610000000000005,53,2024,318
2024-11-14 00:00:00+00:00,6.648284722222222,10.36,144,2024,319
2024-11-15 00:00:00+00:00,6.098398601398602,8.86,143,2024,320
2024-11-16 00:00:00+00:00,6.602734265734266,7.909,143,2024,321
2024-11-17 00:00:00+00:00,9.324118881118881,12.51,143,2024,322
2024-11-18 00:00:00+00:00,10.20861111111111,11.13,144,2024,323
2024-11-19 00:00:00+00:00,9.774720279720281,12.55,143,2024,324
2024-11-20 00:00:00+00:00,6.813692307692308,12.31,143,2024,325
2024-11-21 00:00:00+00:00,5.419188811188811,11.98,143,2024,326
2024-11-22 00:00:00+00:00,3.7047272727272724,7.452000000000001,143,2024,327
2024-11-23 00:00:00+00:00,4.580223776223776,8.49,143,2024,328
2024-11-24 00:00:00+00:00,10.356839160839161,12.6,143,2024,329
2024-11-25 00:00:00+00:00,12.298680555555556,15.32,144,2024,330
2024-11-26 00:00:00+00:00,9.843216783216782,11.25,143,2024,331
2024-11-27 00:00:00+00:00,8.632937062937064,10.12,143,2024,332
2024-11-28 00:00:00+00:00,9.17925874125874,10.35,143,2024,333
2024-11-29 00:00:00+00:00,5.281853146853146,7.169,143,2024,334
2024-11-30 00:00:00+00:00,4.924111888111888,5.601,143,2024,335
2024-12-01 00:00:00+00:00,4.792517482517483,6.425,143,2024,336
2024-12-02 00:00:00+00:00,7.858416666666667,8.91,144,2024,337
2024-12-03 00:00:00+00:00,7.625741258741258,9.07,143,2024,338
2024-12-04 00:00:00+00:00,6.49362937062937,8.54,143,2024,339
2024-12-05 00:00:00+00:00,4.955944055944056,7.426,143,2024,340
2024-12-06 00:00:00+00:00,8.475671328671329,10.71,143,2024,341
2024-12-07 00:00:00+00:00,6.958615384615385,9.59,143,2024,342
2024-12-08 00:00:00+00:00,5.513237762237763,6.985,143,2024,343
2024-12-09 00:00:00+00:00,5.3152638888888895,5.891,144,2024,344
2024-12-10 00:00:00+00:00,4.4448111888111885,5.777,143,2024,345
2024-12-11 00:00:00+00:00,4.129993006993007,5.167999999999999,143,2024,346
2024-12-12 00:00:00+00:00,3.7346153846153842,4.796,143,2024,347
2024-12-13 00:00:00+00:00,2.6563916083916084,3.6839999999999997,143,2024,348
2024-12-14 00:00:00+00:00,4.634405594405594,6.024,143,2024,349
2024-12-15 00:00:00+00:00,5.785958041958041,8.19,143,2024,350
2024-12-16 00:00:00+00:00,4.585986111111111,6.747999999999999,144,2024,351
2024-12-17 00:00:00+00:00,4.5364545454545455,5.784,143,2024,352
2024-12-18 00:00:00+00:00,7.09544055944056,9.18,143,2024,353
2024-12-19 00:00:00+00:00,8.037125874125874,10.53,143,2024,354
2024-12-20 00:00:00+00:00,3.869020979020979,6.355,143,2024,355
2024-12-21 00:00:00+00:00,4.468041958041957,6.341,143,2024,356
2024-12-22 00:00:00+00:00,5.957706293706294,9.32,143,2024,357
2024-12-23 00:00:00+00:00,3.6277777777777778,5.37,144,2024,358
2024-12-24 00:00:00+00:00,3.828944055944056,4.837,143,2024,359
2024-12-25 00:00:00+00:00,2.474608391608392,3.924,143,2024,360
2024-12-26 00:00:00+00:00,1.9012377622377623,2.6839999999999997,143,2024,361
2024-12-27 00:00:00+00:00,2.3511958041958043,3.168,143,2024,362
2024-12-28 00:00:00+00:00,2.391006993006993,2.949,143,2024,363
2024-12-29 00:00:00+00:00,2.709741258741259,3.241,143,2024,364
2024-12-30 00:00:00+00:00,2.170548611111111,2.859,144,2024,365
2024-12-31 00:00:00+00:00,2.2071258741258744,2.699,143,2024,366
2025-01-01 00:00:00+00:00,4.024062937062937,7.437,143,2025,1
2025-01-02 00:00:00+00:00,7.438454545454546,10.74,143,2025,2
2025-01-03 00:00:00+00:00,3.990104895104895,6.476,143,2025,3
2025-01-04 00:00:00+00:00,1.37506993006993,4.08,143,2025,4
2025-01-05 00:00:00+00:00,7.207258741258741,9.55,143,2025,5
2025-01-06 00:00:00+00:00,9.941729166666667,11.95,144,2025,6
2025-01-07 00:00:00+00:00,7.953293706293706,9.41,143,2025,7
2025-01-08 00:00:00+00:00,8.730237762237762,11.86,143,2025,8
2025-01-09 00:00:00+00:00,8.847958041958043,11.85,143,2025,9
2025-01-10 00:00:00+00:00,3.1325384615384615,4.48,143,2025,10
2025-01-11 00:00:00+00:00,2.5564405594405595,3.803,143,2025,11
2025-01-12 00:00:00+00:00,0.8591538461538462,2.662,143,2025,12
2025-01-13 00:00:00+00:00,-0.36465972222222226,2.041,144,2025,13
2025-01-14 00:00:00+00:00,-0.9777342657342658,1.065,143,2025,14
2025-01-15 00:00:00+00:00,2.1486433566433565,6.9510000000000005,143,2025,15
2025-01-16 00:00:00+00:00,3.574825174825175,5.327000000000001,143,2025,16
2025-01-17 00:00:00+00:00,3.0067622377622376,3.969,143,2025,17
2025-01-18 00:00:00+00:00,1.571986013986014,2.633,143,2025,18
2025-01-19 00:00:00+00:00,1.408090909090909,2.661,143,2025,19
2025-01-20 00:00:00+00:00,2.657763888888889,3.6910000000000003,144,2025,20
2025-01-21 00:00:00+00:00,3.5391958041958045,3.99,143,2025,21
2025-01-22 00:00:00+00:00,4.090356643356643,5.466,143,2025,22
2025-01-23 00:00:00+00:00,7.215496503496504,9.1,143,2025,23
2025-01-24 00:00:00+00:00,7.322846153846153,10.19,143,2025,24
2025-01-25 00:00:00+00:00,10.582727272727272,15.45,143,2025,25
2025-01-26 00:00:00+00:00,7.690125874125875,8.91,143,2025,26
2025-01-27 00:00:00+00:00,8.575256944444444,10.76,144,2025,27
2025-01-28 00:00:00+00:00,7.052566433566434,9.5,143,2025,28
2025-01-29 00:00:00+00:00,7.393510489510489,10.41,143,2025,29
2025-01-30 00:00:00+00:00,6.8456293706293705,7.751,143,2025,30
2025-01-31 00:00:00+00:00,6.4475594405594405,7.507000000000001,143,2025,31
2025-02-01 00:00:00+00:00,4.803251748251748,5.936,143,2025,32
2025-02-02 00:00:00+00:00,4.256307692307693,5.564,143,2025,33
2025-02-03 00:00:00+00:00,3.571604166666667,4.644,144,2025,34
2025-02-04 00:00:00+00:00,3.6095244755244758,4.9510000000000005,143,2025,35
2025-02-05 00:00:00+00:00,3.1852797202797203,5.348,143,2025,36
2025-02-06 00:00:00+00:00,2.204216783216783,2.7489999999999997,143,2025,37
2025-02-07 00:00:00+00:00,3.1918732394366196,4.729,142,2025,38
2025-02-08 00:00:00+00:00,3.8305314685314684,5.337999999999999,143,2025,39
2025-02-09 00:00:00+00:00,5.595783216783217,8.04,143,2025,40
2025-02-10 00:00:00+00:00,6.132534722222222,6.925,144,2025,41
2025-02-11 00:00:00+00:00,7.791832167832168,9.03,143,2025,42
2025-02-12 00:00:00+00:00,7.031972027972028,7.645,143,2025,43
2025-02-13 00:00:00+00:00,7.200202797202796,7.792999999999999,143,2025,44
2025-02-14 00:00:00+00:00,2.898,4.794,143,2025,45
2025-02-15 00:00:00+00:00,1.6185034965034966,4.0169999999999995,143,2025,46
2025-02-16 00:00:00+00:00,3.2419370629370627,6.68,143,2025,47
2025-02-17 00:00:00+00:00,2.712576388888889,3.9530000000000003,144,2025,48
2025-02-18 00:00:00+00:00,3.4634685314685316,5.199,143,2025,49
2025-02-19 00:00:00+00:00,3.9563916083916086,5.502000000000001,143,2025,50
2025-02-20 00:00:00+00:00,6.642902097902097,9.05,143,2025,51
2025-02-21 00:00:00+00:00,6.526993006993007,8.39,143,2025,52
2025-02-22 00:00:00+00:00,7.680090909090908,9.18,143,2025,53
2025-02-23 00:00:00+00:00,8.169888111888113,9.27,143,2025,54
2025-02-24 00:00:00+00:00,8.027708333333333,9.68,144,2025,55
2025-02-25 00:00:00+00:00,8.598552447552448,10.76,143,2025,56
2025-02-26 00:00:00+00:00,6.057174825174825,7.76,143,2025,57
2025-02-27 00:00:00+00:00,6.136566433566434,7.771,143,2025,58
2025-02-28 00:00:00+00:00,5.796405594405594,8.72,143,2025,59
2025-03-01 00:00:00+00:00,5.137440559440559,7.042999999999999,143,2025,60
2025-03-02 00:00:00+00:00,4.867363636363637,7.835,143,2025,61
2025-03-03 00:00:00+00:00,4.890548611111111,7.511,144,2025,62
2025-03-04 00:00:00+00:00,6.463566433566434,9.83,143,2025,63
2025-03-05 00:00:00+00:00,7.211916083916084,10.73,143,2025,64
2025-03-06 00:00:00+00:00,7.209322314049587,10.08,121,2025,65
2025-03-07 00:00:00+00:00,8.09590909090909,12.98,143,2025,66
2025-03-08 00:00:00+00:00,8.273916083916085,11.65,143,2025,67
2025-03-09 00:00:00+00:00,9.620286713286713,14.0,143,2025,68
2025-03-10 00:00:00+00:00,10.015347222222223,12.13,144,2025,69
2025-03-11 00:00:00+00:00,9.282685314685315,11.22,143,2025,70
2025-03-12 00:00:00+00:00,8.466573426573428,9.8,143,2025,71
2025-03-13 00:00:00+00:00,7.577671328671329,8.78,143,2025,72
2025-03-14 00:00:00+00:00,6.021258741258741,7.565,143,2025,73
2025-03-15 00:00:00+00:00,6.114426573426574,7.881,143,2025,74
2025-03-16 00:00:00+00:00,4.7996853146853145,6.688,143,2025,75
2025-03-17 00:00:00+00:00,6.337701388888889,8.66,144,2025,76
2025-03-18 00:00:00+00:00,5.588776223776224,9.06,143,2025,77
2025-03-19 00:00:00+00:00,7.42279020979021,11.06,143,2025,78
2025-03-20 00:00:00+00:00,9.540489510489511,12.68,143,2025,79
2025-03-21 00:00:00+00:00,10.703146853146853,15.69,143,2025,80
2025-03-22 00:00:00+00:00,12.207132867132866,16.24,143,2025,81
2025-03-23 00:00:00+00:00,10.321888111888113,12.73,143,2025,82
2025-03-24 00:00:00+00:00,11.319722222222222,15.45,144,2025,83
2025-03-25 00:00:00+00:00,11.182654676258991,15.62,139,2025,84
2025-03-26 00:00:00+00:00,11.159097222222222,14.18,144,2025,85
2025-03-27 00:00:00+00:00,10.27513888888889,12.64,144,2025,86
2025-03-28 00:00:00+00:00,9.304729166666668,11.44,144,2025,87
2025-03-29 00:00:00+00:00,9.92326388888889,10.86,144,2025,88
2025-03-30 00:00:00+00:00,11.071763888888889,15.22,144,2025,89
2025-03-31 00:00:00+00:00,10.609298611111111,13.54,144,2025,90
2025-04-01 00:00:00+00:00,8.704284722222221,11.68,144,2025,91
2025-04-02 00:00:00+00:00,8.187395833333333,11.09,144,2025,92
2025-04-03 00:00:00+00:00,10.303430555555556,14.69,144,2025,93
2025-04-04 00:00:00+00:00,11.968881118881118,18.42,143,2025,94
2025-04-05 00:00:00+00:00,14.087013888888889,21.29,144,2025,95
2025-04-06 00:00:00+00:00,12.622479166666666,15.4,144,2025,96
2025-04-07 00:00:00+00:00,9.401020833333334,15.25,144,2025,97
2025-04-08 00:00:00+00:00,10.002902777777777,14.41,144,2025,98
2025-04-09 00:00:00+00:00,12.126527777777778,17.93,144,2025,99
2025-04-10 00:00:00+00:00,13.270349650349651,19.28,143,2025,100
2025-04-11 00:00:00+00:00,12.28263888888889,16.91,144,2025,101
2025-04-12 00:00:00+00:00,12.229305555555555,15.71,144,2025,102
2025-04-13 00:00:00+00:00,12.258472222222222,15.07,144,2025,103
2025-04-14 00:00:00+00:00,13.863263888888888,17.76,144,2025,104
2025-04-15 00:00:00+00:00,13.965416666666666,17.52,144,2025,105
2025-04-16 00:00:00+00:00,10.052590277777778,13.79,144,2025,106
2025-04-17 00:00:00+00:00,7.847847222222222,9.54,144,2025,107
2025-04-18 00:00:00+00:00,10.026145833333334,12.6,144,2025,108
2025-04-19 00:00:00+00:00,12.271597222222223,18.5,144,2025,109
2025-04-20 00:00:00+00:00,11.95861111111111,14.59,144,2025,110
2025-04-21 00:00:00+00:00,11.621944444444445,14.27,144,2025,111
2025-04-22 00:00:00+00:00,13.131250000000001,16.6,144,2025,112
2025-04-23 00:00:00+00:00,11.790416666666665,14.82,144,2025,113
2025-04-24 00:00:00+00:00,10.894166666666667,12.41,144,2025,114
2025-04-25 00:00:00+00:00,12.090902777777778,15.49,144,2025,115
2025-04-26 00:00:00+00:00,12.597638888888888,16.99,144,2025,116
2025-04-27 00:00:00+00:00,13.766041666666666,16.84,144,2025,117
2025-04-28 00:00:00+00:00,15.099375,20.54,144,2025,118
2025-04-29 00:00:00+00:00,16.515208333333334,20.92,144,2025,119
2025-04-30 00:00:00+00:00,17.28236111111111,22.04,144,2025,120
2025-05-01 00:00:00+00:00,17.469930555555557,22.02,144,2025,121
2025-05-02 00:00:00+00:00,18.69222222222222,23.6,144,2025,122
2025-05-03 00:00:00+00:00,16.323888888888888,18.99,144,2025,123
2025-05-04 00:00:00+00:00,14.963541666666666,17.75,144,2025,124
2025-05-05 00:00:00+00:00,10.348958333333334,12.36,144,2025,125
2025-05-06 00:00:00+00:00,10.050069444444444,11.16,144,2025,126
2025-05-07 00:00:00+00:00,10.311388888888889,11.4,144,2025,127
2025-05-08 00:00:00+00:00,11.916666666666666,14.17,144,2025,128
2025-05-09 00:00:00+00:00,12.23625,15.33,144,2025,129
2025-05-10 00:00:00+00:00,13.226111111111111,16.89,144,2025,130
2025-05-11 00:00:00+00:00,15.276805555555557,21.23,144,2025,131
2025-05-12 00:00:00+00:00,12.413333333333334,13.23,144,2025,132
2025-05-13 00:00:00+00:00,13.704722222222223,18.91,144,2025,133
2025-05-14 00:00:00+00:00,15.431736111111112,19.75,144,2025,134
2025-05-15 00:00:00+00:00,16.505069444444445,21.89,144,2025,135
2025-05-16 00:00:00+00:00,15.206666666666669,18.45,144,2025,136
2025-05-17 00:00:00+00:00,14.572708333333331,18.94,144,2025,137
2025-05-18 00:00:00+00:00,15.030347222222222,18.35,144,2025,138
2025-05-19 00:00:00+00:00,15.52611111111111,19.0,144,2025,139
2025-05-20 00:00:00+00:00,14.830833333333333,16.58,144,2025,140
2025-05-21 00:00:00+00:00,15.233472222222222,18.41,144,2025,141
2025-05-22 00:00:00+00:00,12.339097222222222,14.44,144,2025,142
2025-05-23 00:00:00+00:00,12.897569444444445,16.16,144,2025,143
2025-05-24 00:00:00+00:00,14.0075,16.86,144,2025,144
2025-05-25 00:00:00+00:00,15.959930555555555,18.2,144,2025,145
2025-05-26 00:00:00+00:00,16.41465277777778,19.14,144,2025,146
2025-05-27 00:00:00+00:00,16.59347222222222,19.08,144,2025,147
2025-05-28 00:00:00+00:00,15.46027777777778,17.2,144,2025,148
2025-05-29 00:00:00+00:00,17.603680555555556,22.89,144,2025,149
2025-05-30 00:00:00+00:00,19.023402777777775,23.72,144,2025,150
2025-05-31 00:00:00+00:00,20.931875,24.76,144,2025,151
2025-06-01 00:00:00+00:00,20.353541666666665,24.89,144,2025,152
2025-06-02 00:00:00+00:00,18.569375,21.07,144,2025,153
2025-06-03 00:00:00+00:00,19.451666666666668,23.97,144,2025,154
2025-06-04 00:00:00+00:00,18.339305555555555,20.06,144,2025,155
2025-06-05 00:00:00+00:00,18.21201388888889,20.44,144,2025,156
2025-06-06 00:00:00+00:00,19.30763888888889,22.03,144,2025,157
2025-06-07 00:00:00+00:00,17.71701388888889,19.65,144,2025,158
2025-06-08 00:00:00+00:00,18.22076388888889,20.56,144,2025,159
2025-06-09 00:00:00+00:00,17.520694444444445,21.57,144,2025,160
2025-06-10 00:00:00+00:00,19.028402777777778,24.2,144,2025,161
2025-06-11 00:00:00+00:00,20.921458333333334,25.89,144,2025,162
2025-06-12 00:00:00+00:00,21.73138888888889,26.04,144,2025,163
2025-06-13 00:00:00+00:00,24.361875,29.28,144,2025,164
2025-06-14 00:00:00+00:00,24.60840277777778,28.66,144,2025,165
2025-06-15 00:00:00+00:00,22.77104166666667,25.71,144,2025,166
2025-06-16 00:00:00+00:00,20.695416666666667,23.82,144,2025,167
2025-06-17 00:00:00+00:00,20.741319444444443,26.13,144,2025,168
2025-06-18 00:00:00+00:00,22.307291666666668,27.71,144,2025,169
2025-06-19 00:00:00+00:00,23.784930555555558,29.41,144,2025,170
2025-06-20 00:00:00+00:00,24.331180555555555,29.65,144,2025,171
2025-06-21 00:00:00+00:00,22.600069444444443,25.85,144,2025,172
2025-06-22 00:00:00+00:00,23.45951388888889,27.13,144,2025,173
2025-06-23 00:00:00+00:00,24.738055555555558,28.24,144,2025,174
2025-06-24 00:00:00+00:00,23.157569444444444,26.2,144,2025,175
2025-06-25 00:00:00+00:00,24.186805555555555,30.38,144,2025,176
2025-06-26 00:00:00+00:00,24.616388888888892,26.83,144,2025,177
2025-06-27 00:00:00+00:00,23.999791666666667,28.32,144,2025,178
2025-06-28 00:00:00+00:00,25.978125,32.01,144,2025,179
2025-06-29 00:00:00+00:00,26.848958333333332,30.85,144,2025,180
2025-06-30 00:00:00+00:00,25.440624999999997,29.31,144,2025,181
2025-07-01 00:00:00+00:00,25.42625,32.05,144,2025,182
2025-07-02 00:00:00+00:00,25.058194444444446,29.84,144,2025,183
2025-07-03 00:00:00+00:00,25.475277777777777,30.24,144,2025,184
2025-07-04 00:00:00+00:00,25.124652777777776,28.79,144,2025,185
2025-07-05 00:00:00+00:00,24.27777777777778,29.23,144,2025,186
2025-07-06 00:00:00+00:00,21.524652777777778,24.6,144,2025,187
2025-07-07 00:00:00+00:00,18.202708333333334,21.15,144,2025,188
2025-07-08 00:00:00+00:00,15.177083333333334,16.88,144,2025,189
2025-07-09 00:00:00+00:00,17.643680555555555,22.56,144,2025,190
2025-07-10 00:00:00+00:00,20.3313986013986,25.24,143,2025,191
2025-07-11 00:00:00+00:00,21.972727272727273,27.2,143,2025,192
2025-07-12 00:00:00+00:00,22.228321678321677,26.52,143,2025,193
2025-07-13 00:00:00+00:00,22.80055944055944,26.71,143,2025,194
2025-07-14 00:00:00+00:00,22.163958333333333,25.44,144,2025,195
2025-07-15 00:00:00+00:00,22.43965034965035,25.91,143,2025,196
2025-07-16 00:00:00+00:00,21.342447552447553,24.22,143,2025,197
2025-07-17 00:00:00+00:00,22.417272727272728,26.44,143,2025,198
2025-07-18 00:00:00+00:00,22.85993006993007,27.26,143,2025,199
2025-07-19 00:00:00+00:00,21.521188811188814,23.25,143,2025,200
2025-07-20 00:00:00+00:00,21.405594405594407,25.38,143,2025,201
2025-07-21 00:00:00+00:00,20.687083333333334,23.85,144,2025,202
2025-07-22 00:00:00+00:00,20.692027972027972,23.3,143,2025,203
2025-07-23 00:00:00+00:00,20.43972027972028,24.21,143,2025,204
2025-07-24 00:00:00+00:00,19.894335664335664,22.78,143,2025,205
2025-07-25 00:00:00+00:00,19.46265734265734,22.78,143,2025,206
2025-07-26 00:00:00+00:00,19.50673611111111,21.46,144,2025,207
2025-07-27 00:00:00+00:00,19.033194444444447,23.08,144,2025,208
2025-07-28 00:00:00+00:00,16.823958333333334,19.11,144,2025,209
2025-07-29 00:00:00+00:00,18.558541666666667,22.47,144,2025,210
2025-07-30 00:00:00+00:00,19.034652777777776,22.14,144,2025,211
2025-07-31 00:00:00+00:00,20.790555555555557,24.99,144,2025,212
2025-08-01 00:00:00+00:00,21.483888888888888,24.62,144,2025,213
2025-08-02 00:00:00+00:00,18.886180555555555,21.67,144,2025,214
2025-08-03 00:00:00+00:00,18.83625,22.85,144,2025,215
2025-08-04 00:00:00+00:00,20.096666666666668,24.91,144,2025,216
2025-08-05 00:00:00+00:00,21.976458333333333,26.52,144,2025,217
2025-08-06 00:00:00+00:00,20.30527777777778,23.41,144,2025,218
2025-08-07 00:00:00+00:00,21.422291666666666,26.25,144,2025,219
2025-08-08 00:00:00+00:00,23.89326388888889,29.36,144,2025,220
2025-08-09 00:00:00+00:00,25.013541666666665,30.35,144,2025,221
2025-08-10 00:00:00+00:00,26.522638888888892,31.79,144,2025,222
2025-08-11 00:00:00+00:00,24.560555555555553,28.53,144,2025,223
2025-08-12 00:00:00+00:00,25.797727272727272,31.18,110,2025,224
2025-08-13 00:00:00+00:00,27.63041958041958,35.96,143,2025,225
2025-08-14 00:00:00+00:00,26.54867132867133,30.72,143,2025,226
2025-08-15 00:00:00+00:00,25.171041666666667,32.96,144,2025,227
2025-08-16 00:00:00+00:00,25.501319444444444,30.78,144,2025,228
2025-08-17 00:00:00+00:00,24.432361111111113,28.76,144,2025,229
2025-08-18 00:00:00+00:00,23.403680555555557,27.85,144,2025,230
2025-08-19 00:00:00+00:00,22.128611111111113,24.56,144,2025,231
2025-08-20 00:00:00+00:00,19.17458333333333,20.38,144,2025,232
2025-08-21 00:00:00+00:00,18.55430555555556,21.45,144,2025,233
2025-08-22 00:00:00+00:00,19.904861111111114,23.63,144,2025,234
2025-08-23 00:00:00+00:00,19.714166666666667,22.9,144,2025,235
2025-08-24 00:00:00+00:00,19.478819444444444,24.31,144,2025,236
2025-08-25 00:00:00+00:00,19.82201388888889,23.45,144,2025,237
2025-08-26 00:00:00+00:00,21.444265734265734,25.96,143,2025,238
2025-08-27 00:00:00+00:00,21.881944444444443,24.61,144,2025,239
2025-08-28 00:00:00+00:00,18.549791666666668,21.94,144,2025,240
2025-08-29 00:00:00+00:00,17.62326388888889,21.3,144,2025,241
2025-08-30 00:00:00+00:00,16.952083333333334,20.77,144,2025,242
2025-08-31 00:00:00+00:00,19.117222222222225,23.47,144,2025,243
2025-09-01 00:00:00+00:00,17.258819444444445,19.95,144,2025,244
2025-09-02 00:00:00+00:00,17.47625,21.39,144,2025,245
2025-09-03 00:00:00+00:00,19.674236111111114,22.39,144,2025,246
2025-09-04 00:00:00+00:00,19.045555555555556,22.22,144,2025,247
2025-09-05 00:00:00+00:00,18.00375,21.35,144,2025,248
2025-09-06 00:00:00+00:00,16.90972222222222,20.19,144,2025,249
2025-09-07 00:00:00+00:00,18.498194444444447,22.99,144,2025,250
2025-09-08 00:00:00+00:00,19.211736111111108,20.39,144,2025,251
2025-09-09 00:00:00+00:00,18.712222222222223,21.82,144,2025,252
2025-09-10 00:00:00+00:00,18.575069444444445,21.09,144,2025,253
2025-09-11 00:00:00+00:00,18.9475,20.74,144,2025,254
2025-09-12 00:00:00+00:00,17.919583333333335,20.09,144,2025,255
2025-09-13 00:00:00+00:00,15.827569444444444,18.33,144,2025,256
2025-09-14 00:00:00+00:00,18.004583333333333,20.49,144,2025,257
2025-09-15 00:00:00+00:00,20.1625,24.02,144,2025,258
2025-09-16 00:00:00+00:00,17.418819444444445,19.61,144,2025,259
2025-09-17 00:00:00+00:00,16.70611111111111,20.88,144,2025,260
2025-09-18 00:00:00+00:00,18.173402777777778,23.02,144,2025,261
2025-09-19 00:00:00+00:00,19.054861111111112,23.16,144,2025,262
2025-09-20 00:00:00+00:00,20.498611111111114,23.82,144,2025,263
2025-09-21 00:00:00+00:00,19.464375,21.96,144,2025,264
2025-09-22 00:00:00+00:00,15.981319444444445,17.1,144,2025,265
2025-09-23 00:00:00+00:00,13.56,14.92,144,2025,266
2025-09-24 00:00:00+00:00,12.87375,15.46,144,2025,267
2025-09-25 00:00:00+00:00,12.978541666666667,15.47,144,2025,268
2025-09-26 00:00:00+00:00,11.840763888888889,12.41,144,2025,269
2025-09-27 00:00:00+00:00,13.200902777777777,16.28,144,2025,270
2025-09-28 00:00:00+00:00,12.832708333333334,16.8,144,2025,271
2025-09-29 00:00:00+00:00,14.044097222222222,18.03,144,2025,272
2025-09-30 00:00:00+00:00,14.754583333333333,18.59,144,2025,273
2025-10-01 00:00:00+00:00,13.665555555555555,16.49,144,2025,274
2025-10-02 00:00:00+00:00,11.324930555555556,15.37,144,2025,275
2025-10-03 00:00:00+00:00,12.255694444444444,13.82,144,2025,276
2025-10-04 00:00:00+00:00,14.891458333333333,18.69,144,2025,277
2025-10-05 00:00:00+00:00,11.982083333333334,13.44,144,2025,278
2025-10-06 00:00:00+00:00,12.397152777777778,15.79,144,2025,279
2025-10-07 00:00:00+00:00,13.526319444444445,17.75,144,2025,280
2025-10-08 00:00:00+00:00,13.662500000000001,15.65,144,2025,281
2025-10-09 00:00:00+00:00,14.859861111111112,17.67,144,2025,282
2025-10-10 00:00:00+00:00,14.993888888888888,16.7,144,2025,283
2025-10-11 00:00:00+00:00,13.672569444444443,14.45,144,2025,284
2025-10-12 00:00:00+00:00,13.336875,15.08,144,2025,285
2025-10-13 00:00:00+00:00,12.592569444444443,13.35,144,2025,286
2025-10-14 00:00:00+00:00,12.838958333333332,14.1,144,2025,287
2025-10-15 00:00:00+00:00,11.502291666666666,12.44,144,2025,288
2025-10-16 00:00:00+00:00,12.31659722222222,13.44,144,2025,289
2025-10-17 00:00:00+00:00,11.693472222222221,13.15,144,2025,290
2025-10-18 00:00:00+00:00,11.479097222222222,13.45,144,2025,291
2025-10-19 00:00:00+00:00,11.708541666666667,14.63,144,2025,292
2025-10-20 00:00:00+00:00,13.330208333333333,14.26,144,2025,293
2025-10-21 00:00:00+00:00,14.339305555555557,15.95,144,2025,294
2025-10-22 00:00:00+00:00,15.027083333333334,16.33,144,2025,295
2025-10-23 00:00:00+00:00,13.54826388888889,17.9,144,2025,296
2025-10-24 00:00:00+00:00,10.659166666666668,12.03,144,2025,297
2025-10-25 00:00:00+00:00,10.820486111111112,13.38,144,2025,298
2025-10-26 00:00:00+00:00,10.22625,11.91,144,2025,299
2025-10-27 00:00:00+00:00,10.2825,12.75,144,2025,300
2025-10-28 00:00:00+00:00,11.443402777777777,13.86,144,2025,301
2025-10-29 00:00:00+00:00,10.765555555555556,12.33,144,2025,302
2025-10-30 00:00:00+00:00,12.846319444444443,16.06,144,2025,303
2025-10-31 00:00:00+00:00,12.517847222222223,13.78,144,2025,304
2025-11-01 00:00:00+00:00,12.253472222222221,13.84,144,2025,305
2025-11-02 00:00:00+00:00,11.53125,13.27,144,2025,306
2025-11-03 00:00:00+00:00,10.233145833333333,12.39,144,2025,307
2025-11-04 00:00:00+00:00,8.996951388888888,12.77,144,2025,308
2025-11-05 00:00:00+00:00,8.637409722222223,11.51,144,2025,309
2025-11-06 00:00:00+00:00,8.707923611111111,11.63,144,2025,310
2025-11-07 00:00:00+00:00,9.815763888888888,12.71,144,2025,311
2025-11-08 00:00:00+00:00,8.333409722222221,10.14,144,2025,312
2025-11-09 00:00:00+00:00,9.6681875,11.8,144,2025,313
2025-11-10 00:00:00+00:00,9.277361111111112,11.07,144,2025,314
2025-11-11 00:00:00+00:00,9.506701388888889,11.62,144,2025,315
2025-11-12 00:00:00+00:00,9.314805555555555,11.79,144,2025,316
2025-11-13 00:00:00+00:00,11.646853146853147,14.71,143,2025,317
2025-11-14 00:00:00+00:00,11.939652777777777,17.88,144,2025,318
2025-11-15 00:00:00+00:00,12.112569444444444,13.21,144,2025,319
2025-11-16 00:00:00+00:00,10.204791666666667,11.49,144,2025,320
2025-11-17 00:00:00+00:00,8.628555555555556,11.04,144,2025,321
2025-11-18 00:00:00+00:00,4.254680555555556,6.24,144,2025,322
2025-11-19 00:00:00+00:00,4.754180555555555,7.452,144,2025,323
2025-11-20 00:00:00+00:00,3.7428402777777783,6.133,144,2025,324
2025-11-21 00:00:00+00:00,1.3841666666666665,2.162,144,2025,325
2025-11-22 00:00:00+00:00,0.01050694444444444,1.927,144,2025,326
2025-11-23 00:00:00+00:00,1.7019236111111111,4.724,144,2025,327
2025-11-24 00:00:00+00:00,7.143104166666666,9.08,144,2025,328
2025-11-25 00:00:00+00:00,6.255006944444444,7.405,144,2025,329
2025-11-26 00:00:00+00:00,4.726798611111111,5.556,144,2025,330
2025-11-27 00:00:00+00:00,3.646618055555556,5.033,144,2025,331
2025-11-28 00:00:00+00:00,3.8607430555555555,5.839,144,2025,332
2025-11-29 00:00:00+00:00,5.789444444444444,7.635,144,2025,333
2025-11-30 00:00:00+00:00,6.198680555555556,8.85,144,2025,334
2025-12-01 00:00:00+00:00,5.667145833333333,6.631,144,2025,335
2025-12-02 00:00:00+00:00,5.1036527777777785,6.33,144,2025,336
2025-12-03 00:00:00+00:00,6.151888888888888,6.71,144,2025,337
2025-12-04 00:00:00+00:00,6.502673611111111,7.3,144,2025,338
2025-12-05 00:00:00+00:00,5.904631944444445,7.674,144,2025,339
2025-12-06 00:00:00+00:00,7.770055555555555,10.01,144,2025,340
2025-12-07 00:00:00+00:00,9.164583333333333,10.01,144,2025,341
2025-12-08 00:00:00+00:00,9.736694444444446,12.3,144,2025,342
2025-12-09 00:00:00+00:00,5.9946319444444445,8.05,144,2025,343
2025-12-10 00:00:00+00:00,7.6035,9.44,144,2025,344
2025-12-11 00:00:00+00:00,8.424194444444446,10.54,144,2025,345
2025-12-12 00:00:00+00:00,7.310458333333333,9.23,144,2025,346
2025-12-13 00:00:00+00:00,6.654347222222222,7.515,144,2025,347
2025-12-14 00:00:00+00:00,5.058895833333334,5.988,144,2025,348
2025-12-15 00:00:00+00:00,4.732090277777778,5.209,144,2025,349
2025-12-16 00:00:00+00:00,4.773763888888889,6.073,144,2025,350
2025-12-17 00:00:00+00:00,6.253118055555555,7.102,144,2025,351
2025-12-18 00:00:00+00:00,6.122861111111111,7.541,144,2025,352
2025-12-19 00:00:00+00:00,7.110534722222223,8.29,144,2025,353
2025-12-20 00:00:00+00:00,7.577256944444445,8.08,144,2025,354
2025-12-21 00:00:00+00:00,6.254333333333333,7.063,144,2025,355
2025-12-22 00:00:00+00:00,5.3545694444444445,6.125,144,2025,356
2025-12-23 00:00:00+00:00,2.9539097222222224,4.245,144,2025,357
2025-12-24 00:00:00+00:00,2.629361111111111,3.976,144,2025,358
2025-12-25 00:00:00+00:00,2.183194444444444,2.869,144,2025,359
2025-12-26 00:00:00+00:00,1.9005833333333335,2.6,144,2025,360
2025-12-27 00:00:00+00:00,1.7136180555555556,2.619,144,2025,361
2025-12-28 00:00:00+00:00,0.875375,1.735,144,2025,362
2025-12-29 00:00:00+00:00,1.3416388888888888,1.984,144,2025,363
2025-12-30 00:00:00+00:00,0.3449513888888889,1.997,144,2025,364
2025-12-31 00:00:00+00:00,-0.4885486111111111,1.703,144,2025,365
2026-01-01 00:00:00+00:00,1.4543263888888889,5.372,144,2026,1
2026-01-02 00:00:00+00:00,4.609326388888889,5.793,144,2026,2
2026-01-03 00:00:00+00:00,2.4114652777777774,4.095,144,2026,3
2026-01-04 00:00:00+00:00,-0.6784374999999999,0.983,144,2026,4
2026-01-05 00:00:00+00:00,-2.3220694444444443,-0.838,144,2026,5
2026-01-06 00:00:00+00:00,-2.199159722222222,0.521,144,2026,6
2026-01-07 00:00:00+00:00,-1.3270416666666667,2.112,144,2026,7
2026-01-08 00:00:00+00:00,2.1959999999999997,6.025,144,2026,8
2026-01-09 00:00:00+00:00,7.203354166666666,10.67,144,2026,9
2026-01-10 00:00:00+00:00,3.4403472222222224,4.916,144,2026,10
2026-01-11 00:00:00+00:00,2.7708111888111886,4.09,143,2026,11
2026-01-12 00:00:00+00:00,4.3465138888888895,6.324,144,2026,12
2026-01-13 00:00:00+00:00,5.782622377622378,8.17,143,2026,13
2026-01-14 00:00:00+00:00,7.153465277777777,9.21,144,2026,14
2026-01-15 00:00:00+00:00,6.8438043478260875,9.1,138,2026,15
2026-01-16 00:00:00+00:00,4.246486111111111,5.696,144,2026,16
2026-01-17 00:00:00+00:00,5.842368055555556,6.488,144,2026,17
2026-01-18 00:00:00+00:00,4.947680555555555,6.678,144,2026,18
2026-01-19 00:00:00+00:00,2.1239375,2.943,144,2026,19
2026-01-20 00:00:00+00:00,2.065645833333333,4.247,144,2026,20
2026-01-21 00:00:00+00:00,2.018548611111111,3.565,144,2026,21
2026-01-22 00:00:00+00:00,3.4074305555555555,5.341,144,2026,22
2026-01-23 00:00:00+00:00,4.1538125,5.596,144,2026,23
2026-01-24 00:00:00+00:00,4.4163749999999995,5.571,144,2026,24
2026-01-25 00:00:00+00:00,4.733423611111111,6.178,144,2026,25
2026-01-26 00:00:00+00:00,5.219916666666666,7.537,144,2026,26
2026-01-27 00:00:00+00:00,3.683534722222222,5.295,144,2026,27
2026-01-28 00:00:00+00:00,3.8691319444444443,5.045,144,2026,28
2026-01-29 00:00:00+00:00,4.802138888888889,7.85,144,2026,29
2026-01-30 00:00:00+00:00,4.345354166666667,5.936,144,2026,30
2026-01-31 00:00:00+00:00,4.094027777777778,5.59,144,2026,31
2026-02-01 00:00:00+00:00,4.616590277777778,7.052,144,2026,32
2026-02-02 00:00:00+00:00,6.440909722222222,7.976,144,2026,33
2026-02-03 00:00:00+00:00,6.772506944444444,8.26,144,2026,34
2026-02-04 00:00:00+00:00,4.561236111111111,5.871,144,2026,35
2026-02-05 00:00:00+00:00,5.527173611111111,7.13,144,2026,36
2026-02-06 00:00:00+00:00,6.99525,9.12,144,2026,37
2026-02-07 00:00:00+00:00,5.871368055555555,7.34,144,2026,38
2026-02-08 00:00:00+00:00,5.036652777777778,6.239,144,2026,39
2026-02-09 00:00:00+00:00,4.628722222222222,5.164,144,2026,40
2026-02-10 00:00:00+00:00,6.388993055555556,8.47,144,2026,41
2026-02-11 00:00:00+00:00,7.799708333333332,10.23,144,2026,42
2026-02-12 00:00:00+00:00,8.374138888888888,10.05,144,2026,43
2026-02-13 00:00:00+00:00,6.842666666666667,7.909,144,2026,44
2026-02-14 00:00:00+00:00,7.161472222222222,8.64,144,2026,45
2026-02-15 00:00:00+00:00,4.137111111111111,5.989,144,2026,46
2026-02-16 00:00:00+00:00,7.047375,9.74,144,2026,47
2026-02-17 00:00:00+00:00,6.220645833333333,7.595,144,2026,48
2026-02-18 00:00:00+00:00,5.671756944444444,7.534,144,2026,49
2026-02-19 00:00:00+00:00,6.385944444444444,7.627,144,2026,50
2026-02-20 00:00:00+00:00,6.920138888888889,7.968,144,2026,51
2026-02-21 00:00:00+00:00,6.860548611111111,7.902,144,2026,52
2026-02-22 00:00:00+00:00,6.660131944444444,8.53,144,2026,53
2026-02-23 00:00:00+00:00,9.70926388888889,12.24,144,2026,54
2026-02-24 00:00:00+00:00,9.547854166666667,11.99,144,2026,55
2026-02-25 00:00:00+00:00,8.867166666666668,11.11,144,2026,56
2026-02-26 00:00:00+00:00,8.953486111111111,12.07,144,2026,57
2026-02-27 00:00:00+00:00,8.997340277777777,12.05,144,2026,58
2026-02-28 00:00:00+00:00,9.221055555555557,11.12,144,2026,59
2026-03-01 00:00:00+00:00,8.521555555555556,12.38,144,2026,60
2026-03-02 00:00:00+00:00,7.758666666666667,11.31,144,2026,61
2026-03-03 00:00:00+00:00,8.368291666666668,11.4,144,2026,62
2026-03-04 00:00:00+00:00,8.7598125,12.52,144,2026,63
2026-03-05 00:00:00+00:00,8.606958041958043,10.53,143,2026,64
2026-03-06 00:00:00+00:00,9.253618055555556,11.88,144,2026,65
2026-03-07 00:00:00+00:00,9.604770833333333,13.25,144,2026,66
2026-03-08 00:00:00+00:00,10.173541666666667,13.6,144,2026,67
2026-03-09 00:00:00+00:00,9.934249999999999,12.57,144,2026,68
2026-03-10 00:00:00+00:00,10.093333333333334,12.1,144,2026,69
2026-03-11 00:00:00+00:00,9.7978125,11.98,144,2026,70
2026-03-12 00:00:00+00:00,8.491409722222222,12.02,144,2026,71
2026-03-13 00:00:00+00:00,8.630708333333333,13.58,144,2026,72
2026-03-14 00:00:00+00:00,5.374604166666667,11.19,144,2026,73
2026-03-15 00:00:00+00:00,5.2220763888888895,7.092,144,2026,74
2026-03-16 00:00:00+00:00,6.324388888888889,9.43,144,2026,75
2026-03-17 00:00:00+00:00,9.049638888888888,14.43,144,2026,76
2026-03-18 00:00:00+00:00,8.072027777777778,13.77,144,2026,77
2026-03-19 00:00:00+00:00,8.928145833333334,14.72,144,2026,78
2026-03-20 00:00:00+00:00,8.598354166666667,12.52,144,2026,79
2026-03-21 00:00:00+00:00,8.81451388888889,13.46,144,2026,80
2026-03-22 00:00:00+00:00,7.777006944444444,9.98,144,2026,81
2026-03-23 00:00:00+00:00,8.514076388888888,11.75,144,2026,82
2026-03-24 00:00:00+00:00,8.640875000000001,12.02,144,2026,83
2026-03-25 00:00:00+00:00,8.027652777777778,12.49,144,2026,84
2026-03-26 00:00:00+00:00,3.6281041666666667,6.542,144,2026,85
2026-03-27 00:00:00+00:00,3.853854166666667,6.023,144,2026,86
2026-03-28 00:00:00+00:00,3.661451388888889,6.516,144,2026,87
2026-03-29 00:00:00+00:00,5.764673611111111,8.0,144,2026,88
2026-03-30 00:00:00+00:00,5.651076388888889,7.918,144,2026,89
2026-03-31 00:00:00+00:00,5.44525,7.628,144,2026,90
2026-04-01 00:00:00+00:00,6.195423611111111,8.85,144,2026,91
2026-04-02 00:00:00+00:00,7.590076388888889,11.63,144,2026,92
2026-04-03 00:00:00+00:00,8.986791666666667,12.93,144,2026,93
2026-04-04 00:00:00+00:00,11.184513888888889,14.51,144,2026,94
2026-04-05 00:00:00+00:00,13.087152777777778,19.54,144,2026,95
2026-04-06 00:00:00+00:00,13.540902777777779,17.61,144,2026,96
2026-04-07 00:00:00+00:00,13.72076388888889,17.48,144,2026,97
2026-04-08 00:00:00+00:00,15.058194444444446,19.99,144,2026,98
2026-04-09 00:00:00+00:00,15.388402777777777,21.39,144,2026,99
2026-04-10 00:00:00+00:00,14.879652777777778,18.72,144,2026,100
2026-04-11 00:00:00+00:00,15.079652777777776,19.77,144,2026,101
2026-04-12 00:00:00+00:00,10.81201388888889,15.41,144,2026,102
2026-04-13 00:00:00+00:00,8.73423611111111,9.87,144,2026,103
2026-04-14 00:00:00+00:00,9.823270833333332,11.78,144,2026,104
2026-04-15 00:00:00+00:00,10.975000000000001,14.86,144,2026,105
2026-04-16 00:00:00+00:00,13.563472222222224,19.23,144,2026,106
2026-04-17 00:00:00+00:00,13.71701388888889,19.63,144,2026,107
2026-04-18 00:00:00+00:00,14.780763888888888,18.69,144,2026,108
2026-04-19 00:00:00+00:00,15.617291666666667,19.89,144,2026,109
2026-04-20 00:00:00+00:00,13.269305555555555,17.55,144,2026,110
2026-04-21 00:00:00+00:00,12.009513888888888,17.07,144,2026,111
2026-04-22 00:00:00+00:00,11.130062500000001,17.6,144,2026,112
2026-04-23 00:00:00+00:00,12.528090277777778,17.71,144,2026,113
2026-04-24 00:00:00+00:00,13.613125,18.93,144,2026,114
2026-04-25 00:00:00+00:00,15.16986111111111,22.35,144,2026,115
2026-04-26 00:00:00+00:00,16.232777777777777,22.12,144,2026,116
2026-04-27 00:00:00+00:00,15.64965277777778,20.82,144,2026,117
2026-04-28 00:00:00+00:00,13.983611111111111,15.9,144,2026,118
2026-04-29 00:00:00+00:00,15.710694444444446,19.63,144,2026,119
2026-04-30 00:00:00+00:00,14.677638888888888,20.02,144,2026,120
2026-05-01 00:00:00+00:00,14.228333333333333,17.8,144,2026,121
2026-05-02 00:00:00+00:00,16.69291666666667,20.72,144,2026,122
2026-05-03 00:00:00+00:00,15.382361111111111,17.95,144,2026,123
2026-05-04 00:00:00+00:00,12.943194444444444,14.49,144,2026,124
2026-05-05 00:00:00+00:00,12.818263888888888,15.31,144,2026,125
2026-05-06 00:00:00+00:00,11.777569444444445,13.21,144,2026,126
2026-05-07 00:00:00+00:00,13.603611111111112,18.37,144,2026,127
2026-05-08 00:00:00+00:00,14.530972222222223,18.63,144,2026,128
2026-05-09 00:00:00+00:00,16.489930555555556,22.99,144,2026,129
2026-05-10 00:00:00+00:00,14.816180555555556,17.03,144,2026,130
2026-05-11 00:00:00+00:00,12.659722222222221,15.2,144,2026,131
2026-05-12 00:00:00+00:00,10.666125000000001,14.48,144,2026,132
2026-05-13 00:00:00+00:00,11.936805555555557,14.73,144,2026,133
2026-05-14 00:00:00+00:00,9.527319444444444,11.56,144,2026,134
2026-05-15 00:00:00+00:00,7.672555555555555,9.63,144,2026,135
2026-05-16 00:00:00+00:00,8.761409722222222,11.88,144,2026,136
2026-05-17 00:00:00+00:00,11.138430555555555,15.65,144,2026,137
2026-05-18 00:00:00+00:00,12.024444444444445,14.23,144,2026,138
2026-05-19 00:00:00+00:00,12.541944444444445,15.84,144,2026,139
2026-05-20 00:00:00+00:00,16.164647887323945,21.44,142,2026,140
2026-05-21 00:00:00+00:00,17.683958333333333,21.88,144,2026,141
2026-05-22 00:00:00+00:00,19.044791666666665,24.32,144,2026,142
2026-05-23 00:00:00+00:00,20.722708333333333,25.89,144,2026,143
2026-05-24 00:00:00+00:00,22.54888888888889,29.6,144,2026,144
2026-05-25 00:00:00+00:00,22.788819444444446,27.48,144,2026,145
2026-05-26 00:00:00+00:00,23.2325,28.64,144,2026,146
2026-05-27 00:00:00+00:00,24.483680555555555,30.19,144,2026,147
2026-05-28 00:00:00+00:00,24.688541666666666,29.14,144,2026,148
2026-05-29 00:00:00+00:00,23.91645833333333,29.41,144,2026,149
2026-05-30 00:00:00+00:00,20.673333333333332,27.01,144,2026,150
2026-05-31 00:00:00+00:00,21.57069444444444,26.82,144,2026,151
2026-06-01 00:00:00+00:00,20.890833333333333,24.1,144,2026,152
2026-06-02 00:00:00+00:00,18.118472222222223,21.92,144,2026,153
2026-06-03 00:00:00+00:00,16.844166666666666,18.93,144,2026,154
2026-06-04 00:00:00+00:00,15.272083333333333,17.79,144,2026,155
2026-06-05 00:00:00+00:00,15.134791666666665,18.63,144,2026,156
2026-06-06 00:00:00+00:00,17.68583333333333,21.46,144,2026,157
2026-06-07 00:00:00+00:00,19.439652777777777,21.9,144,2026,158
2026-06-08 00:00:00+00:00,18.953333333333333,22.47,144,2026,159
2026-06-09 00:00:00+00:00,17.906875,18.92,144,2026,160
2026-06-10 00:00:00+00:00,15.15826388888889,16.8,144,2026,161
2026-06-11 00:00:00+00:00,16.17076388888889,19.04,144,2026,162
2026-06-12 00:00:00+00:00,18.75722222222222,23.07,144,2026,163
2026-06-13 00:00:00+00:00,20.758819444444445,27.0,144,2026,164
2026-06-14 00:00:00+00:00,21.986736111111114,27.32,144,2026,165
2026-06-15 00:00:00+00:00,21.206458333333334,26.51,144,2026,166
2026-06-16 00:00:00+00:00,21.801458333333333,26.62,144,2026,167
2026-06-17 00:00:00+00:00,23.562361111111112,27.99,144,2026,168
2026-06-18 00:00:00+00:00,24.865694444444443,30.57,144,2026,169
2026-06-19 00:00:00+00:00,24.15354166666667,30.94,144,2026,170
2026-06-20 00:00:00+00:00,23.65902777777778,27.69,144,2026,171
2026-06-21 00:00:00+00:00,25.192083333333333,29.39,144,2026,172
2026-06-22 00:00:00+00:00,27.679513888888888,34.84,144,2026,173
2026-06-23 00:00:00+00:00,28.307916666666667,34.73,144,2026,174
2026-06-24 00:00:00+00:00,28.18034722222222,34.46,144,2026,175
2026-06-25 00:00:00+00:00,25.951736111111114,30.31,144,2026,176
2026-06-26 00:00:00+00:00,27.385594405594404,31.64,143,2026,177
2026-06-27 00:00:00+00:00,27.365416666666665,30.83,144,2026,178
2026-06-28 00:00:00+00:00,27.837430555555557,33.79,144,2026,179
2026-06-29 00:00:00+00:00,26.56423611111111,31.24,144,2026,180
2026-06-30 00:00:00+00:00,25.280208333333334,28.99,144,2026,181
2026-07-01 00:00:00+00:00,22.795833333333334,23.41,48,2026,182
2026-07-09 00:00:00+00:00,28.711182795698925,32.79,93,2026,190
2026-07-10 00:00:00+00:00,26.226041666666667,30.88,144,2026,191
2026-07-11 00:00:00+00:00,25.86854166666667,28.87,144,2026,192
2026-07-12 00:00:00+00:00,26.855486111111112,33.45,144,2026,193
2026-07-13 00:00:00+00:00,25.470277777777778,28.55,144,2026,194
2026-07-14 00:00:00+00:00,27.363194444444446,32.55,144,2026,195
2026-07-15 00:00:00+00:00,25.309583333333332,27.43,144,2026,196
2026-07-16 00:00:00+00:00,23.86763888888889,29.08,144,2026,197
2026-07-17 00:00:00+00:00,23.976875,28.23,144,2026,198
2026-07-18 00:00:00+00:00,24.834027777777777,28.74,144,2026,199
2026-07-19 00:00:00+00:00,23.954583333333332,28.0,144,2026,200
2026-07-20 00:00:00+00:00,22.839652777777776,27.52,144,2026,201
2026-07-21 00:00:00+00:00,21.63888888888889,26.26,144,2026,202
2026-07-22 00:00:00+00:00,22.246805555555554,26.45,144,2026,203
2026-07-23 00:00:00+00:00,22.993125000000003,27.14,144,2026,204
2026-07-24 00:00:00+00:00,22.270694444444445,26.51,144,2026,205
2026-07-25 00:00:00+00:00,22.80979166666667,25.93,144,2026,206
2026-07-26 00:00:00+00:00,21.21125,23.37,144,2026,207
2026-07-27 00:00:00+00:00,23.439444444444447,25.48,144,2026,208
2026-07-28 00:00:00+00:00,24.142916666666665,28.61,144,2026,209
2026-07-29 00:00:00+00:00,25.98159722222222,31.75,144,2026,210
2026-07-30 00:00:00+00:00,25.98138888888889,31.75,144,2026,211
2026-07-31 00:00:00+00:00,25.607569444444447,28.86,144,2026,212
2026-08-01 00:00:00+00:00,25.763125,30.25,144,2026,213
2026-08-02 00:00:00+00:00,25.957430555555554,30.44,144,2026,214
2026-08-03 00:00:00+00:00,25.757638888888888,29.9,144,2026,215
2026-08-04 00:00:00+00:00,23.90895833333333,29.87,144,2026,216
2026-08-05 00:00:00+00:00,24.402638888888887,29.55,144,2026,217
2026-08-06 00:00:00+00:00,25.679930555555554,29.91,144,2026,218
2026-08-07 00:00:00+00:00,25.03861111111111,29.28,144,2026,219
2026-08-08 00:00:00+00:00,25.121111111111112,29.94,144,2026,220
2026-08-09 00:00:00+00:00,25.374652777777776,29.28,144,2026,221
2026-08-10 00:00:00+00:00,25.759305555555557,30.63,144,2026,222
2026-08-11 00:00:00+00:00,25.507291666666667,29.28,144,2026,223
2026-08-12 00:00:00+00:00,25.80625,30.68,144,2026,224
2026-08-13 00:00:00+00:00,26.65048611111111,31.18,144,2026,225
2026-08-14 00:00:00+00:00,26.635416666666668,31.27,144,2026,226
2026-08-15 00:00:00+00:00,26.124513888888888,30.06,144,2026,227
2026-08-16 00:00:00+00:00,26.656388888888888,31.76,144,2026,228
2026-08-17 00:00:00+00:00,22.50611111111111,24.0,144,2026,229
2026-08-18 00:00:00+00:00,23.89902777777778,27.37,144,2026,230
2026-08-19 00:00:00+00:00,25.533819444444443,30.08,144,2026,231
2026-08-20 00:00:00+00:00,24.24152777777778,27.87,144,2026,232
2026-08-21 00:00:00+00:00,18.44222222222222,20.83,144,2026,233
2026-08-22 00:00:00+00:00,19.905694444444446,23.61,144,2026,234
2026-08-23 00:00:00+00:00,20.490972222222222,25.82,144,2026,235
2026-08-24 00:00:00+00:00,21.574513888888887,25.25,144,2026,236
2026-08-25 00:00:00+00:00,21.648333333333333,24.89,144,2026,237
2026-08-26 00:00:00+00:00,22.89326388888889,26.18,144,2026,238
2026-08-27 00:00:00+00:00,23.624791666666667,26.91,144,2026,239
2026-08-28 00:00:00+00:00,21.71298611111111,24.79,144,2026,240
2026-08-29 00:00:00+00:00,21.126527777777778,24.48,144,2026,241
2026-08-30 00:00:00+00:00,22.290069444444445,26.12,144,2026,242
2026-08-31 00:00:00+00:00,22.21201388888889,24.63,144,2026,243
2026-09-01 00:00:00+00:00,20.849097222222223,25.02,144,2026,244
2026-09-02 00:00:00+00:00,21.430416666666666,25.27,144,2026,245
2026-09-03 00:00:00+00:00,22.1725,26.54,144,2026,246
2026-09-04 00:00:00+00:00,19.727045454545454,21.42,44,2026,247
